{"type": "FeatureCollection", "features": [{"type": "Feature", "properties": {"name": "Al Amwaj", "name_ar": "الأمواج", "admin_level": "10"}, "geometry": {"type": "Polygon", "coordinates": [[[50.129656, 26.139677], [50.12994, 26.140961], [50.132125, 26.153921], [50.132519, 26.15598], [50.159862, 26.151792], [50.16208, 26.151523], [50.161942, 26.147344], [50.161709, 26.14539], [50.161328, 26.143745], [50.159364, 26.137524], [50.157524, 26.131466], [50.157146, 26.129604], [50.156988, 26.127872], [50.152889, 26.128746], [50.153123, 26.12968], [50.151712, 26.129999], [50.128514, 26.133585], [50.128635, 26.134267], [50.129308, 26.138106], [50.129656, 26.139677]]]}}, {"type": "Feature", "properties": {"name": "Al Kawthar", "name_ar": "الكوثر", "admin_level": "10"}, "geometry": {"type": "Polygon", "coordinates": [[[50.129656, 26.139677], [50.1015035, 26.1395971], [50.1083233, 26.1503847], [50.1122949, 26.1591145], [50.114706, 26.158713], [50.132519, 26.15598], [50.132125, 26.153921], [50.12994, 26.140961], [50.129656, 26.139677]]]}}, {"type": "Feature", "properties": {"name": "Al Maha", "name_ar": "المها", "admin_level": "10"}, "geometry": {"type": "Polygon", "coordinates": [[[50.1213796, 26.2021202], [50.1222037, 26.1820914], [50.121184, 26.175707], [50.123859, 26.179432], [50.123925, 26.179523], [50.130609, 26.177859], [50.131876, 26.177722], [50.135903, 26.177103], [50.136495, 26.177012], [50.136547, 26.177287], [50.140747, 26.199501], [50.136653, 26.200102], [50.1213796, 26.2021202]]]}}, {"type": "Feature", "properties": {"name": "Ash Shifa", "name_ar": "الشفاء", "admin_level": "10"}, "geometry": {"type": "Polygon", "coordinates": [[[50.1719646, 26.210548], [50.1698398, 26.212358], [50.1209786, 26.2181846], [50.1213796, 26.2021202], [50.136653, 26.200102], [50.140747, 26.199501], [50.163247, 26.196056], [50.16308, 26.195161], [50.163499, 26.195096], [50.1664266, 26.1947626], [50.1679049, 26.1987931], [50.1678078, 26.1989836], [50.1676548, 26.1991772], [50.1676801, 26.2013316], [50.1669621, 26.2033331], [50.1671437, 26.2034284], [50.1671791, 26.2036128], [50.167155, 26.2037765], [50.1673347, 26.2038655], [50.1673937, 26.2039425], [50.1675439, 26.2041423], [50.1677424, 26.2042626], [50.1679489, 26.2043348], [50.1680696, 26.2042481], [50.1681313, 26.2041038], [50.1682654, 26.2040027], [50.1682828, 26.2039377], [50.1682587, 26.2038739], [50.16838, 26.2037227], [50.168749, 26.204404], [50.169127, 26.204446], [50.16922, 26.204414], [50.169577, 26.205166], [50.1703334, 26.2062263], [50.17102, 26.207083], [50.1715565, 26.2079494], [50.1718354, 26.2087868], [50.1719646, 26.210548]]]}}, {"type": "Feature", "properties": {"name": "Ar Raja", "name_ar": "الرجاء", "admin_level": "10"}, "geometry": {"type": "Polygon", "coordinates": [[[50.136495, 26.177012], [50.135903, 26.177103], [50.131876, 26.177722], [50.130609, 26.177859], [50.123925, 26.179523], [50.123859, 26.179432], [50.121184, 26.175707], [50.120115, 26.174254], [50.119417, 26.172631], [50.118738, 26.171331], [50.1122949, 26.1591145], [50.114706, 26.158713], [50.132519, 26.15598], [50.1329, 26.157964], [50.13646, 26.176827], [50.136495, 26.177012]]]}}, {"type": "Feature", "properties": {"name": "Ash Sheraa", "name_ar": "الشراع", "admin_level": "10"}, "geometry": {"type": "Polygon", "coordinates": [[[50.16208, 26.151523], [50.159862, 26.151792], [50.132519, 26.15598], [50.1329, 26.157964], [50.13646, 26.176827], [50.138093, 26.176583], [50.160972, 26.173057], [50.161762, 26.172958], [50.162853, 26.172886], [50.16258, 26.165363], [50.16208, 26.151523]]]}}, {"type": "Feature", "properties": {"name": "As Sawari", "name_ar": "الصواري", "admin_level": "10"}, "geometry": {"type": "Polygon", "coordinates": [[[50.16438, 26.17819], [50.1653731, 26.1807344], [50.1654024, 26.1809744], [50.165221, 26.1817645], [50.1651859, 26.18218], [50.165338, 26.1825253], [50.1652619, 26.1829408], [50.1654024, 26.1833914], [50.1652444, 26.183883], [50.1651859, 26.1841288], [50.1652268, 26.1843571], [50.1652327, 26.1847316], [50.1654551, 26.185112], [50.1652912, 26.1856621], [50.1653146, 26.1860894], [50.1653263, 26.186499], [50.165496, 26.1870667], [50.1655604, 26.1880967], [50.1654843, 26.1886234], [50.1655663, 26.1891384], [50.1656131, 26.1899636], [50.1658542, 26.1914334], [50.1664266, 26.1947626], [50.163499, 26.195096], [50.16308, 26.195161], [50.163247, 26.196056], [50.140747, 26.199501], [50.136547, 26.177287], [50.136495, 26.177012], [50.13646, 26.176827], [50.138093, 26.176583], [50.160972, 26.173057], [50.161762, 26.172958], [50.162853, 26.172886], [50.16293, 26.174994], [50.162982, 26.175642], [50.163058, 26.175957], [50.163168, 26.176334], [50.163439, 26.176963], [50.163895, 26.177686], [50.164195, 26.178017], [50.16438, 26.17819]]]}}, {"type": "Feature", "properties": {"name": "Al Buhayrah", "name_ar": "البحيرة", "admin_level": "10"}, "geometry": {"type": "Polygon", "coordinates": [[[50.1817326, 26.1828736], [50.1792064, 26.1801861], [50.181613, 26.180254], [50.181847, 26.180374], [50.182023, 26.180553], [50.186649, 26.187561], [50.19186, 26.195398], [50.1721393, 26.2103229], [50.1719646, 26.210548], [50.1718354, 26.2087868], [50.1715565, 26.2079494], [50.17102, 26.207083], [50.1703334, 26.2062263], [50.169577, 26.205166], [50.16922, 26.204414], [50.169127, 26.204446], [50.168749, 26.204404], [50.16838, 26.2037227], [50.1685926, 26.2035695], [50.1685873, 26.2032446], [50.168507, 26.2031007], [50.1684344, 26.2029871], [50.1684236, 26.2028668], [50.1684639, 26.202744], [50.1685685, 26.2026767], [50.1685309, 26.2025611], [50.1685363, 26.2024649], [50.1685953, 26.2023301], [50.1686382, 26.2022555], [50.1686302, 26.201921], [50.1686083, 26.2017004], [50.1686676, 26.2015878], [50.1688877, 26.2014517], [50.1690459, 26.2013795], [50.1691532, 26.2013603], [50.1691977, 26.2012929], [50.1692551, 26.2012772], [50.1693061, 26.2013458], [50.1694134, 26.2013121], [50.1694161, 26.2011846], [50.1694483, 26.2011172], [50.1695394, 26.2010257], [50.1696079, 26.2007797], [50.1696548, 26.2007827], [50.1697433, 26.2006479], [50.1697808, 26.2004289], [50.1699311, 26.2001545], [50.1699391, 26.2000535], [50.1701483, 26.1999018], [50.1702368, 26.1998008], [50.1703227, 26.199654], [50.1703022, 26.1995438], [50.1703817, 26.1992881], [50.1704836, 26.1991606], [50.1700532, 26.1987277], [50.1706922, 26.1975971], [50.1742097, 26.1914475], [50.1748813, 26.1904866], [50.1762074, 26.1887056], [50.177605, 26.1869872], [50.179267, 26.1851789], [50.179579, 26.184999], [50.180089, 26.184483], [50.180939, 26.183474], [50.1817326, 26.1828736]]]}}, {"type": "Feature", "properties": {"name": "Al Khuzama", "name_ar": "الخزامى", "admin_level": "10"}, "geometry": {"type": "Polygon", "coordinates": [[[50.172014, 26.214031], [50.1719646, 26.210548], [50.1721393, 26.2103229], [50.19186, 26.195398], [50.195491, 26.200972], [50.195793, 26.201529], [50.195939, 26.201825], [50.196576, 26.203348], [50.196971, 26.204607], [50.197234, 26.205861], [50.19739, 26.20706], [50.197383, 26.20914], [50.197331, 26.20997], [50.196367, 26.217862], [50.194177, 26.217666], [50.189293, 26.217196], [50.187677, 26.216967], [50.185282, 26.216478], [50.179622, 26.215039], [50.177283, 26.214558], [50.174717, 26.214217], [50.172014, 26.214031]]]}}, {"type": "Feature", "properties": {"name": "Al Jisr", "name_ar": "الجسر", "admin_level": "10"}, "geometry": {"type": "Polygon", "coordinates": [[[50.21332, 26.219351], [50.212776, 26.20143], [50.212764, 26.201066], [50.212757, 26.201066], [50.195793, 26.201529], [50.195939, 26.201825], [50.196576, 26.203348], [50.196971, 26.204607], [50.197234, 26.205861], [50.19739, 26.20706], [50.197383, 26.20914], [50.197331, 26.20997], [50.196367, 26.217862], [50.207038, 26.218799], [50.21332, 26.219351]]]}}, {"type": "Feature", "properties": {"name": "Al Hamra", "name_ar": "الحمراء", "admin_level": "10"}, "geometry": {"type": "Polygon", "coordinates": [[[50.213885, 26.235607], [50.213878, 26.235523], [50.21332, 26.219351], [50.207038, 26.218799], [50.196367, 26.217862], [50.196349, 26.217992], [50.194556, 26.233843], [50.213885, 26.235607]]]}}, {"type": "Feature", "properties": {"name": "At Taawun", "name_ar": "التعاون", "admin_level": "10"}, "geometry": {"type": "Polygon", "coordinates": [[[50.194556, 26.233843], [50.196349, 26.217992], [50.196367, 26.217862], [50.194177, 26.217666], [50.189293, 26.217196], [50.187677, 26.216967], [50.185282, 26.216478], [50.179622, 26.215039], [50.177283, 26.214558], [50.174717, 26.214217], [50.172014, 26.214031], [50.17196, 26.215543], [50.171987, 26.215767], [50.172116, 26.2162], [50.172408, 26.216682], [50.183568, 26.228572], [50.187521, 26.232934], [50.191885, 26.237656], [50.19444, 26.240547], [50.196065, 26.242046], [50.196587, 26.24249], [50.195323, 26.239279], [50.195049, 26.238582], [50.194822, 26.237749], [50.194633, 26.236679], [50.19453, 26.235554], [50.194556, 26.233843]]]}}, {"type": "Feature", "properties": {"name": "Ibn Sina", "name_ar": "ابن سيناء", "admin_level": "10"}, "geometry": {"type": "Polygon", "coordinates": [[[50.213885, 26.235607], [50.194556, 26.233843], [50.19453, 26.235554], [50.194633, 26.236679], [50.194822, 26.237749], [50.195049, 26.238582], [50.195323, 26.239279], [50.196587, 26.24249], [50.196709, 26.24282], [50.196825, 26.243153], [50.196934, 26.243487], [50.197038, 26.243824], [50.197135, 26.244162], [50.197225, 26.244502], [50.19731, 26.244844], [50.197388, 26.245188], [50.197422, 26.245476], [50.197449, 26.245766], [50.19747, 26.246056], [50.197484, 26.246346], [50.197493, 26.246637], [50.197494, 26.246928], [50.19749, 26.247219], [50.197479, 26.247509], [50.197462, 26.2478], [50.197434, 26.24807], [50.1974, 26.24834], [50.197359, 26.248608], [50.197311, 26.248876], [50.197257, 26.249142], [50.197197, 26.249407], [50.202887, 26.24997], [50.21139, 26.250777], [50.212881, 26.237675], [50.213888, 26.237756], [50.214186, 26.237772], [50.214034, 26.237024], [50.213912, 26.235915], [50.2139, 26.235782], [50.213885, 26.235607]]]}}, {"type": "Feature", "properties": {"name": "Sinaiyah Al Fawaziyah", "name_ar": "صناعية الفوازية", "admin_level": "10"}, "geometry": {"type": "Polygon", "coordinates": [[[50.21139, 26.250777], [50.212881, 26.237675], [50.213888, 26.237756], [50.214186, 26.237772], [50.214216, 26.237854], [50.21444, 26.238271], [50.21481, 26.238596], [50.214496, 26.240266], [50.214476, 26.240674], [50.215505, 26.248735], [50.215523, 26.24981], [50.2154, 26.251158], [50.21139, 26.250777]]]}}, {"type": "Feature", "properties": {"name": "Sinaiyah Ath Thuqbah", "name_ar": "صناعية الثقبة", "admin_level": "10"}, "geometry": {"type": "Polygon", "coordinates": [[[50.191305, 26.258659], [50.192606, 26.256771], [50.195153, 26.253602], [50.195787, 26.2527], [50.196334, 26.251743], [50.196684, 26.250994], [50.196972, 26.250213], [50.197197, 26.249407], [50.202887, 26.24997], [50.203471, 26.253949], [50.204795, 26.263365], [50.191305, 26.258659]]]}}, {"type": "Feature", "properties": {"name": "Al Iskan", "name_ar": "الإسكان", "admin_level": "10"}, "geometry": {"type": "Polygon", "coordinates": [[[50.2154, 26.251158], [50.21139, 26.250777], [50.202887, 26.24997], [50.203471, 26.253949], [50.204795, 26.263365], [50.2133314, 26.2663743], [50.2154, 26.251158]]]}}, {"type": "Feature", "properties": {"name": "Al Khubar Al Janubiyah", "name_ar": "الخبر الجنوبية", "admin_level": "10"}, "geometry": {"type": "Polygon", "coordinates": [[[50.217836, 26.279133], [50.215978, 26.27945], [50.207819, 26.280798], [50.204836, 26.28169], [50.200428, 26.28301], [50.19758, 26.283848], [50.19716, 26.281762], [50.197079, 26.281373], [50.197103, 26.281236], [50.197357, 26.280769], [50.198082, 26.279137], [50.204795, 26.263365], [50.2133314, 26.2663743], [50.2134592, 26.2663999], [50.2135687, 26.2664502], [50.2136028, 26.2664275], [50.213779, 26.266424], [50.2150162, 26.2662376], [50.215219, 26.266207], [50.2152513, 26.2663664], [50.217808, 26.278993], [50.217836, 26.279133]]]}}, {"type": "Feature", "properties": {"name": "Ath Thuqbah", "name_ar": "الثقبة", "admin_level": "10"}, "geometry": {"type": "Polygon", "coordinates": [[[50.191305, 26.258659], [50.204795, 26.263365], [50.198082, 26.279137], [50.197357, 26.280769], [50.197103, 26.281236], [50.197079, 26.281373], [50.19716, 26.281762], [50.19758, 26.283848], [50.189383, 26.286262], [50.183658, 26.287947], [50.18152, 26.288552], [50.178982, 26.289322], [50.177682, 26.289766], [50.176334, 26.290256], [50.178117, 26.28823], [50.179583, 26.28582], [50.18164, 26.281292], [50.18637, 26.269941], [50.188373, 26.265442], [50.190951, 26.259272], [50.191305, 26.258659]]]}}, {"type": "Feature", "properties": {"name": "Al Olaya", "name_ar": "العليا", "admin_level": "10"}, "geometry": {"type": "Polygon", "coordinates": [[[50.189383, 26.286262], [50.183658, 26.287947], [50.18152, 26.288552], [50.178982, 26.289322], [50.177682, 26.289766], [50.176334, 26.290256], [50.1651835, 26.2980416], [50.1720285, 26.3026872], [50.175823, 26.308227], [50.184818, 26.30666], [50.184681, 26.306074], [50.183551, 26.300409], [50.183533, 26.299952], [50.189383, 26.286262]]]}}, {"type": "Feature", "properties": {"name": "Al Aqrabiyah", "name_ar": "العقربية", "admin_level": "10"}, "geometry": {"type": "Polygon", "coordinates": [[[50.184818, 26.30666], [50.184681, 26.306074], [50.183551, 26.300409], [50.183533, 26.299952], [50.189383, 26.286262], [50.19758, 26.283848], [50.201533, 26.303068], [50.201713, 26.303938], [50.19026, 26.30584], [50.190039, 26.305877], [50.187545, 26.306291], [50.18501, 26.306626], [50.184818, 26.30666]]]}}, {"type": "Feature", "properties": {"name": "Madinat Al Ummal", "name_ar": "مدينة العمال", "admin_level": "10"}, "geometry": {"type": "Polygon", "coordinates": [[[50.201713, 26.303938], [50.201533, 26.303068], [50.19758, 26.283848], [50.200428, 26.28301], [50.204836, 26.28169], [50.204879, 26.281815], [50.205593, 26.283915], [50.206285, 26.285668], [50.207681, 26.292218], [50.209757, 26.302655], [50.208939, 26.302788], [50.201713, 26.303938]]]}}, {"type": "Feature", "properties": {"name": "Al Khubar Ash Shamaliyah", "name_ar": "الخبر الشمالية", "admin_level": "10"}, "geometry": {"type": "Polygon", "coordinates": [[[50.209757, 26.302655], [50.217371, 26.301438], [50.217539, 26.301412], [50.220558, 26.300893], [50.22218, 26.300581], [50.222177, 26.300572], [50.221614, 26.298266], [50.219318, 26.286226], [50.217836, 26.279133], [50.215978, 26.27945], [50.207819, 26.280798], [50.204836, 26.28169], [50.204879, 26.281815], [50.205593, 26.283915], [50.206285, 26.285668], [50.207681, 26.292218], [50.209757, 26.302655]]]}}, {"type": "Feature", "properties": {"name": "Al Yarmok", "name_ar": "اليرموك", "admin_level": "10"}, "geometry": {"type": "Polygon", "coordinates": [[[50.216678, 26.317709], [50.216004, 26.320865], [50.215718, 26.321967], [50.215679, 26.322397], [50.2156124, 26.3231266], [50.2162909, 26.3230929], [50.22027, 26.321637], [50.221087, 26.32123], [50.221527, 26.320864], [50.221893, 26.320425], [50.222175, 26.319927], [50.222363, 26.319388], [50.223231, 26.314177], [50.223679, 26.311894], [50.223918, 26.309918], [50.223904, 26.309246], [50.22382, 26.308644], [50.22218, 26.300581], [50.220558, 26.300893], [50.217539, 26.301412], [50.217639, 26.302417], [50.217619, 26.303737], [50.216972, 26.31401], [50.216889, 26.315897], [50.216755, 26.317213], [50.216678, 26.317709]]]}}, {"type": "Feature", "properties": {"name": "Al Hizam Al Akhdar", "name_ar": "الحزام الأخضر", "admin_level": "10"}, "geometry": {"type": "Polygon", "coordinates": [[[50.191455, 26.313142], [50.1906, 26.30891], [50.190039, 26.305877], [50.19026, 26.30584], [50.201713, 26.303938], [50.208939, 26.302788], [50.209757, 26.302655], [50.210641, 26.30738], [50.211122, 26.309891], [50.20322, 26.311177], [50.191455, 26.313142]]]}}, {"type": "Feature", "properties": {"name": "Al Hada", "name_ar": "الهدا", "admin_level": "10"}, "geometry": {"type": "Polygon", "coordinates": [[[50.191455, 26.313142], [50.1906, 26.30891], [50.190039, 26.305877], [50.187545, 26.306291], [50.18501, 26.306626], [50.184818, 26.30666], [50.175823, 26.308227], [50.177552, 26.310837], [50.179106, 26.313323], [50.179316, 26.313939], [50.179464, 26.314951], [50.179473, 26.315037], [50.191455, 26.313142]]]}}, {"type": "Feature", "properties": {"name": "Al Bandariyah", "name_ar": "البندرية", "admin_level": "10"}, "geometry": {"type": "Polygon", "coordinates": [[[50.216678, 26.317709], [50.216755, 26.317213], [50.216889, 26.315897], [50.216972, 26.31401], [50.217619, 26.303737], [50.217639, 26.302417], [50.217539, 26.301412], [50.217371, 26.301438], [50.209757, 26.302655], [50.210641, 26.30738], [50.211122, 26.309891], [50.211369, 26.311181], [50.211577, 26.313008], [50.211559, 26.313954], [50.211484, 26.314343], [50.211166, 26.315183], [50.210729, 26.316036], [50.210158, 26.317106], [50.216678, 26.317709]]]}}, {"type": "Feature", "properties": {"name": "Al Bustan", "name_ar": "البستان", "admin_level": "10"}, "geometry": {"type": "Polygon", "coordinates": [[[50.2156124, 26.3231266], [50.215358, 26.323927], [50.215262, 26.32483], [50.214875, 26.326409], [50.214749, 26.326836], [50.211327, 26.326115], [50.205993, 26.325116], [50.206738, 26.323634], [50.207713, 26.321684], [50.210158, 26.317106], [50.216678, 26.317709], [50.216004, 26.320865], [50.215718, 26.321967], [50.215679, 26.322397], [50.2156124, 26.3231266]]]}}, {"type": "Feature", "properties": {"name": "Al Hizam Adh Dhahabi", "name_ar": "الحزام الذهبي", "admin_level": "10"}, "geometry": {"type": "Polygon", "coordinates": [[[50.210158, 26.317106], [50.207713, 26.321684], [50.206738, 26.323634], [50.205993, 26.325116], [50.204288, 26.32477], [50.191806, 26.322175], [50.189517, 26.321777], [50.190225, 26.320008], [50.191511, 26.313411], [50.191455, 26.313142], [50.20322, 26.311177], [50.211122, 26.309891], [50.211369, 26.311181], [50.211577, 26.313008], [50.211559, 26.313954], [50.211484, 26.314343], [50.211166, 26.315183], [50.210729, 26.316036], [50.210158, 26.317106]]]}}, {"type": "Feature", "properties": {"name": "Al Andalus", "name_ar": "الأندلس", "admin_level": "10"}, "geometry": {"type": "Polygon", "coordinates": [[[50.188186, 26.334302], [50.188156, 26.334296], [50.183299, 26.333363], [50.179146, 26.332646], [50.179261, 26.330195], [50.179261, 26.328285], [50.179394, 26.324068], [50.17955, 26.316298], [50.179473, 26.315037], [50.191455, 26.313142], [50.191511, 26.313411], [50.190225, 26.320008], [50.189517, 26.321777], [50.189445, 26.322304], [50.188922, 26.326924], [50.188186, 26.334302]]]}}, {"type": "Feature", "properties": {"name": "Al Jawharah", "name_ar": "الجوهرة", "admin_level": "10"}, "geometry": {"type": "Polygon", "coordinates": [[[50.189517, 26.321777], [50.191806, 26.322175], [50.204288, 26.32477], [50.205993, 26.325116], [50.204839, 26.327412], [50.200079, 26.336256], [50.199865, 26.33666], [50.198411, 26.336403], [50.188186, 26.334302], [50.188922, 26.326924], [50.189445, 26.322304], [50.189517, 26.321777]]]}}, {"type": "Feature", "properties": {"name": "Ar Rawabi", "name_ar": "الروابي", "admin_level": "10"}, "geometry": {"type": "Polygon", "coordinates": [[[50.211651, 26.33892], [50.210941, 26.338758], [50.199865, 26.33666], [50.200079, 26.336256], [50.204839, 26.327412], [50.205993, 26.325116], [50.211327, 26.326115], [50.214749, 26.326836], [50.213256, 26.331985], [50.212824, 26.333621], [50.211651, 26.33892]]]}}, {"type": "Feature", "properties": {"name": "Qurtubah", "name_ar": "قرطبة", "admin_level": "10"}, "geometry": {"type": "Polygon", "coordinates": [[[50.178788, 26.348646], [50.178884, 26.343958], [50.179039, 26.339407], [50.1790516, 26.3380811], [50.179086, 26.334451], [50.179146, 26.332646], [50.183299, 26.333363], [50.188156, 26.334296], [50.188186, 26.334302], [50.198411, 26.336403], [50.199865, 26.33666], [50.196479, 26.343318], [50.193402, 26.349005], [50.190507, 26.354206], [50.190482, 26.354261], [50.190106, 26.353917], [50.189268, 26.353315], [50.188462, 26.352853], [50.18624, 26.351767], [50.185133, 26.351364], [50.180796, 26.349442], [50.178788, 26.348646]]]}}, {"type": "Feature", "properties": {"name": "Sports City", "name_ar": "المدينة الرياضية", "admin_level": "10"}, "geometry": {"type": "Polygon", "coordinates": [[[50.190482, 26.354261], [50.190106, 26.353917], [50.189268, 26.353315], [50.188462, 26.352853], [50.18624, 26.351767], [50.185133, 26.351364], [50.180796, 26.349442], [50.178788, 26.348646], [50.1785357, 26.3585031], [50.178224, 26.37068], [50.179162, 26.369725], [50.180056, 26.368893], [50.183499, 26.365967], [50.184911, 26.364363], [50.185825, 26.363042], [50.186637, 26.361681], [50.187084, 26.360828], [50.187374, 26.360138], [50.188067, 26.358832], [50.189593, 26.356014], [50.190482, 26.354261]]]}}, {"type": "Feature", "properties": {"name": "Ar Rakah Al Janubiyah", "name_ar": "الراكة الجنوبية", "admin_level": "10"}, "geometry": {"type": "Polygon", "coordinates": [[[50.205488, 26.366713], [50.204659, 26.366306], [50.204076, 26.366011], [50.203592, 26.365767], [50.201898, 26.364911], [50.199669, 26.363785], [50.197904, 26.362895], [50.196153, 26.36201], [50.195556, 26.361709], [50.193689, 26.360984], [50.192646, 26.360579], [50.192614, 26.360566], [50.191468, 26.360136], [50.188067, 26.358832], [50.189593, 26.356014], [50.190482, 26.354261], [50.190507, 26.354206], [50.193402, 26.349005], [50.196479, 26.343318], [50.199865, 26.33666], [50.210941, 26.338758], [50.211651, 26.33892], [50.211455, 26.33968], [50.21128, 26.340269], [50.210836, 26.34237], [50.210333, 26.344685], [50.210329, 26.344701], [50.210328, 26.344713], [50.210229, 26.345421], [50.210179, 26.345779], [50.210117, 26.347018], [50.210147, 26.347936], [50.210272, 26.349256], [50.210313, 26.350498], [50.210331, 26.351027], [50.210298, 26.351484], [50.210236, 26.351944], [50.209887, 26.353229], [50.209748, 26.353663], [50.209649, 26.35397], [50.209313, 26.355013], [50.208817, 26.356303], [50.208701, 26.356606], [50.208646, 26.356747], [50.208443, 26.357277], [50.208258, 26.357759], [50.207501, 26.360057], [50.207337, 26.360551], [50.207225, 26.360887], [50.206707, 26.362448], [50.20668, 26.362531], [50.20657, 26.362951], [50.206221, 26.364721], [50.206076, 26.365398], [50.205985, 26.365694], [50.205818, 26.366105], [50.205704, 26.366325], [50.205529, 26.366652], [50.205488, 26.366713]]]}}, {"type": "Feature", "properties": {"name": "Ar Rakah Ash Shamaliyah", "name_ar": "الراكة الشمالية", "admin_level": "10"}, "geometry": {"type": "Polygon", "coordinates": [[[50.205488, 26.366713], [50.205309, 26.366979], [50.20502, 26.367313], [50.204873, 26.367464], [50.204731, 26.367609], [50.204317, 26.368098], [50.203967, 26.36851], [50.203965, 26.368513], [50.203959, 26.368519], [50.203891, 26.368588], [50.203822, 26.368657], [50.203623, 26.368859], [50.203403, 26.369082], [50.203212, 26.369274], [50.202987, 26.369501], [50.202959, 26.369529], [50.202813, 26.369676], [50.202331, 26.370164], [50.20227, 26.370225], [50.202232, 26.370264], [50.202191, 26.370311], [50.202152, 26.370356], [50.20197, 26.370566], [50.200954, 26.371738], [50.199672, 26.373501], [50.198437, 26.375055], [50.19833, 26.375198], [50.198128, 26.375467], [50.197283, 26.376594], [50.196236, 26.378166], [50.19534, 26.379738], [50.195054, 26.380182], [50.19037, 26.377538], [50.188694, 26.376591], [50.18529, 26.37467], [50.185094, 26.374579], [50.184896, 26.374495], [50.184695, 26.374418], [50.184491, 26.374347], [50.184286, 26.374283], [50.184078, 26.374226], [50.183869, 26.374175], [50.183658, 26.374131], [50.183445, 26.374094], [50.183232, 26.374065], [50.183018, 26.374042], [50.178133, 26.373423], [50.178224, 26.37068], [50.179162, 26.369725], [50.180056, 26.368893], [50.183499, 26.365967], [50.184911, 26.364363], [50.185825, 26.363042], [50.186637, 26.361681], [50.187084, 26.360828], [50.187374, 26.360138], [50.188067, 26.358832], [50.191468, 26.360136], [50.192614, 26.360566], [50.192646, 26.360579], [50.193689, 26.360984], [50.195556, 26.361709], [50.196153, 26.36201], [50.197904, 26.362895], [50.199669, 26.363785], [50.201898, 26.364911], [50.203592, 26.365767], [50.204076, 26.366011], [50.204659, 26.366306], [50.205488, 26.366713]]]}}, {"type": "Feature", "properties": {"name": "Al Aujam", "name_ar": "الاوجام", "admin_level": "10"}, "geometry": {"type": "Polygon", "coordinates": [[[49.953804, 26.5591076], [49.953582, 26.559537], [49.952787, 26.561285], [49.951878, 26.563037], [49.946205, 26.573212], [49.945434, 26.574974], [49.944787, 26.576982], [49.943264, 26.576791], [49.939429, 26.575814], [49.939762, 26.574275], [49.938906, 26.574115], [49.938199, 26.573846], [49.929204, 26.572237], [49.928677, 26.570913], [49.92868, 26.570583], [49.93051, 26.566017], [49.930615, 26.562628], [49.931896, 26.559092], [49.932355, 26.557094], [49.932064, 26.556893], [49.934181, 26.550347], [49.935235, 26.547448], [49.938317, 26.547758], [49.940641, 26.547908], [49.944336, 26.548046], [49.945094, 26.548117], [49.945581, 26.548363], [49.946437, 26.548434], [49.947589, 26.548289], [49.948419, 26.548494], [49.953844, 26.54948], [49.954453, 26.549816], [49.955712, 26.5502131], [49.9556816, 26.5508254], [49.9554777, 26.5529464], [49.9551022, 26.5549905], [49.9545872, 26.5569387], [49.953804, 26.5591076]]]}}, {"type": "Feature", "properties": {"name": "Al Fayha", "name_ar": "الفيحاء", "admin_level": "10"}, "geometry": {"type": "Polygon", "coordinates": [[[49.896659, 26.554876], [49.898192, 26.555913], [49.898648, 26.556189], [49.898877, 26.556321], [49.899059, 26.556422], [49.899186, 26.556491], [49.899707, 26.556759], [49.900063, 26.556928], [49.900307, 26.557047], [49.900566, 26.557179], [49.900873, 26.557328], [49.901113, 26.557442], [49.901501, 26.557617], [49.901863, 26.557771], [49.902128, 26.55788], [49.902406, 26.55799], [49.90266, 26.558086], [49.902857, 26.558158], [49.903039, 26.558223], [49.903198, 26.558279], [49.90348, 26.558374], [49.903733, 26.558454], [49.904014, 26.55854], [49.904281, 26.558621], [49.90452, 26.558688], [49.904715, 26.558742], [49.904913, 26.558798], [49.905201, 26.558879], [49.905614, 26.558995], [49.905926, 26.559083], [49.906226, 26.559167], [49.906558, 26.559261], [49.906753, 26.559315], [49.907012, 26.559386], [49.907362, 26.559482], [49.907781, 26.559596], [49.908033, 26.559665], [49.908226, 26.559718], [49.908686, 26.559844], [49.909, 26.559929], [49.909268, 26.560003], [49.909433, 26.56005], [49.909669, 26.560122], [49.909884, 26.560191], [49.91015, 26.560276], [49.910376, 26.560349], [49.910519, 26.560394], [49.910671, 26.560447], [49.910874, 26.560521], [49.911053, 26.560587], [49.911748, 26.560841], [49.912049, 26.560967], [49.912297, 26.56107], [49.912596, 26.561195], [49.912809, 26.561284], [49.913032, 26.561387], [49.913374, 26.561549], [49.913641, 26.561674], [49.913899, 26.561796], [49.914087, 26.561885], [49.914287, 26.561995], [49.914529, 26.562128], [49.915107, 26.562445], [49.915469, 26.562646], [49.915737, 26.562809], [49.915995, 26.562965], [49.916679, 26.563404], [49.916964, 26.563597], [49.917163, 26.563732], [49.917456, 26.563939], [49.917826, 26.564214], [49.918276, 26.564566], [49.918378, 26.564646], [49.918463, 26.564712], [49.918603, 26.564822], [49.918973, 26.565124], [49.919303, 26.565408], [49.919513, 26.565603], [49.919852, 26.565916], [49.920295, 26.566339], [49.92063, 26.566676], [49.920862, 26.566911], [49.92108, 26.567146], [49.921315, 26.567399], [49.92149, 26.567606], [49.92173, 26.567888], [49.922107, 26.568345], [49.922313, 26.568601], [49.922528, 26.568886], [49.922674, 26.569084], [49.922893, 26.569385], [49.923135, 26.569731], [49.923265, 26.569917], [49.923426, 26.570167], [49.923559, 26.570375], [49.923726, 26.570636], [49.923928, 26.570979], [49.924141, 26.57134], [49.924281, 26.571605], [49.92443, 26.571886], [49.92478, 26.572591], [49.925325, 26.573761], [49.925649, 26.574487], [49.925913, 26.575095], [49.928292, 26.580467], [49.928539, 26.581027], [49.928651, 26.581274], [49.928755, 26.581498], [49.928912, 26.581835], [49.929242, 26.582533], [49.929335, 26.582727], [49.929435, 26.58293], [49.929519, 26.583091], [49.929624, 26.583284], [49.929713, 26.583435], [49.9298, 26.583585], [49.929929, 26.583808], [49.930062, 26.584037], [49.93024, 26.584318], [49.930413, 26.584575], [49.930636, 26.584896], [49.930789, 26.585116], [49.930938, 26.585308], [49.931093, 26.58551], [49.931302, 26.58578], [49.931447, 26.585948], [49.931714, 26.586257], [49.931913, 26.586476], [49.932064, 26.586636], [49.93232, 26.586908], [49.932451, 26.587038], [49.932743, 26.587324], [49.933247, 26.587781], [49.933701, 26.588174], [49.934816, 26.589022], [49.93565, 26.589586], [49.931925, 26.590266], [49.929587, 26.590671], [49.92742, 26.591045], [49.924921, 26.59152], [49.916844, 26.593521], [49.915744, 26.593799], [49.913653, 26.594348], [49.909867, 26.595273], [49.903845, 26.58926], [49.901243, 26.586656], [49.900545, 26.585955], [49.900396, 26.585806], [49.900284, 26.585693], [49.900199, 26.585644], [49.899906, 26.585403], [49.898386, 26.583875], [49.898125, 26.583612], [49.897696, 26.583179], [49.897274, 26.582751], [49.896574, 26.582043], [49.895857, 26.581317], [49.895599, 26.581055], [49.895518, 26.580972], [49.89527, 26.580721], [49.894633, 26.580076], [49.894143, 26.579581], [49.892727, 26.57816], [49.892322, 26.577754], [49.891138, 26.576568], [49.889959, 26.575385], [49.889789, 26.575214], [49.887158, 26.572575], [49.886357, 26.571773], [49.884532, 26.569942], [49.883829, 26.569237], [49.883626, 26.569033], [49.883284, 26.568692], [49.883097, 26.568507], [49.882832, 26.568246], [49.88235, 26.56777], [49.881673, 26.567103], [49.881631, 26.567071], [49.881671, 26.567039], [49.883567, 26.5655], [49.894058, 26.556987], [49.895424, 26.555877], [49.895703, 26.555652], [49.896659, 26.554876]]]}}, {"type": "Feature", "properties": {"name": "An Nahdah", "name_ar": "النهضة", "admin_level": "10"}, "geometry": {"type": "Polygon", "coordinates": [[[49.913317, 26.541348], [49.897021, 26.554582], [49.896659, 26.554876], [49.893825, 26.552945], [49.89212, 26.551783], [49.890434, 26.550647], [49.889517, 26.550009], [49.886836, 26.548144], [49.887596, 26.547258], [49.889944, 26.544565], [49.89092, 26.543632], [49.893134, 26.541718], [49.894417, 26.540725], [49.895739, 26.539778], [49.897703, 26.538503], [49.899624, 26.537395], [49.907429, 26.533314], [49.90789, 26.534419], [49.908623, 26.535925], [49.909116, 26.536789], [49.909711, 26.537662], [49.910662, 26.538827], [49.913317, 26.541348]]]}}, {"type": "Feature", "properties": {"name": "At Talal", "name_ar": "التلال", "admin_level": "10"}, "geometry": {"type": "Polygon", "coordinates": [[[49.918378, 26.564646], [49.918483, 26.564501], [49.918638, 26.564288], [49.918728, 26.564127], [49.918785, 26.564007], [49.918871, 26.563827], [49.918923, 26.563717], [49.918969, 26.563656], [49.919031, 26.563614], [49.919091, 26.563604], [49.919136, 26.563618], [49.91919, 26.563667], [49.919463, 26.563915], [49.919524, 26.563951], [49.919585, 26.563966], [49.919647, 26.563957], [49.919693, 26.563925], [49.919735, 26.563859], [49.919793, 26.563707], [49.919896, 26.563434], [49.920273, 26.562435], [49.920408, 26.56218], [49.921133, 26.560808], [49.921841, 26.559477], [49.922005, 26.559183], [49.924367, 26.554911], [49.926792, 26.550476], [49.92937, 26.545815], [49.93186, 26.541306], [49.93529, 26.535042], [49.93777, 26.530543], [49.93998, 26.526502], [49.940862, 26.524919], [49.941344, 26.524022], [49.942189, 26.522442], [49.942513, 26.521862], [49.943469, 26.520161], [49.944011, 26.519155], [49.944294, 26.518629], [49.944792, 26.517705], [49.945022, 26.517274], [49.945148, 26.517107], [49.945217, 26.517046], [49.945275, 26.51701], [49.945483, 26.516721], [49.945531, 26.516627], [49.945676, 26.516554], [49.945833, 26.516545], [49.945987, 26.516539], [49.946109, 26.516542], [49.946268, 26.516518], [49.946435, 26.516458], [49.946685, 26.516336], [49.946821, 26.516226], [49.946897, 26.516103], [49.947038, 26.515863], [49.947172, 26.515615], [49.947449, 26.515057], [49.947586, 26.514808], [49.947862, 26.514319], [49.948101, 26.513906], [49.948448, 26.513273], [49.948477, 26.51317], [49.948489, 26.512998], [49.94849, 26.512967], [49.948278, 26.513062], [49.947992, 26.513232], [49.94777, 26.513399], [49.947254, 26.513788], [49.94407, 26.516391], [49.938672, 26.520771], [49.932941, 26.525429], [49.927836, 26.529571], [49.925863, 26.53118], [49.924429, 26.532341], [49.922844, 26.533623], [49.922035, 26.534278], [49.918849, 26.536859], [49.916953, 26.538396], [49.916118, 26.539073], [49.915067, 26.539921], [49.914387, 26.540476], [49.913587, 26.54113], [49.913361, 26.541313], [49.913317, 26.541348], [49.897021, 26.554582], [49.896659, 26.554876], [49.898192, 26.555913], [49.898648, 26.556189], [49.898877, 26.556321], [49.899059, 26.556422], [49.899186, 26.556491], [49.899707, 26.556759], [49.900063, 26.556928], [49.900307, 26.557047], [49.900566, 26.557179], [49.900873, 26.557328], [49.901113, 26.557442], [49.901501, 26.557617], [49.901863, 26.557771], [49.902128, 26.55788], [49.902406, 26.55799], [49.90266, 26.558086], [49.902857, 26.558158], [49.903039, 26.558223], [49.903198, 26.558279], [49.90348, 26.558374], [49.903733, 26.558454], [49.904014, 26.55854], [49.904281, 26.558621], [49.90452, 26.558688], [49.904715, 26.558742], [49.904913, 26.558798], [49.905201, 26.558879], [49.905614, 26.558995], [49.905926, 26.559083], [49.906226, 26.559167], [49.906558, 26.559261], [49.906753, 26.559315], [49.907012, 26.559386], [49.907362, 26.559482], [49.907781, 26.559596], [49.908033, 26.559665], [49.908226, 26.559718], [49.908686, 26.559844], [49.909, 26.559929], [49.909268, 26.560003], [49.909433, 26.56005], [49.909669, 26.560122], [49.909884, 26.560191], [49.91015, 26.560276], [49.910376, 26.560349], [49.910519, 26.560394], [49.910671, 26.560447], [49.910874, 26.560521], [49.911053, 26.560587], [49.911748, 26.560841], [49.912049, 26.560967], [49.912297, 26.56107], [49.912596, 26.561195], [49.912809, 26.561284], [49.913032, 26.561387], [49.913374, 26.561549], [49.913641, 26.561674], [49.913899, 26.561796], [49.914087, 26.561885], [49.914287, 26.561995], [49.914529, 26.562128], [49.915107, 26.562445], [49.915469, 26.562646], [49.915737, 26.562809], [49.915995, 26.562965], [49.916679, 26.563404], [49.916964, 26.563597], [49.917163, 26.563732], [49.917456, 26.563939], [49.917826, 26.564214], [49.918276, 26.564566], [49.918378, 26.564646]]]}}, {"type": "Feature", "properties": {"name": "Ar Raihan", "name_ar": "الريحان", "admin_level": "10"}, "geometry": {"type": "Polygon", "coordinates": [[[49.944465, 26.500117], [49.944815, 26.500533], [49.945013, 26.500864], [49.94508, 26.501004], [49.945176, 26.501285], [49.945233, 26.501574], [49.945251, 26.501868], [49.945235, 26.50213], [49.945144, 26.502855], [49.945102, 26.503101], [49.944996, 26.503571], [49.944919, 26.503855], [49.944782, 26.504284], [49.944576, 26.504822], [49.944337, 26.505345], [49.944051, 26.50589], [49.943866, 26.506227], [49.943509, 26.50688], [49.943326, 26.507214], [49.942978, 26.507851], [49.942755, 26.508258], [49.942242, 26.509197], [49.938962, 26.515195], [49.93806, 26.516844], [49.937655, 26.516588], [49.93204, 26.512928], [49.931539, 26.512601], [49.931792, 26.512282], [49.932648, 26.511218], [49.932982, 26.510808], [49.933214, 26.510523], [49.933843, 26.50975], [49.934746, 26.50862], [49.935718, 26.507467], [49.936162, 26.506982], [49.937706, 26.50538], [49.938843, 26.504312], [49.939827, 26.503463], [49.942047, 26.501732], [49.944465, 26.500117]]]}}, {"type": "Feature", "properties": {"name": "Al Maha", "name_ar": "المها", "admin_level": "10"}, "geometry": {"type": "Polygon", "coordinates": [[[49.944465, 26.500117], [49.942047, 26.501732], [49.939827, 26.503463], [49.938843, 26.504312], [49.937706, 26.50538], [49.936162, 26.506982], [49.935158, 26.506397], [49.934424, 26.50547], [49.919431, 26.472859], [49.919646, 26.472117], [49.931122, 26.463976], [49.931935, 26.464168], [49.94765, 26.498349], [49.946137, 26.499133], [49.944465, 26.500117]]]}}, {"type": "Feature", "properties": {"name": "Al Jabal", "name_ar": "الجبل", "admin_level": "10"}, "geometry": {"type": "Polygon", "coordinates": [[[50.063131, 26.57277], [50.063329, 26.572848], [50.063485, 26.572901], [50.063679, 26.572887], [50.063851, 26.572791], [50.063996, 26.572643], [50.064898, 26.571391], [50.065019, 26.571322], [50.065243, 26.570929], [50.064994, 26.570771], [50.064853, 26.570682], [50.063699, 26.570422], [50.062954, 26.57025], [50.062603, 26.570155], [50.062521, 26.570107], [50.061552, 26.569934], [50.061142, 26.569861], [50.060525, 26.569816], [50.059495, 26.572369], [50.059194, 26.573049], [50.058717, 26.574768], [50.058611, 26.575196], [50.058584, 26.5753], [50.058389, 26.575576], [50.0582862, 26.5761428], [50.0593057, 26.576527], [50.0597412, 26.5766198], [50.0598955, 26.5766148], [50.0599916, 26.5764287], [50.060282, 26.5756366], [50.060764, 26.5745966], [50.06205, 26.5734626], [50.062629, 26.5724646], [50.063131, 26.57277]]]}}, {"type": "Feature", "properties": {"name": "Ar Rabeiyah", "name_ar": "الربيعية", "admin_level": "10"}, "geometry": {"type": "Polygon", "coordinates": [[[50.074584, 26.570726], [50.07449, 26.571188], [50.074186, 26.571854], [50.073217, 26.573066], [50.072885, 26.573757], [50.074744, 26.574216], [50.076409, 26.575073], [50.076829, 26.57518], [50.077234, 26.575293], [50.077582, 26.575379], [50.077895, 26.575467], [50.078413, 26.57566], [50.078903, 26.57585], [50.079412, 26.576059], [50.079773, 26.576217], [50.080018, 26.576315], [50.080353, 26.576442], [50.080684, 26.576568], [50.081006, 26.576692], [50.081337, 26.57678], [50.081658, 26.576888], [50.081942, 26.576973], [50.082231, 26.577061], [50.082503, 26.577047], [50.083009, 26.577183], [50.083337, 26.575836], [50.0834, 26.575376], [50.082624, 26.574906], [50.082337, 26.574671], [50.082748, 26.574676], [50.083084, 26.574563], [50.08339, 26.574315], [50.08355, 26.574025], [50.083765, 26.573132], [50.083963, 26.571718], [50.084017, 26.570863], [50.084187, 26.569729], [50.084263, 26.568755], [50.084209, 26.568754], [50.084205, 26.567461], [50.084082, 26.566395], [50.083195, 26.56201], [50.08272, 26.562195], [50.081887, 26.562559], [50.079551, 26.5637], [50.079035, 26.563798], [50.078907, 26.563858], [50.078997, 26.564123], [50.079047, 26.564493], [50.079026, 26.564733], [50.078946, 26.56496], [50.078786, 26.565196], [50.078147, 26.565808], [50.077649, 26.566477], [50.077275, 26.567236], [50.077173, 26.567542], [50.077148, 26.567912], [50.077333, 26.568701], [50.076635, 26.568545], [50.076211, 26.568784], [50.075201, 26.569147], [50.075101, 26.569275], [50.074584, 26.570726]]]}}, {"type": "Feature", "properties": {"name": "Az Zomorod", "name_ar": "الزمرد", "admin_level": "10"}, "geometry": {"type": "Polygon", "coordinates": [[[50.065598, 26.570116], [50.06561, 26.570121], [50.066545, 26.570572], [50.066849, 26.570646], [50.067119, 26.570654], [50.067575, 26.570549], [50.068958, 26.569671], [50.069589, 26.569364], [50.069567, 26.569151], [50.069575, 26.568808], [50.069493, 26.568704], [50.069422, 26.568006], [50.068229, 26.568089], [50.067871, 26.568091], [50.067885, 26.568043], [50.067019, 26.568085], [50.065983, 26.568218], [50.065721, 26.568329], [50.065486, 26.568529], [50.065365, 26.568715], [50.06525, 26.569071], [50.065188, 26.569484], [50.065216, 26.569701], [50.065345, 26.569923], [50.065598, 26.570116]]]}}, {"type": "Feature", "properties": {"name": "Ad Dirah", "name_ar": "الديرة", "admin_level": "10"}, "geometry": {"type": "Polygon", "coordinates": [[[50.063131, 26.57277], [50.063747, 26.573095], [50.064589, 26.573385], [50.064626, 26.573184], [50.065079, 26.5733], [50.065306, 26.573152], [50.067089, 26.57346], [50.06705, 26.573286], [50.067138, 26.572198], [50.067084, 26.572017], [50.067105, 26.571546], [50.06715, 26.571435], [50.067119, 26.570654], [50.066849, 26.570646], [50.066545, 26.570572], [50.06561, 26.570121], [50.065598, 26.570116], [50.065458, 26.570278], [50.065267, 26.570425], [50.064994, 26.570771], [50.065243, 26.570929], [50.065019, 26.571322], [50.064898, 26.571391], [50.063996, 26.572643], [50.063851, 26.572791], [50.063679, 26.572887], [50.063485, 26.572901], [50.063329, 26.572848], [50.063131, 26.57277]]]}}, {"type": "Feature", "properties": {"name": "Al Nakhil", "name_ar": "النخيل", "admin_level": "10"}, "geometry": {"type": "Polygon", "coordinates": [[[50.067089, 26.57346], [50.067126, 26.573622], [50.067243, 26.574009], [50.067288, 26.574605], [50.067377, 26.575048], [50.0665611, 26.578155], [50.06668, 26.578707], [50.06685, 26.579114], [50.066674, 26.580228], [50.066457, 26.580182], [50.066168, 26.580035], [50.065262, 26.579835], [50.064356, 26.579576], [50.064191, 26.580162], [50.063069, 26.580024], [50.063117, 26.57974], [50.062061, 26.579457], [50.061965, 26.579637], [50.060584, 26.579236], [50.059729, 26.579167], [50.059722, 26.579076], [50.0597, 26.578925], [50.059746, 26.578645], [50.059765, 26.57856], [50.059834, 26.578355], [50.059891, 26.57822], [50.059983, 26.577929], [50.059965, 26.577661], [50.059976, 26.577381], [50.059977, 26.577214], [50.05997, 26.576733], [50.0598955, 26.5766148], [50.0599916, 26.5764287], [50.060282, 26.5756366], [50.060764, 26.5745966], [50.06205, 26.5734626], [50.062629, 26.5724646], [50.063131, 26.57277], [50.063747, 26.573095], [50.064589, 26.573385], [50.064626, 26.573184], [50.065079, 26.5733], [50.065306, 26.573152], [50.067089, 26.57346]]]}}, {"type": "Feature", "properties": {"name": "Darin", "name_ar": "دارين", "admin_level": "10"}, "geometry": {"type": "Polygon", "coordinates": [[[50.0745977, 26.548909], [50.0745997, 26.548805], [50.0746087, 26.546796], [50.0740757, 26.545942], [50.0739617, 26.545483], [50.0740187, 26.545027], [50.0742701, 26.5444536], [50.0735567, 26.544429], [50.0719207, 26.54472], [50.071097, 26.5447106], [50.0705397, 26.543244], [50.0705737, 26.543067], [50.0726077, 26.542231], [50.0732537, 26.542045], [50.0742337, 26.541946], [50.0747237, 26.541973], [50.0752737, 26.542067], [50.0787257, 26.543155], [50.0788547, 26.543689], [50.0794807, 26.544462], [50.0804657, 26.547184], [50.0798027, 26.548514], [50.0789857, 26.548759], [50.078726, 26.548825], [50.07848, 26.548862], [50.077696, 26.54883], [50.0745977, 26.548909]]]}}, {"type": "Feature", "properties": {"name": "Al Yamamah", "name_ar": "اليمامة", "admin_level": "10"}, "geometry": {"type": "Polygon", "coordinates": [[[50.067089, 26.57346], [50.06705, 26.573286], [50.067138, 26.572198], [50.067084, 26.572017], [50.067105, 26.571546], [50.06715, 26.571435], [50.067119, 26.570654], [50.067575, 26.570549], [50.068958, 26.569671], [50.069589, 26.569364], [50.06968, 26.569346], [50.07068, 26.569168], [50.071317, 26.569276], [50.07184, 26.569437], [50.072756, 26.569827], [50.073712, 26.570381], [50.074584, 26.570726], [50.07449, 26.571188], [50.074186, 26.571854], [50.073217, 26.573066], [50.072885, 26.573757], [50.074744, 26.574216], [50.076409, 26.575073], [50.076829, 26.57518], [50.076642, 26.575506], [50.076207, 26.576259], [50.075715, 26.577597], [50.074396, 26.577367], [50.072974, 26.577299], [50.072745, 26.577862], [50.072625, 26.577929], [50.071131, 26.577808], [50.070777, 26.577892], [50.07034, 26.578079], [50.069011, 26.578284], [50.068162, 26.578297], [50.0665611, 26.578155], [50.067377, 26.575048], [50.067288, 26.574605], [50.067243, 26.574009], [50.067126, 26.573622], [50.067089, 26.57346]]]}}, {"type": "Feature", "properties": {"name": "As Sadafah", "name_ar": "الصدفة", "admin_level": "10"}, "geometry": {"type": "Polygon", "coordinates": [[[50.060525, 26.569816], [50.061142, 26.569861], [50.061552, 26.569934], [50.062521, 26.570107], [50.062603, 26.570155], [50.062954, 26.57025], [50.063699, 26.570422], [50.064853, 26.570682], [50.064994, 26.570771], [50.065267, 26.570425], [50.065458, 26.570278], [50.065598, 26.570116], [50.065345, 26.569923], [50.065216, 26.569701], [50.065188, 26.569484], [50.06525, 26.569071], [50.065365, 26.568715], [50.065486, 26.568529], [50.065721, 26.568329], [50.065983, 26.568218], [50.067019, 26.568085], [50.067885, 26.568043], [50.067871, 26.568091], [50.068229, 26.568089], [50.069422, 26.568006], [50.069493, 26.568704], [50.069575, 26.568808], [50.069567, 26.569151], [50.069589, 26.569364], [50.06968, 26.569346], [50.07068, 26.569168], [50.071317, 26.569276], [50.07184, 26.569437], [50.072756, 26.569827], [50.073712, 26.570381], [50.074584, 26.570726], [50.075101, 26.569275], [50.075201, 26.569147], [50.076211, 26.568784], [50.076635, 26.568545], [50.077333, 26.568701], [50.077148, 26.567912], [50.077173, 26.567542], [50.077275, 26.567236], [50.077649, 26.566477], [50.078147, 26.565808], [50.078786, 26.565196], [50.078946, 26.56496], [50.079026, 26.564733], [50.079047, 26.564493], [50.078997, 26.564123], [50.078907, 26.563858], [50.079035, 26.563798], [50.079551, 26.5637], [50.081887, 26.562559], [50.08272, 26.562195], [50.083195, 26.56201], [50.083026, 26.56119], [50.083023, 26.561176], [50.082996, 26.56105], [50.08073, 26.560809], [50.079868, 26.560626], [50.079401, 26.560456], [50.078811, 26.560172], [50.076748, 26.559057], [50.075717, 26.558581], [50.074816, 26.558243], [50.071695, 26.557268], [50.071663, 26.557347], [50.071092, 26.558634], [50.069531, 26.558362], [50.069293, 26.558361], [50.06888, 26.55853], [50.06695, 26.559607], [50.064603, 26.56372], [50.063435, 26.565173], [50.063144, 26.565669], [50.062777, 26.566464], [50.061935, 26.566262], [50.061612, 26.567391], [50.061396, 26.567737], [50.060525, 26.569816]]]}}, {"type": "Feature", "properties": {"name": "Sanabis", "name_ar": "سنابس", "admin_level": "10"}, "geometry": {"type": "Polygon", "coordinates": [[[50.0808144, 26.5876238], [50.0799851, 26.5872352], [50.078933, 26.586777], [50.079012, 26.586667], [50.079164, 26.586354], [50.079435, 26.586069], [50.079702, 26.585615], [50.080249, 26.584262], [50.081582, 26.58174], [50.082743, 26.578224], [50.083207, 26.57841], [50.083503, 26.577577], [50.085003, 26.578038], [50.085383, 26.57821], [50.085382, 26.578257], [50.085636, 26.578347], [50.086443, 26.57853], [50.087194, 26.578643], [50.087538, 26.5787], [50.087482, 26.578952], [50.086771, 26.580717], [50.085901, 26.582215], [50.085211, 26.583188], [50.081961, 26.586431], [50.081791, 26.586538], [50.081629, 26.586557], [50.0808144, 26.5876238]]]}}, {"type": "Feature", "properties": {"name": "Al Jawharah", "name_ar": "الجوهرة", "admin_level": "10"}, "geometry": {"type": "Polygon", "coordinates": [[[50.078933, 26.586777], [50.078661, 26.586619], [50.077236, 26.585773], [50.075755, 26.584625], [50.074893, 26.583803], [50.073714, 26.582416], [50.073858, 26.582083], [50.075715, 26.577597], [50.076207, 26.576259], [50.076642, 26.575506], [50.076829, 26.57518], [50.077234, 26.575293], [50.077582, 26.575379], [50.077895, 26.575467], [50.078413, 26.57566], [50.078903, 26.57585], [50.079412, 26.576059], [50.079773, 26.576217], [50.080018, 26.576315], [50.080353, 26.576442], [50.080684, 26.576568], [50.081006, 26.576692], [50.081337, 26.57678], [50.081658, 26.576888], [50.081942, 26.576973], [50.082231, 26.577061], [50.082289, 26.577104], [50.082416, 26.5772], [50.082693, 26.577305], [50.082744, 26.577324], [50.083092, 26.577443], [50.083341, 26.577524], [50.083424, 26.577552], [50.083503, 26.577577], [50.083207, 26.57841], [50.082743, 26.578224], [50.081582, 26.58174], [50.080249, 26.584262], [50.079702, 26.585615], [50.079435, 26.586069], [50.079164, 26.586354], [50.079012, 26.586667], [50.078933, 26.586777]]]}}, {"type": "Feature", "properties": {"name": "An Narjis", "name_ar": "النرجس", "admin_level": "10"}, "geometry": {"type": "Polygon", "coordinates": [[[50.076842, 26.593363], [50.07636, 26.592924], [50.073669, 26.591056], [50.071789, 26.588949], [50.070819, 26.587744], [50.070036, 26.586403], [50.069723, 26.585701], [50.070698, 26.585353], [50.072585, 26.584957], [50.073714, 26.582416], [50.074893, 26.583803], [50.075755, 26.584625], [50.077236, 26.585773], [50.078661, 26.586619], [50.078933, 26.586777], [50.0799851, 26.5872352], [50.07828, 26.5897456], [50.0777489, 26.590657], [50.0775021, 26.5911511], [50.0772607, 26.5917747], [50.077073, 26.5924655], [50.076842, 26.593363]]]}}, {"type": "Feature", "properties": {"name": "Az Zour", "name_ar": "الزور", "admin_level": "10"}, "geometry": {"type": "Polygon", "coordinates": [[[50.078901, 26.594358], [50.076842, 26.593363], [50.07574, 26.594193], [50.075339, 26.594696], [50.075214, 26.595156], [50.075155, 26.595485], [50.075027, 26.596199], [50.078189, 26.596552], [50.078666, 26.596331], [50.079104, 26.595456], [50.078901, 26.594358]]]}}, {"type": "Feature", "properties": {"name": "Al Badi", "name_ar": "البديع", "admin_level": "10"}, "geometry": {"type": "Polygon", "coordinates": [[[49.953804, 26.5591076], [49.9558747, 26.5594818], [49.9565935, 26.5595202], [49.9572909, 26.5594531], [49.9589431, 26.5592035], [49.9587821, 26.5361693], [49.9559069, 26.5362365], [49.9555957, 26.5379546], [49.9554241, 26.5395287], [49.9554026, 26.5405845], [49.955467, 26.5418899], [49.955703, 26.5463241], [49.9557781, 26.5489347], [49.955712, 26.5502131], [49.9556816, 26.5508254], [49.9554777, 26.5529464], [49.9551022, 26.5549905], [49.9545872, 26.5569387], [49.953804, 26.5591076]]]}}, {"type": "Feature", "properties": {"name": "Ar Rimal", "name_ar": "الرمال", "admin_level": "10"}, "geometry": {"type": "Polygon", "coordinates": [[[49.9857384, 26.50484], [49.9891877, 26.5049696], [49.9889409, 26.50159], [49.9898958, 26.4982006], [49.9909258, 26.4942158], [49.9888229, 26.4939854], [49.9857759, 26.4994008], [49.9857384, 26.50484]]]}}, {"type": "Feature", "properties": {"name": "Al Jazirah", "name_ar": "الجزيرة", "admin_level": "10"}, "geometry": {"type": "Polygon", "coordinates": [[[50.013008, 26.549279], [50.012047, 26.550974], [50.011945, 26.551162], [50.011621, 26.551756], [50.011304, 26.552477], [50.010261, 26.555864], [50.013729, 26.556443], [50.01587, 26.551018], [50.016012, 26.550717], [50.013008, 26.549279]]]}}, {"type": "Feature", "properties": {"name": "Al Madaris", "name_ar": "المدارس", "admin_level": "10"}, "geometry": {"type": "Polygon", "coordinates": [[[49.998214, 26.557768], [49.998385, 26.555915], [49.998871, 26.555752], [50.000062, 26.555489], [50.001196, 26.555484], [50.001573, 26.555493], [50.001564, 26.555565], [50.001311, 26.557866], [49.9996, 26.557843], [49.998214, 26.557768]]]}}, {"type": "Feature", "properties": {"name": "Al Jish", "name_ar": "الجش", "admin_level": "10"}, "geometry": {"type": "Polygon", "coordinates": [[[49.9947437, 26.5153614], [49.9946916, 26.5148728], [49.9946648, 26.5142488], [49.9946567, 26.5139608], [49.9947828, 26.5128543], [49.9949491, 26.5117359], [49.9950731, 26.5111205], [49.9915963, 26.510735], [49.9913818, 26.511311], [49.9895793, 26.5108454], [49.9895149, 26.5117287], [49.9867254, 26.511143], [49.9864, 26.511925], [49.986614, 26.512532], [49.987089, 26.514363], [49.986878, 26.514402], [49.986556, 26.516186], [49.986201, 26.517456], [49.985916, 26.518228], [49.985642, 26.518815], [49.985149, 26.519681], [49.984048, 26.521252], [49.985628, 26.521415], [49.9866182, 26.5213529], [49.9888229, 26.5220297], [49.989649, 26.5204553], [49.9926424, 26.5202441], [49.9946725, 26.5207776], [49.994747, 26.520348], [49.99484, 26.520349], [49.995103, 26.520371], [49.995087, 26.519755], [49.995029, 26.519749], [49.994873, 26.516599], [49.994854, 26.51588], [49.9947437, 26.5153614]]]}}, {"type": "Feature", "properties": {"name": "Al Milaha", "name_ar": "الملاحة", "admin_level": "10"}, "geometry": {"type": "Polygon", "coordinates": [[[49.999461, 26.517195], [50.001217, 26.517512], [50.001793, 26.517663], [50.003853, 26.51858], [50.007097, 26.519451], [50.0096972, 26.5084476], [50.0089985, 26.5073555], [50.0084245, 26.506693], [50.00799, 26.5062874], [50.0077647, 26.5061698], [50.0063995, 26.5057857], [50.0061902, 26.5057641], [49.9999997, 26.506465], [49.9985862, 26.5066402], [49.9975187, 26.506765], [49.9973416, 26.506849], [49.9964994, 26.5079652], [49.9955687, 26.5090765], [49.9954346, 26.5092829], [49.9953407, 26.5095181], [49.9951449, 26.5107638], [49.9950731, 26.5111205], [49.9949491, 26.5117359], [49.9947828, 26.5128543], [49.9946567, 26.5139608], [49.9946648, 26.5142488], [49.9946916, 26.5148728], [49.9947437, 26.5153614], [49.995092, 26.515512], [49.996423, 26.51632], [49.996614, 26.516399], [49.998181, 26.51672], [49.999461, 26.517195]]]}}, {"type": "Feature", "properties": {"name": "Al Jarudiyah", "name_ar": "الجارودية", "admin_level": "10"}, "geometry": {"type": "Polygon", "coordinates": [[[49.994298, 26.538416], [49.9943, 26.538488], [49.994265, 26.538856], [49.99303, 26.538867], [49.992942, 26.539402], [49.992478, 26.540856], [49.992399, 26.541208], [49.992432, 26.541244], [49.992175, 26.542078], [49.990386, 26.54199], [49.990266, 26.543599], [49.990345, 26.544238], [49.98867, 26.544368], [49.988643, 26.544276], [49.986944, 26.544094], [49.986834, 26.544229], [49.986558, 26.544232], [49.985477, 26.544005], [49.984213, 26.547885], [49.980028, 26.546968], [49.98074, 26.544845], [49.981784, 26.545075], [49.981849, 26.545033], [49.982235, 26.543603], [49.982473, 26.543103], [49.98261, 26.542928], [49.983575, 26.542161], [49.983896, 26.54145], [49.984427, 26.540801], [49.984527, 26.540504], [49.984767, 26.540341], [49.984861, 26.540103], [49.98523, 26.540087], [49.985271, 26.539891], [49.985784, 26.538629], [49.985827, 26.538676], [49.986521, 26.538914], [49.986858, 26.539415], [49.987102, 26.539466], [49.987423, 26.538588], [49.989598, 26.539209], [49.989611, 26.539173], [49.990097, 26.539122], [49.990724, 26.53833], [49.991498, 26.537877], [49.99196, 26.537553], [49.992342, 26.537048], [49.992655, 26.536501], [49.993175, 26.536614], [49.994355, 26.536764], [49.994365, 26.537516], [49.994298, 26.538416]]]}}, {"type": "Feature", "properties": {"name": "Ar Rayah", "name_ar": "الراية", "admin_level": "10"}, "geometry": {"type": "Polygon", "coordinates": [[[49.984607, 26.526358], [49.983816, 26.526016], [49.983589, 26.525876], [49.982701, 26.525653], [49.979723, 26.525427], [49.979892, 26.524877], [49.98033, 26.52379], [49.981204, 26.521941], [49.984919, 26.514373], [49.983013, 26.514122], [49.982417, 26.514043], [49.976693, 26.513321], [49.975901, 26.51322], [49.971853, 26.512735], [49.975252, 26.508198], [49.980632, 26.509923], [49.980887, 26.509961], [49.985914, 26.509999], [49.985931, 26.510895], [49.9864, 26.511925], [49.986614, 26.512532], [49.987089, 26.514363], [49.986878, 26.514402], [49.986556, 26.516186], [49.986201, 26.517456], [49.985916, 26.518228], [49.985642, 26.518815], [49.985149, 26.519681], [49.984048, 26.521252], [49.985628, 26.521415], [49.985504, 26.522407], [49.985302, 26.522618], [49.985025, 26.522758], [49.985136, 26.523479], [49.985089, 26.524088], [49.984892, 26.525265], [49.984607, 26.526358]]]}}, {"type": "Feature", "properties": {"name": "Al Iskan", "name_ar": "الاسكان", "admin_level": "10"}, "geometry": {"type": "Polygon", "coordinates": [[[49.983013, 26.514122], [49.982417, 26.514043], [49.976693, 26.513321], [49.976504, 26.514468], [49.976354, 26.514695], [49.976181, 26.514838], [49.975861, 26.51496], [49.972982, 26.515459], [49.972715, 26.515601], [49.96902, 26.520477], [49.96896, 26.520614], [49.968972, 26.520953], [49.969458, 26.52324], [49.969551, 26.523404], [49.969759, 26.523574], [49.973646, 26.525934], [49.973804, 26.525982], [49.974073, 26.525964], [49.975707, 26.525617], [49.97846, 26.525009], [49.97862, 26.524961], [49.978784, 26.524842], [49.982242, 26.518236], [49.98243, 26.517783], [49.982603, 26.516774], [49.983013, 26.514122]]]}}, {"type": "Feature", "properties": {"name": "Al Badiah", "name_ar": "البديعة", "admin_level": "10"}, "geometry": {"type": "Polygon", "coordinates": [[[49.9795252, 26.526151], [49.979394, 26.526605], [49.979042, 26.527616], [49.978043, 26.52941], [49.974359, 26.534556], [49.974051, 26.534897], [49.96811, 26.540222], [49.967828, 26.540567], [49.967635, 26.54097], [49.967497, 26.5414], [49.967191, 26.543354], [49.966588, 26.543343], [49.965444, 26.543488], [49.964768, 26.543596], [49.964416, 26.543707], [49.963892, 26.543962], [49.963748, 26.544011], [49.963622, 26.544001], [49.963623, 26.543832], [49.963634, 26.542633], [49.963554, 26.541525], [49.96342, 26.540373], [49.963344, 26.539896], [49.963144, 26.539059], [49.962489, 26.536854], [49.962359, 26.536368], [49.962307, 26.536067], [49.962232, 26.535419], [49.962149, 26.534617], [49.962146, 26.534003], [49.962155, 26.532983], [49.962204, 26.532595], [49.96241, 26.531633], [49.962468, 26.53122], [49.963118, 26.530151], [49.963443, 26.529632], [49.963541, 26.529479], [49.963743, 26.529212], [49.963928, 26.529014], [49.964065, 26.528891], [49.964279, 26.528721], [49.964594, 26.528527], [49.964923, 26.528365], [49.965186, 26.528267], [49.96539, 26.528203], [49.965573, 26.528157], [49.965989, 26.528063], [49.966467, 26.527963], [49.96748, 26.527738], [49.969066, 26.527386], [49.969412, 26.527337], [49.975599, 26.526009], [49.9764, 26.525897], [49.9770588, 26.5258551], [49.9777079, 26.5259319], [49.9786037, 26.5260279], [49.9795252, 26.526151]]]}}, {"type": "Feature", "properties": {"name": "Al Yaqoot", "name_ar": "الياقوت", "admin_level": "10"}, "geometry": {"type": "Polygon", "coordinates": [[[49.98074, 26.544845], [49.981784, 26.545075], [49.981849, 26.545033], [49.982235, 26.543603], [49.982473, 26.543103], [49.98261, 26.542928], [49.983575, 26.542161], [49.983896, 26.54145], [49.984427, 26.540801], [49.984527, 26.540504], [49.984767, 26.540341], [49.984861, 26.540103], [49.98523, 26.540087], [49.985271, 26.539891], [49.985784, 26.538629], [49.985262, 26.538097], [49.985121, 26.537992], [49.984777, 26.537863], [49.98499, 26.534323], [49.985213, 26.533156], [49.98526, 26.53252], [49.985027, 26.532452], [49.985148, 26.531341], [49.985415, 26.529848], [49.984828, 26.529743], [49.984494, 26.527287], [49.984607, 26.526358], [49.983816, 26.526016], [49.983589, 26.525876], [49.982701, 26.525653], [49.979723, 26.525427], [49.9795252, 26.526151], [49.979394, 26.526605], [49.979042, 26.527616], [49.978043, 26.52941], [49.974359, 26.534556], [49.974051, 26.534897], [49.96811, 26.540222], [49.967828, 26.540567], [49.967635, 26.54097], [49.967497, 26.5414], [49.967191, 26.543354], [49.967954, 26.543396], [49.969491, 26.543969], [49.974436, 26.544623], [49.974285, 26.545559], [49.977077, 26.546213], [49.977669, 26.544827], [49.978304, 26.544999], [49.978593, 26.544396], [49.978627, 26.544396], [49.98074, 26.544845]]]}}, {"type": "Feature", "properties": {"name": "Halat Mahish", "name_ar": "حلة محيش", "admin_level": "10"}, "geometry": {"type": "Polygon", "coordinates": [[[49.994298, 26.538416], [49.9943, 26.538488], [49.994265, 26.538856], [49.99303, 26.538867], [49.992942, 26.539402], [49.992478, 26.540856], [49.992399, 26.541208], [49.992432, 26.541244], [49.992175, 26.542078], [49.99332, 26.542253], [49.994186, 26.542193], [49.995128, 26.542069], [49.995382, 26.542023], [49.995414, 26.541974], [49.996488, 26.541758], [49.996522, 26.541388], [49.997431, 26.541313], [49.997496, 26.541395], [49.998276, 26.541116], [49.998697, 26.540668], [49.998783, 26.53996], [49.999078, 26.539856], [49.999369, 26.539562], [49.999676, 26.539368], [50.000087, 26.538797], [50.000116, 26.538809], [50.000452, 26.538193], [50.000418, 26.538183], [50.000422, 26.537813], [50.000608, 26.537779], [50.000563, 26.537433], [50.000303, 26.537438], [50.000283, 26.537384], [50.00033, 26.537111], [50.000424, 26.53696], [50.000601, 26.536812], [50.000788, 26.536737], [50.001762, 26.536658], [50.002677, 26.535459], [50.000067, 26.535159], [49.999354, 26.535039], [49.999183, 26.535428], [49.998028, 26.535318], [49.997977, 26.535354], [49.997929, 26.536112], [49.998056, 26.536093], [49.998088, 26.536556], [49.998337, 26.536523], [49.998593, 26.537387], [49.998237, 26.537342], [49.998149, 26.537709], [49.998006, 26.538004], [49.998445, 26.538161], [49.99835, 26.538614], [49.997478, 26.538607], [49.997024, 26.538916], [49.996909, 26.538919], [49.995615, 26.53875], [49.994615, 26.538414], [49.994298, 26.538416]]]}}, {"type": "Feature", "properties": {"name": "Ath Thuraiya", "name_ar": "الثريا", "admin_level": "10"}, "geometry": {"type": "Polygon", "coordinates": [[[49.9813743, 26.5956634], [49.9826309, 26.5955902], [49.9845639, 26.5954302], [49.9868229, 26.5950172], [49.9874909, 26.5950292], [49.98745, 26.596851], [49.987346, 26.597257], [49.987309, 26.597663], [49.986633, 26.600335], [49.985696, 26.600344], [49.985676, 26.600644], [49.985826, 26.600796], [49.985841, 26.600977], [49.9858, 26.601819], [49.985343, 26.602402], [49.984872, 26.60267], [49.984264, 26.603268], [49.983559, 26.603579], [49.983089, 26.603709], [49.982961, 26.604913], [49.982335, 26.607615], [49.981433, 26.607444], [49.981241, 26.608255], [49.980774, 26.608177], [49.979491, 26.607822], [49.979496, 26.607631], [49.979575, 26.603959], [49.979661, 26.602781], [49.980449, 26.599257], [49.980825, 26.597001], [49.980984, 26.59651], [49.9813743, 26.5956634]]]}}, {"type": "Feature", "properties": {"name": "Ar Rif", "name_ar": "الريف", "admin_level": "10"}, "geometry": {"type": "Polygon", "coordinates": [[[49.979525, 26.591127], [49.979521, 26.59136], [49.979551, 26.593683], [49.979588, 26.593897], [49.979742, 26.594174], [49.9807666, 26.5953316], [49.9811159, 26.5956295], [49.9813743, 26.5956634], [49.980984, 26.59651], [49.980825, 26.597001], [49.980449, 26.599257], [49.979661, 26.602781], [49.979575, 26.603959], [49.979496, 26.607631], [49.979491, 26.607822], [49.979473, 26.608542], [49.977791, 26.607496], [49.976843, 26.606614], [49.969737, 26.598957], [49.970161, 26.59691], [49.970401, 26.596763], [49.970895, 26.594963], [49.970014, 26.594774], [49.970043, 26.594695], [49.970884, 26.592397], [49.972229, 26.590773], [49.972341, 26.590187], [49.973652, 26.590347], [49.979525, 26.591127]]]}}, {"type": "Feature", "properties": {"name": "Al Bawadi", "name_ar": "البوادي", "admin_level": "10"}, "geometry": {"type": "Polygon", "coordinates": [[[49.971624, 26.578691], [49.971139, 26.580349], [49.973273, 26.580802], [49.97308, 26.582811], [49.972698, 26.584425], [49.973856, 26.584568], [49.973405, 26.586296], [49.972904, 26.587563], [49.972949, 26.587634], [49.972474, 26.59002], [49.972341, 26.590187], [49.972229, 26.590773], [49.970884, 26.592397], [49.970043, 26.594695], [49.964125, 26.59316], [49.963559, 26.59256], [49.963333, 26.591216], [49.963755, 26.58626], [49.964108, 26.58276], [49.964095, 26.581103], [49.963374, 26.580559], [49.963223, 26.580185], [49.964775, 26.578291], [49.96498, 26.577975], [49.965836, 26.575828], [49.971906, 26.577255], [49.971973, 26.577495], [49.971624, 26.578691]]]}}, {"type": "Feature", "properties": {"name": "Al Jumaimah", "name_ar": "الجميمة", "admin_level": "10"}, "geometry": {"type": "Polygon", "coordinates": [[[49.982926, 26.579792], [49.982926, 26.579799], [49.982821, 26.580981], [49.982729, 26.581093], [49.982297, 26.581313], [49.982172, 26.581687], [49.982534, 26.58171], [49.982567, 26.582022], [49.982324, 26.582587], [49.981339, 26.582388], [49.981617, 26.583234], [49.981393, 26.584365], [49.981045, 26.584979], [49.980699, 26.586089], [49.980203, 26.586869], [49.979996, 26.587725], [49.979481, 26.587694], [49.979407, 26.588226], [49.979549, 26.588446], [49.979787, 26.588599], [49.979824, 26.588764], [49.979525, 26.591127], [49.973652, 26.590347], [49.972341, 26.590187], [49.972474, 26.59002], [49.972949, 26.587634], [49.972904, 26.587563], [49.973405, 26.586296], [49.973856, 26.584568], [49.972698, 26.584425], [49.97308, 26.582811], [49.973273, 26.580802], [49.971139, 26.580349], [49.971624, 26.578691], [49.972256, 26.578778], [49.972813, 26.576926], [49.973584, 26.576879], [49.983067, 26.578112], [49.982926, 26.579792]]]}}, {"type": "Feature", "properties": {"name": "Al Awamiyah", "name_ar": "العوامية", "admin_level": "10"}, "geometry": {"type": "Polygon", "coordinates": [[[49.984699, 26.58807], [49.98447, 26.588369], [49.983386, 26.589772], [49.983054, 26.590397], [49.982928, 26.590845], [49.982415, 26.59373], [49.982142, 26.594376], [49.9813743, 26.5956634], [49.9811159, 26.5956295], [49.9807666, 26.5953316], [49.979742, 26.594174], [49.979588, 26.593897], [49.979551, 26.593683], [49.979521, 26.59136], [49.979525, 26.591127], [49.979824, 26.588764], [49.979787, 26.588599], [49.979549, 26.588446], [49.979407, 26.588226], [49.979481, 26.587694], [49.979996, 26.587725], [49.980203, 26.586869], [49.980699, 26.586089], [49.981045, 26.584979], [49.981393, 26.584365], [49.981617, 26.583234], [49.981339, 26.582388], [49.982324, 26.582587], [49.982567, 26.582022], [49.982534, 26.58171], [49.982172, 26.581687], [49.982297, 26.581313], [49.982729, 26.581093], [49.982821, 26.580981], [49.982926, 26.579799], [49.982926, 26.579792], [49.983125, 26.579798], [49.985446, 26.579851], [49.985543, 26.579991], [49.986615, 26.580227], [49.986219, 26.581326], [49.98591, 26.581741], [49.985637, 26.58268], [49.985418, 26.583076], [49.985358, 26.583398], [49.985359, 26.584624], [49.98529, 26.585063], [49.985329, 26.585341], [49.985494, 26.58555], [49.9853, 26.585844], [49.985124, 26.586254], [49.984699, 26.58807]]]}}, {"type": "Feature", "properties": {"name": "An Narjis", "name_ar": "النرجس", "admin_level": "10"}, "geometry": {"type": "Polygon", "coordinates": [[[49.9874909, 26.5950292], [49.992098, 26.595176], [49.992279, 26.595139], [49.992459, 26.594987], [49.992548, 26.594827], [49.992382, 26.591666], [49.992412, 26.591528], [49.992493, 26.591423], [49.992654, 26.591325], [49.992931, 26.5913], [49.996313, 26.591294], [49.996556, 26.59126], [49.99676, 26.591137], [49.996846, 26.590939], [49.996799, 26.590079], [49.996431, 26.589241], [49.995708, 26.58781], [49.995502, 26.587095], [49.995393, 26.58641], [49.995467, 26.586212], [49.996302, 26.585369], [49.996061, 26.585203], [49.995796, 26.585158], [49.993633, 26.585542], [49.993106, 26.585706], [49.992823, 26.585731], [49.992261, 26.585682], [49.991839, 26.585737], [49.991106, 26.585976], [49.990635, 26.586], [49.989941, 26.585936], [49.9897077, 26.5859292], [49.989219, 26.586112], [49.988907, 26.586227], [49.985922, 26.586966], [49.985624, 26.587111], [49.985247, 26.587401], [49.98489, 26.587823], [49.984699, 26.58807], [49.98447, 26.588369], [49.983386, 26.589772], [49.983054, 26.590397], [49.982928, 26.590845], [49.982415, 26.59373], [49.982142, 26.594376], [49.9813743, 26.5956634], [49.9826309, 26.5955902], [49.9845639, 26.5954302], [49.9868229, 26.5950172], [49.9874909, 26.5950292]]]}}, {"type": "Feature", "properties": {"name": "Az Zarah", "name_ar": "الزارة", "admin_level": "10"}, "geometry": {"type": "Polygon", "coordinates": [[[49.991939, 26.582477], [49.992652, 26.582728], [49.99519, 26.583606], [49.997439, 26.583721], [49.9971673, 26.5844879], [49.996302, 26.585369], [49.996061, 26.585203], [49.995796, 26.585158], [49.993633, 26.585542], [49.993106, 26.585706], [49.992823, 26.585731], [49.992261, 26.585682], [49.991839, 26.585737], [49.991106, 26.585976], [49.990635, 26.586], [49.989941, 26.585936], [49.9897077, 26.5859292], [49.991939, 26.582477]]]}}, {"type": "Feature", "properties": {"name": "Az Zahra", "name_ar": "الزهراء", "admin_level": "10"}, "geometry": {"type": "Polygon", "coordinates": [[[50.010139, 26.582884], [50.010781, 26.582972], [50.017937, 26.583967], [50.018617, 26.584548], [50.019253, 26.585157], [50.019791, 26.585799], [50.02019, 26.586387], [50.020554, 26.587062], [50.02086, 26.587816], [50.021191, 26.589396], [50.021232, 26.589739], [50.021212, 26.590125], [50.013284, 26.622133], [50.013095, 26.622581], [50.012888, 26.622914], [50.012604, 26.623253], [50.012262, 26.623559], [50.005186, 26.628369], [50.004869, 26.628433], [50.004805, 26.628161], [50.009253, 26.590469], [50.009879, 26.58507], [50.009903, 26.584871], [50.009928, 26.584655], [50.009954, 26.584438], [50.009979, 26.584224], [50.010012, 26.583949], [50.010139, 26.582884]]]}}, {"type": "Feature", "properties": {"name": "Kuwaikib", "name_ar": "الكويكب", "admin_level": "10"}, "geometry": {"type": "Polygon", "coordinates": [[[50.0044394, 26.5549264], [50.0045169, 26.5535929], [50.0045079, 26.5530149], [50.0043769, 26.5514082], [50.0047185, 26.5513664], [50.0051655, 26.5512964], [50.0053235, 26.5510074], [50.0053505, 26.5502754], [50.006969, 26.550646], [50.007262, 26.550026], [50.008042, 26.550218], [50.009067, 26.550373], [50.0081303, 26.5555428], [50.0074251, 26.5554268], [50.00699, 26.555368], [50.006385, 26.555277], [50.004811, 26.555043], [50.0044394, 26.5549264]]]}}, {"type": "Feature", "properties": {"name": "Al Wadiah", "name_ar": "الوديعة", "admin_level": "10"}, "geometry": {"type": "Polygon", "coordinates": [[[50.0081303, 26.5555428], [50.009067, 26.550373], [50.0091766, 26.5503871], [50.010137, 26.550511], [50.0110804, 26.5508428], [50.011945, 26.551162], [50.011621, 26.551756], [50.011304, 26.552477], [50.010261, 26.555864], [50.0081303, 26.5555428]]]}}, {"type": "Feature", "properties": {"name": "Ash Shweikah", "name_ar": "الشويكة", "admin_level": "10"}, "geometry": {"type": "Polygon", "coordinates": [[[50.0043769, 26.5514082], [50.0041519, 26.5503112], [50.0041159, 26.5490992], [50.0042299, 26.5486532], [50.0053349, 26.5459902], [50.006825, 26.546444], [50.007658, 26.546739], [50.009694, 26.547703], [50.013008, 26.549279], [50.012047, 26.550974], [50.011945, 26.551162], [50.0110804, 26.5508428], [50.010137, 26.550511], [50.0091766, 26.5503871], [50.009067, 26.550373], [50.008042, 26.550218], [50.007262, 26.550026], [50.006969, 26.550646], [50.0053505, 26.5502754], [50.0053235, 26.5510074], [50.0051655, 26.5512964], [50.0047185, 26.5513664], [50.0043769, 26.5514082]]]}}, {"type": "Feature", "properties": {"name": "Al Bahr", "name_ar": "البحر", "admin_level": "10"}, "geometry": {"type": "Polygon", "coordinates": [[[50.011636, 26.568928], [50.011163, 26.56885], [50.00781, 26.568396], [50.004925, 26.568003], [50.004434, 26.567932], [50.003946, 26.567854], [50.003636, 26.567796], [50.003666, 26.567239], [50.003858, 26.563678], [50.003964, 26.563383], [50.003991, 26.563293], [50.003984, 26.563061], [50.004635, 26.562968], [50.004902, 26.562932], [50.006476, 26.562638], [50.006556, 26.562792], [50.007207, 26.562686], [50.009999, 26.562579], [50.011773, 26.566128], [50.012008, 26.566421], [50.011636, 26.568928]]]}}, {"type": "Feature", "properties": {"name": "Bab Madinah Ash Shamal", "name_ar": "باب الشمال", "admin_level": "10"}, "geometry": {"type": "Polygon", "coordinates": [[[50.001839, 26.559544], [50.002621, 26.559547], [50.003111, 26.559553], [50.003174, 26.559396], [50.003272, 26.559376], [50.003321, 26.559293], [50.003576, 26.559146], [50.003754, 26.558891], [50.003986, 26.558679], [50.003958, 26.55921], [50.003893, 26.560841], [50.0039243, 26.5617082], [50.0014229, 26.561469], [50.001495, 26.561309], [50.001654, 26.561015], [50.001895, 26.560337], [50.001924, 26.559946], [50.001839, 26.559544]]]}}, {"type": "Feature", "properties": {"name": "Al Madani", "name_ar": "المدني", "admin_level": "10"}, "geometry": {"type": "Polygon", "coordinates": [[[50.001311, 26.557866], [50.001301, 26.558267], [50.001408, 26.558704], [50.001839, 26.559544], [50.001924, 26.559946], [50.001895, 26.560337], [50.001654, 26.561015], [50.001495, 26.561309], [50.0014229, 26.561469], [49.997873, 26.561169], [49.998084, 26.559115], [49.998214, 26.557768], [49.9996, 26.557843], [50.001311, 26.557866]]]}}, {"type": "Feature", "properties": {"name": "Al Husain", "name_ar": "الحسين", "admin_level": "10"}, "geometry": {"type": "Polygon", "coordinates": [[[49.997439, 26.583721], [49.99519, 26.583606], [49.992652, 26.582728], [49.991939, 26.582477], [49.992823, 26.581095], [49.993172, 26.58049], [49.993486, 26.5798], [49.994385, 26.577082], [49.994539, 26.576297], [49.994645, 26.57384], [49.994906, 26.572504], [49.994911, 26.572483], [49.995312, 26.570626], [49.995491, 26.570118], [49.995747, 26.569636], [49.9981145, 26.5662318], [49.9982785, 26.566291], [49.9988643, 26.56657], [50.0009787, 26.5671973], [50.00264, 26.567606], [50.002058, 26.572795], [50.002134, 26.572803], [50.001746, 26.576246], [50.003792, 26.576525], [50.003248, 26.579753], [50.000924, 26.581059], [50.000676, 26.581112], [49.999053, 26.580942], [49.998803, 26.581017], [49.997922, 26.582467], [49.997439, 26.583721]]]}}, {"type": "Feature", "properties": {"name": "Al Qalah", "name_ar": "القلعة", "admin_level": "10"}, "geometry": {"type": "Polygon", "coordinates": [[[50.003986, 26.558679], [50.004046, 26.557967], [50.004061, 26.557764], [50.004439, 26.557814], [50.005085, 26.557952], [50.005623, 26.558136], [50.006616, 26.558696], [50.006618, 26.558719], [50.006843, 26.559594], [50.007616, 26.560685], [50.008042, 26.560985], [50.009181, 26.561242], [50.009335, 26.561227], [50.009488, 26.56156], [50.009999, 26.562579], [50.007207, 26.562686], [50.006556, 26.562792], [50.006476, 26.562638], [50.005826, 26.56138], [50.005758, 26.561326], [50.0039243, 26.5617082], [50.003893, 26.560841], [50.003958, 26.55921], [50.003986, 26.558679]]]}}, {"type": "Feature", "properties": {"name": "Al Wasadah", "name_ar": "الوسادة", "admin_level": "10"}, "geometry": {"type": "Polygon", "coordinates": [[[49.9981145, 26.5662318], [49.996374, 26.565555], [49.997405, 26.563563], [49.997597, 26.563111], [49.997706, 26.562698], [49.997873, 26.561169], [50.0014229, 26.561469], [50.001208, 26.561861], [50.000894, 26.562363], [49.9981145, 26.5662318]]]}}, {"type": "Feature", "properties": {"name": "Ash Shariah", "name_ar": "الشريعة", "admin_level": "10"}, "geometry": {"type": "Polygon", "coordinates": [[[50.00699, 26.555368], [50.006956, 26.555543], [50.006906, 26.555978], [50.006611, 26.558215], [50.006616, 26.558696], [50.005623, 26.558136], [50.005085, 26.557952], [50.004439, 26.557814], [50.004061, 26.557764], [50.004074, 26.557595], [50.0044394, 26.5549264], [50.004811, 26.555043], [50.006385, 26.555277], [50.00699, 26.555368]]]}}, {"type": "Feature", "properties": {"name": "Al Bustan 2", "name_ar": "البستان 2", "admin_level": "10"}, "geometry": {"type": "Polygon", "coordinates": [[[50.003964, 26.563383], [50.003991, 26.563293], [50.003984, 26.563061], [50.003948, 26.562289], [50.0039243, 26.5617082], [50.0014229, 26.561469], [50.001208, 26.561861], [50.000894, 26.562363], [50.002324, 26.562896], [50.002554, 26.563019], [50.003896, 26.563369], [50.003964, 26.563383]]]}}, {"type": "Feature", "properties": {"name": "Ar Rabiah", "name_ar": "الرابعة", "admin_level": "10"}, "geometry": {"type": "Polygon", "coordinates": [[[50.013729, 26.556443], [50.013713, 26.556499], [50.012825, 26.560834], [50.012547, 26.562789], [50.012008, 26.566421], [50.011773, 26.566128], [50.009999, 26.562579], [50.009488, 26.56156], [50.009335, 26.561227], [50.009181, 26.561242], [50.009121, 26.560578], [50.009046, 26.559708], [50.009157, 26.558788], [50.009939, 26.556588], [50.010261, 26.555864], [50.013729, 26.556443]]]}}, {"type": "Feature", "properties": {"name": "Ad Doij", "name_ar": "الدويج", "admin_level": "10"}, "geometry": {"type": "Polygon", "coordinates": [[[50.001573, 26.555493], [50.001196, 26.555484], [50.000062, 26.555489], [49.998871, 26.555752], [49.998385, 26.555915], [49.998458, 26.555122], [49.998612, 26.553619], [49.998785, 26.553621], [50.001109, 26.553547], [50.001172, 26.553613], [50.001653, 26.554063], [50.001668, 26.554234], [50.001693, 26.554718], [50.001573, 26.555493]]]}}, {"type": "Feature", "properties": {"name": "Al Khuwaildiyah", "name_ar": "الخويلدية", "admin_level": "10"}, "geometry": {"type": "Polygon", "coordinates": [[[49.993962, 26.547035], [49.993866, 26.54724], [49.993641, 26.547888], [49.993364, 26.550056], [49.993326, 26.550547], [49.993584, 26.553382], [49.993524, 26.553808], [49.993341, 26.554207], [49.993277, 26.554187], [49.992462, 26.553936], [49.992538, 26.553688], [49.991754, 26.553477], [49.991083, 26.553429], [49.990894, 26.553378], [49.99063, 26.553408], [49.990415, 26.553341], [49.990067, 26.553361], [49.989917, 26.553304], [49.989457, 26.553303], [49.989294, 26.553227], [49.988991, 26.553254], [49.988903, 26.553182], [49.98728, 26.553075], [49.986339, 26.552918], [49.986158, 26.552948], [49.986065, 26.552096], [49.985709, 26.552119], [49.985492, 26.551098], [49.985418, 26.551073], [49.985275, 26.550744], [49.986173, 26.549339], [49.98646, 26.549149], [49.98786, 26.548441], [49.990162, 26.547792], [49.993962, 26.547035]]]}}, {"type": "Feature", "properties": {"name": "Al Masudiyah", "name_ar": "المسعودية", "admin_level": "10"}, "geometry": {"type": "Polygon", "coordinates": [[[50.0043769, 26.5514082], [50.004194, 26.551487], [50.003921, 26.551526], [50.003296, 26.551521], [50.002707, 26.551401], [50.002777, 26.550181], [50.002677, 26.549436], [50.002577, 26.549238], [50.002407, 26.549045], [50.002151, 26.548797], [50.001753, 26.548506], [50.001993, 26.548236], [50.002016, 26.548209], [50.002282, 26.547807], [50.00336, 26.545368], [50.003592, 26.544927], [50.003918, 26.544392], [50.004283, 26.544031], [50.004608, 26.543808], [50.00583, 26.543187], [50.00624, 26.542883], [50.007702, 26.541004], [50.006816, 26.542447], [50.006521, 26.543007], [50.005887, 26.544501], [50.0053349, 26.5459902], [50.0042299, 26.5486532], [50.0041159, 26.5490992], [50.0041519, 26.5503112], [50.0043769, 26.5514082]]]}}, {"type": "Feature", "properties": {"name": "Bab As Sab", "name_ar": "باب الساب", "admin_level": "10"}, "geometry": {"type": "Polygon", "coordinates": [[[49.9981145, 26.5662318], [50.000894, 26.562363], [50.002324, 26.562896], [50.002554, 26.563019], [50.003896, 26.563369], [50.003964, 26.563383], [50.003858, 26.563678], [50.003666, 26.567239], [50.003636, 26.567796], [50.002979, 26.567676], [50.00264, 26.567606], [50.0009787, 26.5671973], [49.9988643, 26.56657], [49.9982785, 26.566291], [49.9981145, 26.5662318]]]}}, {"type": "Feature", "properties": {"name": "Ash Shamasiyyah", "name_ar": "الشماسية", "admin_level": "10"}, "geometry": {"type": "Polygon", "coordinates": [[[50.003984, 26.563061], [50.004635, 26.562968], [50.004902, 26.562932], [50.006476, 26.562638], [50.005826, 26.56138], [50.005758, 26.561326], [50.0039243, 26.5617082], [50.003948, 26.562289], [50.003984, 26.563061]]]}}, {"type": "Feature", "properties": {"name": "Al Qadih", "name_ar": "القديح", "admin_level": "10"}, "geometry": {"type": "Polygon", "coordinates": [[[49.98292, 26.575159], [49.982909, 26.575102], [49.982661, 26.574037], [49.982499, 26.573609], [49.982177, 26.573117], [49.981149, 26.571833], [49.980302, 26.569811], [49.980184, 26.569345], [49.979755, 26.566196], [49.980538, 26.566232], [49.980433, 26.56548], [49.98046, 26.564903], [49.981103, 26.564993], [49.981196, 26.563581], [49.981521, 26.563613], [49.989573, 26.564404], [49.989059, 26.5671877], [49.9897241, 26.5673028], [49.9898314, 26.5683008], [49.9896383, 26.5687806], [49.9892199, 26.5701912], [49.9890053, 26.5709205], [49.9881041, 26.5720623], [49.989295, 26.5721103], [49.9907863, 26.5723022], [49.991129, 26.572414], [49.990937, 26.573214], [49.991915, 26.573469], [49.991954, 26.573523], [49.991776, 26.575242], [49.991685, 26.575284], [49.990883, 26.575206], [49.990719, 26.575963], [49.989481, 26.575783], [49.989479, 26.576034], [49.987785, 26.57585], [49.98533, 26.575465], [49.985127, 26.575646], [49.983141, 26.576187], [49.98292, 26.575159]]]}}, {"type": "Feature", "properties": {"name": "Ash Shahba", "name_ar": "الشهباء", "admin_level": "10"}, "geometry": {"type": "Polygon", "coordinates": [[[49.981196, 26.563581], [49.978313, 26.563301], [49.974793, 26.562856], [49.969448, 26.562041], [49.96832, 26.561778], [49.967895, 26.561632], [49.967064, 26.561299], [49.966254, 26.560905], [49.966829, 26.560198], [49.972358, 26.558724], [49.982177, 26.556851], [49.983201, 26.556798], [49.983377, 26.556044], [49.984294, 26.556125], [49.985826, 26.556403], [49.985863, 26.556644], [49.986797, 26.556957], [49.986502, 26.557266], [49.988015, 26.557747], [49.990143, 26.55835], [49.990184, 26.55828], [49.990369, 26.558417], [49.990574, 26.558588], [49.990681, 26.558606], [49.993314, 26.558332], [49.99352, 26.558396], [49.99679, 26.558744], [49.998084, 26.559115], [49.997873, 26.561169], [49.997706, 26.562698], [49.997597, 26.563111], [49.997405, 26.563563], [49.996374, 26.565555], [49.996088, 26.565436], [49.994845, 26.565005], [49.994073, 26.564846], [49.993212, 26.564748], [49.989573, 26.564404], [49.981521, 26.563613], [49.981196, 26.563581]]]}}, {"type": "Feature", "properties": {"name": "Al Jarrari", "name_ar": "الجراري", "admin_level": "10"}, "geometry": {"type": "Polygon", "coordinates": [[[50.004061, 26.557764], [50.004046, 26.557967], [50.003986, 26.558679], [50.003754, 26.558891], [50.003576, 26.559146], [50.003321, 26.559293], [50.003272, 26.559376], [50.003174, 26.559396], [50.003111, 26.559553], [50.002621, 26.559547], [50.001839, 26.559544], [50.001408, 26.558704], [50.001301, 26.558267], [50.001311, 26.557866], [50.00179, 26.557856], [50.004061, 26.557764]]]}}, {"type": "Feature", "properties": {"name": "At Tawbi", "name_ar": "التوبي", "admin_level": "10"}, "geometry": {"type": "Polygon", "coordinates": [[[49.998214, 26.557768], [49.998385, 26.555915], [49.998458, 26.555122], [49.998612, 26.553619], [49.99871, 26.552664], [49.998839, 26.551879], [49.998976, 26.551621], [49.999191, 26.551372], [49.999259, 26.551298], [49.99829, 26.550912], [49.995252, 26.550028], [49.994594, 26.549958], [49.99371, 26.55004], [49.993364, 26.550056], [49.993326, 26.550547], [49.993584, 26.553382], [49.993524, 26.553808], [49.993341, 26.554207], [49.992354, 26.556183], [49.992085, 26.556423], [49.990885, 26.557084], [49.990774, 26.557208], [49.990443, 26.55781], [49.990184, 26.55828], [49.990369, 26.558417], [49.990574, 26.558588], [49.990681, 26.558606], [49.993314, 26.558332], [49.99352, 26.558396], [49.99679, 26.558744], [49.998084, 26.559115], [49.998214, 26.557768]]]}}, {"type": "Feature", "properties": {"name": "Al Khuzama", "name_ar": "الخزامى", "admin_level": "10"}, "geometry": {"type": "Polygon", "coordinates": [[[50.023098, 26.561241], [50.023043, 26.561985], [50.022694, 26.566732], [50.023763, 26.566881], [50.023098, 26.570637], [50.017522, 26.569973], [50.016154, 26.569774], [50.011636, 26.568928], [50.012008, 26.566421], [50.012547, 26.562789], [50.012825, 26.560834], [50.0151132, 26.5608872], [50.02205, 26.561204], [50.023098, 26.561241]]]}}, {"type": "Feature", "properties": {"name": "Al Jawahir", "name_ar": "الجواهر", "admin_level": "10"}, "geometry": {"type": "Polygon", "coordinates": [[[50.005147, 26.582204], [50.006954, 26.582451], [50.010139, 26.582884], [50.010012, 26.583949], [50.009979, 26.584224], [50.009954, 26.584438], [50.009928, 26.584655], [50.009903, 26.584871], [50.009879, 26.58507], [50.009253, 26.590469], [50.009034, 26.590451], [50.008024, 26.590401], [50.007742, 26.589573], [50.007312, 26.589521], [50.007457, 26.588194], [50.007289, 26.588117], [50.007174, 26.588312], [50.007061, 26.5883], [50.005091, 26.587474], [50.005021, 26.58748], [50.004863, 26.587777], [50.003141, 26.586882], [50.004173, 26.585093], [50.005147, 26.582204]]]}}, {"type": "Feature", "properties": {"name": "Mayyas", "name_ar": "مياس", "admin_level": "10"}, "geometry": {"type": "Polygon", "coordinates": [[[50.001653, 26.554063], [50.001937, 26.554174], [50.0040636, 26.5548468], [50.0044394, 26.5549264], [50.004074, 26.557595], [50.004061, 26.557764], [50.00179, 26.557856], [50.001311, 26.557866], [50.001564, 26.555565], [50.001573, 26.555493], [50.001693, 26.554718], [50.001668, 26.554234], [50.001653, 26.554063]]]}}, {"type": "Feature", "properties": {"name": "Al Bahari", "name_ar": "البحاري", "admin_level": "10"}, "geometry": {"type": "Polygon", "coordinates": [[[49.996374, 26.565555], [49.996088, 26.565436], [49.994845, 26.565005], [49.994073, 26.564846], [49.993212, 26.564748], [49.989573, 26.564404], [49.989059, 26.5671877], [49.9897241, 26.5673028], [49.9898314, 26.5683008], [49.9896383, 26.5687806], [49.9892199, 26.5701912], [49.9890053, 26.5709205], [49.9881041, 26.5720623], [49.989295, 26.5721103], [49.9907863, 26.5723022], [49.991129, 26.572414], [49.991258, 26.572401], [49.991598, 26.57209], [49.992405, 26.572348], [49.992556, 26.572173], [49.994493, 26.572435], [49.994906, 26.572504], [49.994911, 26.572483], [49.995312, 26.570626], [49.995491, 26.570118], [49.995747, 26.569636], [49.9981145, 26.5662318], [49.996374, 26.565555]]]}}, {"type": "Feature", "properties": {"name": "An Nasirah", "name_ar": "الناصرة", "admin_level": "10"}, "geometry": {"type": "Polygon", "coordinates": [[[50.023098, 26.570637], [50.017522, 26.569973], [50.016154, 26.569774], [50.011636, 26.568928], [50.011163, 26.56885], [50.00781, 26.568396], [50.004925, 26.568003], [50.004434, 26.567932], [50.003946, 26.567854], [50.003636, 26.567796], [50.002979, 26.567676], [50.00264, 26.567606], [50.002058, 26.572795], [50.002134, 26.572803], [50.001746, 26.576246], [50.003792, 26.576525], [50.003248, 26.579753], [50.002905, 26.581875], [50.004644, 26.582135], [50.005147, 26.582204], [50.006954, 26.582451], [50.010139, 26.582884], [50.010781, 26.582972], [50.017937, 26.583967], [50.021508, 26.584464], [50.021995, 26.581032], [50.023391, 26.5707004], [50.023098, 26.570637]]]}}, {"type": "Feature", "properties": {"name": "Az Zomorod 2", "name_ar": "الزمرد 2", "admin_level": "10"}, "geometry": {"type": "Polygon", "coordinates": [[[50.001753, 26.548506], [50.000584, 26.54982], [49.999259, 26.551298], [49.99829, 26.550912], [49.995252, 26.550028], [49.994594, 26.549958], [49.99371, 26.55004], [49.993364, 26.550056], [49.993641, 26.547888], [49.993866, 26.54724], [49.993962, 26.547035], [49.99398, 26.547033], [49.995422, 26.547021], [49.996039, 26.546966], [49.996312, 26.546986], [49.99695, 26.547138], [49.997204, 26.547069], [49.997288, 26.546966], [49.998064, 26.543875], [50.000003, 26.544591], [50.000231, 26.544619], [50.000608, 26.544511], [50.00082, 26.544517], [50.00336, 26.545368], [50.002282, 26.547807], [50.002016, 26.548209], [50.001993, 26.548236], [50.001753, 26.548506]]]}}, {"type": "Feature", "properties": {"name": "Al Mashtal", "name_ar": "المشتل", "admin_level": "10"}, "geometry": {"type": "Polygon", "coordinates": [[[49.98292, 26.575159], [49.982909, 26.575102], [49.982661, 26.574037], [49.982499, 26.573609], [49.982177, 26.573117], [49.981149, 26.571833], [49.980302, 26.569811], [49.980184, 26.569345], [49.979755, 26.566196], [49.980538, 26.566232], [49.980433, 26.56548], [49.98046, 26.564903], [49.981103, 26.564993], [49.981196, 26.563581], [49.978313, 26.563301], [49.974793, 26.562856], [49.969448, 26.562041], [49.96832, 26.561778], [49.967895, 26.561632], [49.967064, 26.561299], [49.966254, 26.560905], [49.966216, 26.560979], [49.966245, 26.561469], [49.966489, 26.563624], [49.966401, 26.563879], [49.966023, 26.564548], [49.965954, 26.564887], [49.966053, 26.56607], [49.966175, 26.566588], [49.966344, 26.566882], [49.966823, 26.567502], [49.967077, 26.567978], [49.967403, 26.571512], [49.9674, 26.571928], [49.966139, 26.575076], [49.97135, 26.575139], [49.973551, 26.575902], [49.97374, 26.575826], [49.974623, 26.57581], [49.976115, 26.575701], [49.976646, 26.575567], [49.976779, 26.575575], [49.976949, 26.57568], [49.978179, 26.575562], [49.978855, 26.575579], [49.979446, 26.575463], [49.980256, 26.575381], [49.982747, 26.575202], [49.98292, 26.575159]]]}}, {"type": "Feature", "properties": {"name": "Badiah Al Basri", "name_ar": "بديعة البصري", "admin_level": "10"}, "geometry": {"type": "Polygon", "coordinates": [[[50.0081303, 26.5555428], [50.0074251, 26.5554268], [50.00699, 26.555368], [50.006956, 26.555543], [50.006906, 26.555978], [50.006611, 26.558215], [50.006616, 26.558696], [50.006618, 26.558719], [50.006843, 26.559594], [50.007616, 26.560685], [50.008042, 26.560985], [50.009181, 26.561242], [50.009121, 26.560578], [50.009046, 26.559708], [50.009157, 26.558788], [50.009939, 26.556588], [50.010261, 26.555864], [50.0081303, 26.5555428]]]}}, {"type": "Feature", "properties": {"name": "Umm Al Jazm", "name_ar": "ام الجزم", "admin_level": "10"}, "geometry": {"type": "Polygon", "coordinates": [[[49.999259, 26.551298], [49.999818, 26.551566], [50.000624, 26.551955], [50.000804, 26.55213], [50.000863, 26.552298], [50.000874, 26.55321], [50.000969, 26.5534], [50.001109, 26.553547], [49.998785, 26.553621], [49.998612, 26.553619], [49.99871, 26.552664], [49.998839, 26.551879], [49.998976, 26.551621], [49.999191, 26.551372], [49.999259, 26.551298]]]}}, {"type": "Feature", "properties": {"name": "Al Khamisah", "name_ar": "الخامسة", "admin_level": "10"}, "geometry": {"type": "Polygon", "coordinates": [[[50.016012, 26.550717], [50.021898, 26.553538], [50.021758, 26.553808], [50.021097, 26.555095], [50.020873, 26.555666], [50.020674, 26.556577], [50.020644, 26.557315], [50.020723, 26.557963], [50.020921, 26.558646], [50.02118, 26.559226], [50.021816, 26.560293], [50.02197, 26.560712], [50.02205, 26.561204], [50.0151132, 26.5608872], [50.012825, 26.560834], [50.013713, 26.556499], [50.013729, 26.556443], [50.01587, 26.551018], [50.016012, 26.550717]]]}}, {"type": "Feature", "properties": {"name": "Ad Dababiyyah", "name_ar": "الدبابية", "admin_level": "10"}, "geometry": {"type": "Polygon", "coordinates": [[[50.001653, 26.554063], [50.001937, 26.554174], [50.0040636, 26.5548468], [50.0044394, 26.5549264], [50.0045169, 26.5535929], [50.0045079, 26.5530149], [50.0043769, 26.5514082], [50.004194, 26.551487], [50.003921, 26.551526], [50.003296, 26.551521], [50.002707, 26.551401], [50.002777, 26.550181], [50.002677, 26.549436], [50.002577, 26.549238], [50.002407, 26.549045], [50.002151, 26.548797], [50.001753, 26.548506], [50.000584, 26.54982], [49.999259, 26.551298], [49.999818, 26.551566], [50.000624, 26.551955], [50.000804, 26.55213], [50.000863, 26.552298], [50.000874, 26.55321], [50.000969, 26.5534], [50.001109, 26.553547], [50.001172, 26.553613], [50.001653, 26.554063]]]}}, {"type": "Feature", "properties": {"name": "Ar Rida", "name_ar": "الرضا", "admin_level": "10"}, "geometry": {"type": "Polygon", "coordinates": [[[50.03744, 26.556434], [50.036701, 26.561448], [50.035796, 26.567595], [50.035748, 26.567588], [50.035087, 26.57214], [50.031637, 26.5716804], [50.029361, 26.5714044], [50.023391, 26.5707004], [50.023098, 26.570637], [50.023763, 26.566881], [50.022694, 26.566732], [50.023043, 26.561985], [50.023098, 26.561241], [50.028402, 26.561419], [50.028554, 26.561052], [50.028422, 26.560972], [50.028278, 26.560802], [50.028141, 26.560632], [50.028132, 26.560621], [50.028059, 26.560528], [50.027975, 26.560423], [50.027886, 26.560298], [50.02786, 26.560136], [50.027873, 26.559967], [50.027879, 26.559881], [50.027902, 26.559579], [50.027905, 26.559533], [50.027926, 26.559299], [50.027936, 26.559175], [50.027946, 26.559048], [50.027963, 26.558848], [50.027979, 26.558744], [50.027994, 26.558647], [50.028046, 26.558453], [50.028121, 26.558257], [50.028242, 26.558051], [50.028376, 26.557884], [50.028408, 26.557853], [50.028558, 26.557707], [50.028788, 26.557528], [50.02884, 26.557488], [50.029129, 26.557334], [50.029343, 26.557218], [50.029428, 26.557183], [50.029713, 26.557052], [50.029764, 26.557032], [50.030037, 26.556918], [50.030293, 26.556816], [50.030334, 26.556803], [50.030635, 26.556701], [50.030889, 26.556617], [50.031253, 26.556514], [50.031346, 26.556487], [50.031377, 26.556481], [50.03165, 26.556415], [50.03183, 26.556375], [50.031972, 26.556349], [50.032236, 26.556301], [50.032304, 26.556288], [50.032616, 26.556243], [50.032674, 26.556234], [50.03297, 26.556196], [50.033018, 26.556189], [50.033294, 26.556171], [50.033617, 26.556148], [50.033651, 26.556146], [50.033947, 26.556137], [50.034031, 26.556138], [50.034114, 26.556136], [50.034557, 26.556146], [50.03472, 26.556154], [50.035014, 26.556167], [50.035051, 26.556172], [50.035365, 26.556214], [50.035674, 26.556257], [50.035683, 26.556257], [50.035966, 26.556293], [50.036237, 26.556326], [50.036277, 26.556331], [50.036538, 26.556364], [50.03671, 26.556388], [50.036798, 26.5564], [50.037265, 26.556424], [50.03744, 26.556434]]]}}, {"type": "Feature", "properties": {"name": "Al Wurud", "name_ar": "الورود", "admin_level": "10"}, "geometry": {"type": "Polygon", "coordinates": [[[50.030442, 26.580358], [50.03054, 26.58037], [50.030531, 26.580427], [50.029701, 26.586089], [50.024096, 26.585511], [50.024705, 26.58136], [50.02494, 26.579751], [50.024971, 26.579691], [50.030422, 26.58035], [50.030443, 26.580352], [50.030442, 26.580358]]]}}, {"type": "Feature", "properties": {"name": "Ar Rawdah", "name_ar": "الروضة", "admin_level": "10"}, "geometry": {"type": "Polygon", "coordinates": [[[50.051271, 26.582842], [50.045662, 26.582181], [50.044812, 26.582081], [50.03054, 26.58037], [50.030442, 26.580358], [50.031637, 26.5716804], [50.035087, 26.57214], [50.035197, 26.572155], [50.041321, 26.572885], [50.051547, 26.574113], [50.051653, 26.574123], [50.052608, 26.57421], [50.052537, 26.57474], [50.052494, 26.574817], [50.05244, 26.574932], [50.052152, 26.576875], [50.051652, 26.580276], [50.051271, 26.582842]]]}}, {"type": "Feature", "properties": {"name": "As Sinaiyah", "name_ar": "الصناعية", "admin_level": "10"}, "geometry": {"type": "Polygon", "coordinates": [[[50.029701, 26.586089], [50.030531, 26.580427], [50.03054, 26.58037], [50.044812, 26.582081], [50.045662, 26.582181], [50.045528, 26.583106], [50.044414, 26.590578], [50.044397, 26.590578], [50.029362, 26.588777], [50.029315, 26.588724], [50.029701, 26.586089]]]}}, {"type": "Feature", "properties": {"name": "Al Muruj", "name_ar": "المروج", "admin_level": "10"}, "geometry": {"type": "Polygon", "coordinates": [[[50.051271, 26.582842], [50.05102, 26.584537], [50.050556, 26.587735], [50.05005, 26.591223], [50.045386, 26.590695], [50.044414, 26.590578], [50.045528, 26.583106], [50.045662, 26.582181], [50.051271, 26.582842]]]}}, {"type": "Feature", "properties": {"name": "Al Wahah", "name_ar": "الواحة", "admin_level": "10"}, "geometry": {"type": "Polygon", "coordinates": [[[50.031637, 26.5716804], [50.029361, 26.5714044], [50.023391, 26.5707004], [50.021995, 26.581032], [50.024705, 26.58136], [50.02494, 26.579751], [50.024971, 26.579691], [50.030422, 26.58035], [50.030443, 26.580352], [50.031637, 26.5716804]]]}}, {"type": "Feature", "properties": {"name": "Al Fath", "name_ar": "الفتح", "admin_level": "10"}, "geometry": {"type": "Polygon", "coordinates": [[[50.052319, 26.569552], [50.051653, 26.574123], [50.051547, 26.574113], [50.041321, 26.572885], [50.035197, 26.572155], [50.035087, 26.57214], [50.035748, 26.567588], [50.035796, 26.567595], [50.041244, 26.568243], [50.047931, 26.569035], [50.052319, 26.569552]]]}}, {"type": "Feature", "properties": {"name": "Ash Shati", "name_ar": "الشاطئ", "admin_level": "10"}, "geometry": {"type": "Polygon", "coordinates": [[[50.035796, 26.567595], [50.036701, 26.561448], [50.03744, 26.556434], [50.051909, 26.558147], [50.053942, 26.558393], [50.053689, 26.560102], [50.053373, 26.562287], [50.053051, 26.564456], [50.052643, 26.567284], [50.052319, 26.569552], [50.047931, 26.569035], [50.041244, 26.568243], [50.035796, 26.567595]]]}}, {"type": "Feature", "properties": {"name": "Al Majidiyah", "name_ar": "المجيدية", "admin_level": "10"}, "geometry": {"type": "Polygon", "coordinates": [[[50.027583, 26.533591], [50.027621, 26.533528], [50.027632, 26.533512], [50.028969, 26.531729], [50.029865, 26.532031], [50.030513, 26.532072], [50.030741, 26.532008], [50.031132, 26.532234], [50.031613, 26.532596], [50.031777, 26.532854], [50.031917, 26.533196], [50.032005, 26.533815], [50.031966, 26.534113], [50.031856, 26.534451], [50.021898, 26.553538], [50.016012, 26.550717], [50.01709, 26.548427], [50.01732, 26.547932], [50.017607, 26.547525], [50.022394, 26.541988], [50.022749, 26.541523], [50.027583, 26.533591]]]}}, {"type": "Feature", "properties": {"name": "Warehouse Area", "name_ar": "منطقة المستودعات", "admin_level": "10"}, "geometry": {"type": "Polygon", "coordinates": [[[50.016012, 26.550717], [50.013008, 26.549279], [50.009694, 26.547703], [50.009943, 26.546998], [50.010732, 26.547004], [50.011514, 26.545515], [50.011886, 26.545066], [50.012583, 26.545107], [50.01382, 26.543071], [50.014005, 26.542952], [50.014301, 26.543083], [50.014497, 26.543096], [50.014898, 26.542494], [50.016527, 26.540507], [50.017589, 26.539289], [50.019849, 26.53612], [50.021876, 26.533173], [50.022901, 26.533243], [50.027583, 26.533591], [50.022749, 26.541523], [50.022394, 26.541988], [50.017607, 26.547525], [50.01732, 26.547932], [50.01709, 26.548427], [50.016012, 26.550717]]]}}, {"type": "Feature", "properties": {"name": "Anak", "name_ar": "عنك", "admin_level": "10"}, "geometry": {"type": "Polygon", "coordinates": [[[50.016164, 26.526601], [50.016814, 26.525396], [50.017389, 26.524251], [50.01802, 26.522974], [50.019927, 26.5191], [50.020442, 26.51816], [50.024295, 26.512725], [50.025996, 26.512982], [50.030267, 26.513618], [50.030207, 26.514331], [50.029888, 26.518098], [50.029634, 26.519058], [50.02961, 26.519148], [50.02809, 26.524882], [50.024924, 26.529925], [50.023462, 26.52918], [50.022952, 26.529036], [50.022932, 26.529081], [50.021332, 26.528659], [50.021221, 26.528672], [50.020033, 26.5284], [50.01953, 26.527825], [50.019457, 26.527658], [50.019059, 26.527188], [50.017857, 26.526857], [50.016164, 26.526601]]]}}, {"type": "Feature", "properties": {"name": "Al Mahar", "name_ar": "المحار", "admin_level": "10"}, "geometry": {"type": "Polygon", "coordinates": [[[50.028969, 26.531729], [50.028418, 26.531543], [50.027768, 26.53134], [50.027378, 26.531181], [50.024924, 26.529925], [50.02809, 26.524882], [50.02961, 26.519148], [50.029634, 26.519058], [50.029895, 26.519119], [50.033746, 26.519996], [50.033465, 26.521007], [50.032768, 26.523503], [50.0308, 26.530491], [50.030778, 26.530672], [50.030735, 26.53096], [50.030717, 26.531396], [50.030722, 26.531581], [50.030741, 26.532008], [50.030513, 26.532072], [50.029865, 26.532031], [50.028969, 26.531729]]]}}, {"type": "Feature", "properties": {"name": "Al Bustan 1", "name_ar": "البستان 1", "admin_level": "10"}, "geometry": {"type": "Polygon", "coordinates": [[[50.030267, 26.513618], [50.030484, 26.513654], [50.031503, 26.513821], [50.035232, 26.514661], [50.034459, 26.517432], [50.033746, 26.519996], [50.029895, 26.519119], [50.029634, 26.519058], [50.029888, 26.518098], [50.030207, 26.514331], [50.030267, 26.513618]]]}}, {"type": "Feature", "properties": {"name": "Al Badr", "name_ar": "البدر", "admin_level": "10"}, "geometry": {"type": "Polygon", "coordinates": [[[50.02857, 26.508429], [50.035394, 26.508735], [50.035316, 26.508999], [50.035172, 26.509695], [50.035149, 26.510395], [50.035222, 26.51098], [50.035525, 26.512302], [50.035566, 26.513047], [50.035495, 26.51369], [50.035232, 26.514661], [50.031503, 26.513821], [50.030484, 26.513654], [50.030267, 26.513618], [50.025996, 26.512982], [50.024295, 26.512725], [50.024449, 26.512513], [50.025109, 26.511717], [50.02857, 26.508429]]]}}, {"type": "Feature", "properties": {"name": "Al Aqiq", "name_ar": "العقيق", "admin_level": "10"}, "geometry": {"type": "Polygon", "coordinates": [[[50.01269, 26.532559], [50.012802, 26.532368], [50.016164, 26.526601], [50.017857, 26.526857], [50.019059, 26.527188], [50.019457, 26.527658], [50.01953, 26.527825], [50.020033, 26.5284], [50.021221, 26.528672], [50.021332, 26.528659], [50.022932, 26.529081], [50.022952, 26.529036], [50.023462, 26.52918], [50.024924, 26.529925], [50.027378, 26.531181], [50.027768, 26.53134], [50.028418, 26.531543], [50.028969, 26.531729], [50.027632, 26.533512], [50.027621, 26.533528], [50.027583, 26.533591], [50.022901, 26.533243], [50.021876, 26.533173], [50.018455, 26.532933], [50.016334, 26.532789], [50.01269, 26.532559]]]}}, {"type": "Feature", "properties": {"name": "Um Al Hamam", "name_ar": "ام الحمام", "admin_level": "10"}, "geometry": {"type": "Polygon", "coordinates": [[[49.999693, 26.525887], [49.999592, 26.525976], [49.998999, 26.526369], [49.998769, 26.52657], [49.998528, 26.526898], [49.998242, 26.527478], [49.998061, 26.527661], [49.997841, 26.527796], [49.997511, 26.527886], [49.997254, 26.527882], [49.996274, 26.527648], [49.99691, 26.525898], [49.995993, 26.525693], [49.996022, 26.525567], [49.994997, 26.525378], [49.995131, 26.524408], [49.995143, 26.523849], [49.995395, 26.522639], [49.995482, 26.522526], [49.995549, 26.521518], [49.994566, 26.521392], [49.9946725, 26.5207776], [49.994747, 26.520348], [49.99484, 26.520349], [49.995103, 26.520371], [49.995087, 26.519755], [49.995029, 26.519749], [49.994873, 26.516599], [49.994854, 26.51588], [49.9947437, 26.5153614], [49.995092, 26.515512], [49.996423, 26.51632], [49.996614, 26.516399], [49.998181, 26.51672], [49.999461, 26.517195], [49.999612, 26.518359], [49.999617, 26.518889], [49.999483, 26.520019], [49.999152, 26.521123], [49.999249, 26.52143], [49.999708, 26.522377], [50.000174, 26.522953], [50.000269, 26.523132], [50.000316, 26.52372], [49.999802, 26.525646], [49.999693, 26.525887]]]}}, {"type": "Feature", "properties": {"name": "Al Anwar", "name_ar": "الأنوار", "admin_level": "10"}, "geometry": {"type": "Polygon", "coordinates": [[[49.999693, 26.525887], [49.999802, 26.525646], [50.000316, 26.52372], [50.000269, 26.523132], [50.000174, 26.522953], [49.999708, 26.522377], [49.999249, 26.52143], [49.999152, 26.521123], [49.999483, 26.520019], [49.999617, 26.518889], [49.999612, 26.518359], [49.999461, 26.517195], [50.001217, 26.517512], [50.001793, 26.517663], [50.003853, 26.51858], [50.007097, 26.519451], [50.007571, 26.519577], [50.007938, 26.519676], [50.008372, 26.519812], [50.008584, 26.519893], [50.009102, 26.520134], [50.010158, 26.520658], [50.012498, 26.521827], [50.013613, 26.522379], [50.014623, 26.522882], [50.015211, 26.523171], [50.01573, 26.52343], [50.017389, 26.524251], [50.016814, 26.525396], [50.016164, 26.526601], [50.012802, 26.532368], [50.01269, 26.532559], [50.012433, 26.532525], [50.003823, 26.531951], [50.00357, 26.531881], [50.003422, 26.531765], [50.003346, 26.531611], [50.003563, 26.530608], [50.003553, 26.530423], [50.00347, 26.530328], [50.003173, 26.530222], [49.999071, 26.52953], [49.999521, 26.527163], [49.999693, 26.525887]]]}}, {"type": "Feature", "properties": {"name": "Al Jamiyin", "name_ar": "الجامعيين", "admin_level": "10"}, "geometry": {"type": "Polygon", "coordinates": [[[50.051271, 26.582842], [50.055172, 26.58329], [50.055209, 26.583251], [50.055332, 26.581562], [50.055362, 26.581528], [50.057403, 26.581885], [50.058758, 26.582381], [50.058714, 26.582534], [50.058189, 26.58495], [50.057581, 26.587012], [50.056933, 26.588718], [50.056563, 26.589174], [50.056703, 26.589175], [50.05726, 26.589361], [50.057181, 26.589645], [50.055991, 26.59249], [50.055259, 26.592016], [50.054247, 26.591542], [50.050849, 26.591314], [50.05005, 26.591223], [50.050556, 26.587735], [50.05102, 26.584537], [50.051271, 26.582842]]]}}, {"type": "Feature", "properties": {"name": "Al Manakh", "name_ar": "المناخ", "admin_level": "10"}, "geometry": {"type": "Polygon", "coordinates": [[[50.060525, 26.569816], [50.061396, 26.567737], [50.061612, 26.567391], [50.061935, 26.566262], [50.062777, 26.566464], [50.063144, 26.565669], [50.063435, 26.565173], [50.064603, 26.56372], [50.06695, 26.559607], [50.06888, 26.55853], [50.069293, 26.558361], [50.069531, 26.558362], [50.071092, 26.558634], [50.071663, 26.557347], [50.071695, 26.557268], [50.071646, 26.557254], [50.070183, 26.556823], [50.069151, 26.556635], [50.0681, 26.556597], [50.067018, 26.556721], [50.066032, 26.556987], [50.065203, 26.557339], [50.064437, 26.55779], [50.063615, 26.558414], [50.062853, 26.558795], [50.062113, 26.559031], [50.061106, 26.55919], [50.059973, 26.55918], [50.05634, 26.558795], [50.055289, 26.558548], [50.053942, 26.558393], [50.053689, 26.560102], [50.053373, 26.562287], [50.053051, 26.564456], [50.052643, 26.567284], [50.052319, 26.569552], [50.051653, 26.574123], [50.052608, 26.57421], [50.053258, 26.574271], [50.053673, 26.57431], [50.053848, 26.574374], [50.0558, 26.575353], [50.05677, 26.575601], [50.0582862, 26.5761428], [50.058389, 26.575576], [50.058584, 26.5753], [50.058611, 26.575196], [50.058717, 26.574768], [50.059194, 26.573049], [50.059495, 26.572369], [50.060525, 26.569816]]]}}, {"type": "Feature", "properties": {"name": "Gharb An Nabiyah", "name_ar": "غرب النابية", "admin_level": "10"}, "geometry": {"type": "Polygon", "coordinates": [[[50.007206, 26.468842], [50.005645, 26.470633], [50.003223, 26.473404], [49.999561, 26.477718], [50.003418, 26.482817], [50.000674, 26.48451], [49.991773, 26.489874], [49.990531, 26.490659], [49.988665, 26.491996], [49.988811, 26.488765], [49.988816, 26.486852], [49.989046, 26.484402], [49.989228, 26.483464], [49.989462, 26.482675], [49.989821, 26.481778], [49.990201, 26.481037], [49.990977, 26.479869], [49.993331, 26.477413], [49.995186, 26.475958], [49.997702, 26.473794], [49.999489, 26.472047], [50.001295, 26.470062], [50.001461, 26.469858], [50.001823, 26.469426], [50.002407, 26.468745], [50.002694, 26.468371], [50.002838, 26.468179], [50.00307, 26.467881], [50.003244, 26.467653], [50.003445, 26.46739], [50.003717, 26.467034], [50.003843, 26.466853], [50.00402, 26.466597], [50.004259, 26.466252], [50.00469, 26.465604], [50.0049, 26.46528], [50.00507, 26.465023], [50.005242, 26.46474], [50.008576, 26.467314], [50.007206, 26.468842]]]}}, {"type": "Feature", "properties": {"name": "An Noor", "name_ar": "النور", "admin_level": "10"}, "geometry": {"type": "Polygon", "coordinates": [[[50.0380911, 26.4885914], [50.038359, 26.488031], [50.039799, 26.484677], [50.041924, 26.4795], [50.043685, 26.480092], [50.0455923, 26.480678], [50.044956, 26.481904], [50.043289, 26.485757], [50.042411, 26.487606], [50.04215, 26.487948], [50.041579, 26.488504], [50.0401353, 26.4897168], [50.03955, 26.489262], [50.038709, 26.488787], [50.03818, 26.488603], [50.0380911, 26.4885914]]]}}, {"type": "Feature", "properties": {"name": "Az Zuhur", "name_ar": "الزهور", "admin_level": "10"}, "geometry": {"type": "Polygon", "coordinates": [[[50.023504, 26.465312], [50.023643, 26.465184], [50.02636, 26.462722], [50.027465, 26.463082], [50.03827, 26.466579], [50.038764, 26.46674], [50.0461869, 26.469144], [50.045065, 26.471793], [50.04404, 26.474307], [50.043382, 26.474095], [50.038883, 26.472654], [50.0376572, 26.472463], [50.0374798, 26.4722488], [50.036118, 26.471812], [50.036942, 26.469806], [50.033462, 26.468621], [50.032843, 26.468476], [50.023504, 26.465312]]]}}, {"type": "Feature", "properties": {"name": "Al Khalij", "name_ar": "الخليج", "admin_level": "10"}, "geometry": {"type": "Polygon", "coordinates": [[[50.0204923, 26.468079], [50.021032, 26.467543], [50.023504, 26.465312], [50.032843, 26.468476], [50.033462, 26.468621], [50.036942, 26.469806], [50.036118, 26.471812], [50.0374798, 26.4722488], [50.0376572, 26.472463], [50.0374336, 26.472491], [50.036372, 26.472807], [50.035415, 26.47324], [50.034906, 26.473585], [50.034441, 26.474042], [50.03413, 26.474448], [50.0333118, 26.4761028], [50.031125, 26.475116], [50.030425, 26.474798], [50.028028, 26.473536], [50.026278, 26.472431], [50.02487, 26.471415], [50.0204923, 26.468079]]]}}, {"type": "Feature", "properties": {"name": "Al Naseem", "name_ar": "النسيم", "admin_level": "10"}, "geometry": {"type": "Polygon", "coordinates": [[[50.035394, 26.508735], [50.0354, 26.508715], [50.035529, 26.508206], [50.035724, 26.507798], [50.038628, 26.502864], [50.040112, 26.500623], [50.041184, 26.49824], [50.042081, 26.496648], [50.042246, 26.496379], [50.043795, 26.496926], [50.0499827, 26.4990599], [50.049445, 26.499253], [50.043911, 26.503375], [50.043738, 26.503498], [50.043497, 26.503585], [50.039213, 26.509067], [50.035394, 26.508735]]]}}, {"type": "Feature", "properties": {"name": "Al Kawthar", "name_ar": "الكوثر", "admin_level": "10"}, "geometry": {"type": "Polygon", "coordinates": [[[50.0548433, 26.4903637], [50.054286, 26.489401], [50.054013, 26.489214], [50.0509, 26.4876238], [50.0499044, 26.4866154], [50.0505459, 26.4861114], [50.0508785, 26.4858809], [50.052142, 26.485288], [50.052503, 26.48501], [50.05299, 26.484431], [50.0535221, 26.4833554], [50.053546, 26.483153], [50.058436, 26.471354], [50.0668787, 26.4741396], [50.0665136, 26.4750081], [50.061553, 26.486822], [50.061149, 26.48751], [50.060839, 26.487855], [50.060415, 26.488205], [50.060029, 26.488444], [50.059598, 26.488642], [50.058913, 26.488815], [50.0560981, 26.4893282], [50.0557494, 26.4895203], [50.0554692, 26.4897363], [50.0553491, 26.4901175], [50.0548433, 26.4903637]]]}}, {"type": "Feature", "properties": {"name": "Al Muntazah", "name_ar": "المنتزة", "admin_level": "10"}, "geometry": {"type": "Polygon", "coordinates": [[[50.0455923, 26.480678], [50.0462191, 26.4809034], [50.0535221, 26.4833554], [50.05299, 26.484431], [50.052503, 26.48501], [50.052142, 26.485288], [50.0508785, 26.4858809], [50.0505459, 26.4861114], [50.0499044, 26.4866154], [50.04895, 26.487402], [50.048079, 26.488651], [50.047579, 26.489573], [50.046849, 26.491205], [50.046648, 26.49153], [50.046165, 26.49208], [50.04384, 26.493868], [50.042246, 26.496379], [50.042081, 26.496648], [50.039437, 26.496141], [50.0351464, 26.495271], [50.034188, 26.494814], [50.034782, 26.494259], [50.036105, 26.493019], [50.0401353, 26.4897168], [50.041579, 26.488504], [50.04215, 26.487948], [50.042411, 26.487606], [50.043289, 26.485757], [50.044956, 26.481904], [50.0455923, 26.480678]]]}}, {"type": "Feature", "properties": {"name": "An Naqa", "name_ar": "النقى", "admin_level": "10"}, "geometry": {"type": "Polygon", "coordinates": [[[50.0333118, 26.4761028], [50.0332998, 26.4762118], [50.0329888, 26.4771398], [50.0329368, 26.4775638], [50.0335378, 26.4828808], [50.0334658, 26.4831958], [50.0333528, 26.4861088], [50.0330888, 26.4871208], [50.0326805, 26.4881476], [50.0325937, 26.4882568], [50.0321187, 26.4889438], [50.0305597, 26.4908518], [50.0302767, 26.4907998], [50.029948, 26.490763], [50.029675, 26.490615], [50.029494, 26.490438], [50.02824, 26.488978], [50.028191, 26.488727], [50.028227, 26.488368], [50.028485, 26.487036], [50.028646, 26.486608], [50.028014, 26.486417], [50.028113, 26.485887], [50.028289, 26.483721], [50.028552, 26.483759], [50.029157, 26.481294], [50.029198, 26.481071], [50.029168, 26.480588], [50.029454, 26.480639], [50.030402, 26.477348], [50.031125, 26.475116], [50.0333118, 26.4761028]]]}}, {"type": "Feature", "properties": {"name": "Al Ghadir", "name_ar": "الغدير", "admin_level": "10"}, "geometry": {"type": "Polygon", "coordinates": [[[50.0499827, 26.4990599], [50.0512513, 26.4961434], [50.0524476, 26.4933708], [50.0531208, 26.4918897], [50.0533488, 26.491592], [50.0536412, 26.4912751], [50.0540006, 26.4909414], [50.0542554, 26.4906198], [50.0548433, 26.4903637], [50.054286, 26.489401], [50.054013, 26.489214], [50.0509, 26.4876238], [50.0499044, 26.4866154], [50.04895, 26.487402], [50.048079, 26.488651], [50.047579, 26.489573], [50.046849, 26.491205], [50.046648, 26.49153], [50.046165, 26.49208], [50.04384, 26.493868], [50.042246, 26.496379], [50.043795, 26.496926], [50.0499827, 26.4990599]]]}}, {"type": "Feature", "properties": {"name": "Al Khisab", "name_ar": "الخصاب", "admin_level": "10"}, "geometry": {"type": "Polygon", "coordinates": [[[50.034786, 26.488352], [50.035945, 26.488452], [50.037662, 26.488586], [50.0380911, 26.4885914], [50.03818, 26.488603], [50.038709, 26.488787], [50.03955, 26.489262], [50.0401353, 26.4897168], [50.036105, 26.493019], [50.034782, 26.494259], [50.034188, 26.494814], [50.034012, 26.49498], [50.032768, 26.496143], [50.031864, 26.497098], [50.03157, 26.497537], [50.031327, 26.49802], [50.031101, 26.498836], [50.031072, 26.498377], [50.031118, 26.49803], [50.031128, 26.497956], [50.031528, 26.495776], [50.031985, 26.494197], [50.032559, 26.492589], [50.033267, 26.490937], [50.034151, 26.489614], [50.034588, 26.4891], [50.034786, 26.488352]]]}}, {"type": "Feature", "properties": {"name": "At Tif", "name_ar": "الطف", "admin_level": "10"}, "geometry": {"type": "Polygon", "coordinates": [[[50.0326805, 26.4881476], [50.034786, 26.488352], [50.034588, 26.4891], [50.034151, 26.489614], [50.033267, 26.490937], [50.032559, 26.492589], [50.031985, 26.494197], [50.031528, 26.495776], [50.031128, 26.497956], [50.031118, 26.49803], [50.02999, 26.497804], [50.027967, 26.49744], [50.024445, 26.496885], [50.024895, 26.49465], [50.025714, 26.494373], [50.02572, 26.494174], [50.025806, 26.494085], [50.026432, 26.493617], [50.027035, 26.493053], [50.027817, 26.492437], [50.028941, 26.491738], [50.0302767, 26.4907998], [50.0305597, 26.4908518], [50.0321187, 26.4889438], [50.0325937, 26.4882568], [50.0326805, 26.4881476]]]}}, {"type": "Feature", "properties": {"name": "Qurtubah", "name_ar": "قرطبة", "admin_level": "10"}, "geometry": {"type": "Polygon", "coordinates": [[[50.02857, 26.508429], [50.035394, 26.508735], [50.0354, 26.508715], [50.035529, 26.508206], [50.035724, 26.507798], [50.038628, 26.502864], [50.040112, 26.500623], [50.041184, 26.49824], [50.042081, 26.496648], [50.039437, 26.496141], [50.0351464, 26.495271], [50.034188, 26.494814], [50.034012, 26.49498], [50.032768, 26.496143], [50.031864, 26.497098], [50.03157, 26.497537], [50.031327, 26.49802], [50.031101, 26.498836], [50.029665, 26.506626], [50.02951, 26.507097], [50.029269, 26.507585], [50.028652, 26.508353], [50.02857, 26.508429]]]}}, {"type": "Feature", "properties": {"name": "As Salam", "name_ar": "السلام", "admin_level": "10"}, "geometry": {"type": "Polygon", "coordinates": [[[50.041924, 26.4795], [50.040221, 26.478929], [50.037623, 26.478058], [50.0333118, 26.4761028], [50.03413, 26.474448], [50.034441, 26.474042], [50.034906, 26.473585], [50.035415, 26.47324], [50.036372, 26.472807], [50.0374336, 26.472491], [50.0376572, 26.472463], [50.038883, 26.472654], [50.043382, 26.474095], [50.04404, 26.474307], [50.043951, 26.474523], [50.041924, 26.4795]]]}}, {"type": "Feature", "properties": {"name": "Al Ferdous", "name_ar": "الفردوس", "admin_level": "10"}, "geometry": {"type": "Polygon", "coordinates": [[[50.0461869, 26.469144], [50.0463594, 26.4691852], [50.0471104, 26.4698472], [50.0478094, 26.4705672], [50.0481104, 26.4711672], [50.0481784, 26.4714472], [50.0481954, 26.4718382], [50.0479574, 26.4733032], [50.0477324, 26.4740872], [50.0457964, 26.4787942], [50.0457144, 26.4792852], [50.0457244, 26.4801482], [50.0455923, 26.480678], [50.043685, 26.480092], [50.041924, 26.4795], [50.043951, 26.474523], [50.04404, 26.474307], [50.045065, 26.471793], [50.0461869, 26.469144]]]}}, {"type": "Feature", "properties": {"name": "Ghirnatah", "name_ar": "غرناطة", "admin_level": "10"}, "geometry": {"type": "Polygon", "coordinates": [[[50.058436, 26.471354], [50.053546, 26.483153], [50.0535221, 26.4833554], [50.0462191, 26.4809034], [50.0455923, 26.480678], [50.0457244, 26.4801482], [50.0457144, 26.4792852], [50.0457964, 26.4787942], [50.0477324, 26.4740872], [50.0479574, 26.4733032], [50.0481954, 26.4718382], [50.0481784, 26.4714472], [50.0481104, 26.4711672], [50.0478094, 26.4705672], [50.0471104, 26.4698472], [50.0463594, 26.4691852], [50.0461869, 26.469144], [50.0468779, 26.46748], [50.04995, 26.468508], [50.051923, 26.469171], [50.052498, 26.469362], [50.053138, 26.469578], [50.053789, 26.469795], [50.055139, 26.470248], [50.055744, 26.470451], [50.058436, 26.471354]]]}}, {"type": "Feature", "properties": {"name": "Ad Dirah 2", "name_ar": "الديرة 2", "admin_level": "10"}, "geometry": {"type": "Polygon", "coordinates": [[[50.0326805, 26.4881476], [50.034786, 26.488352], [50.035945, 26.488452], [50.037662, 26.488586], [50.0380911, 26.4885914], [50.038359, 26.488031], [50.039799, 26.484677], [50.041924, 26.4795], [50.040221, 26.478929], [50.037623, 26.478058], [50.0333118, 26.4761028], [50.0332998, 26.4762118], [50.0329888, 26.4771398], [50.0329368, 26.4775638], [50.0335378, 26.4828808], [50.0334658, 26.4831958], [50.0333528, 26.4861088], [50.0330888, 26.4871208], [50.0326805, 26.4881476]]]}}, {"type": "Feature", "properties": {"name": "An Nabiyah", "name_ar": "النابية", "admin_level": "10"}, "geometry": {"type": "Polygon", "coordinates": [[[50.014118, 26.473858], [50.007206, 26.468842], [50.005645, 26.470633], [50.003223, 26.473404], [49.999561, 26.477718], [50.003418, 26.482817], [50.004837, 26.481888], [50.006782, 26.480415], [50.011047, 26.476681], [50.014045, 26.473923], [50.014118, 26.473858]]]}}, {"type": "Feature", "properties": {"name": "Ash Shulah", "name_ar": "الشعلة", "admin_level": "10"}, "geometry": {"type": "Polygon", "coordinates": [[[50.10815, 26.337038], [50.108075, 26.337245], [50.101385, 26.354877], [50.098515, 26.361787], [50.097507, 26.363884], [50.096598, 26.365508], [50.093088, 26.370981], [50.0859135, 26.3686961], [50.0853878, 26.3684799], [50.0846368, 26.3681434], [50.0838965, 26.3677205], [50.0814342, 26.3660959], [50.0787681, 26.3645098], [50.0749487, 26.3623084], [50.0734198, 26.3613904], [50.0718684, 26.3632247], [50.052319, 26.350922], [50.043521, 26.345291], [50.0335986, 26.3392757], [50.034941, 26.331725], [50.03552, 26.329087], [50.036211, 26.326476], [50.037012, 26.323896], [50.03778, 26.321805], [50.03896, 26.318931], [50.0449715, 26.305776], [50.047337, 26.309029], [50.049112, 26.311179], [50.050239, 26.312416], [50.05141, 26.313612], [50.053455, 26.315506], [50.055973, 26.317559], [50.058663, 26.319469], [50.060351, 26.320537], [50.0617, 26.321328], [50.064176, 26.322636], [50.067011, 26.323904], [50.06993, 26.32498], [50.0759, 26.326855], [50.083224, 26.329069], [50.105462, 26.336051], [50.10671, 26.336467], [50.10815, 26.337038]]]}}, {"type": "Feature", "properties": {"name": "Abdullah Fuad", "name_ar": "عبدالله فؤاد", "admin_level": "10"}, "geometry": {"type": "Polygon", "coordinates": [[[50.1151246, 26.4250518], [50.1102, 26.417324], [50.109487, 26.415936], [50.10946, 26.415861], [50.109271, 26.414531], [50.109371, 26.413527], [50.109711, 26.412434], [50.110319, 26.41127], [50.110465, 26.410993], [50.114608, 26.403059], [50.116189, 26.399875], [50.117161, 26.39747], [50.118442, 26.393242], [50.123907, 26.400503], [50.125683, 26.403428], [50.127267, 26.409014], [50.128998, 26.414267], [50.129102, 26.4144202], [50.128939, 26.4145712], [50.128589, 26.4148922], [50.128284, 26.4151482], [50.126842, 26.4163592], [50.123724, 26.419055], [50.123279, 26.419453], [50.120171, 26.422196], [50.119257, 26.422866], [50.118698, 26.423232], [50.117971, 26.423629], [50.1151246, 26.4250518]]]}}, {"type": "Feature", "properties": {"name": "Al Hazm", "name_ar": "الحزم", "admin_level": "10"}, "geometry": {"type": "Polygon", "coordinates": [[[49.9554025, 26.3361628], [49.9774275, 26.3036377], [49.991083, 26.3123073], [49.973078, 26.3406683], [49.972566, 26.3414743], [49.9721797, 26.3413853], [49.9671078, 26.3398164], [49.9625909, 26.3382204], [49.9595976, 26.3373069], [49.95704, 26.3366132], [49.9554025, 26.3361628]]]}}, {"type": "Feature", "properties": {"name": "second industrial", "name_ar": "الصناعية الثانية", "admin_level": "10"}, "geometry": {"type": "Polygon", "coordinates": [[[49.9704092, 26.2114438], [49.9904536, 26.2336862], [50.0126212, 26.2628526], [49.9774275, 26.3036377], [49.9269416, 26.2710059], [49.9325206, 26.2574592], [49.9704092, 26.2114438]]]}}, {"type": "Feature", "properties": {"name": "Al Urubah", "name_ar": "العروبة", "admin_level": "10"}, "geometry": {"type": "Polygon", "coordinates": [[[50.0187982, 26.32971], [50.017353, 26.331001], [50.01727, 26.33108], [50.0028398, 26.3447626], [49.981061, 26.36541], [49.980514, 26.365089], [49.9943, 26.343868], [49.9943809, 26.3437433], [49.994526, 26.343519], [50.00681, 26.324563], [50.007908, 26.322869], [50.0187982, 26.32971]]]}}, {"type": "Feature", "properties": {"name": "Al Jud", "name_ar": "الجود", "admin_level": "10"}, "geometry": {"type": "Polygon", "coordinates": [[[50.0335986, 26.3392757], [50.023834, 26.332929], [50.023804, 26.332909], [50.023862, 26.332892], [50.023781, 26.33284], [50.0187982, 26.32971], [50.007908, 26.322869], [49.991083, 26.3123073], [49.9774275, 26.3036377], [50.0126212, 26.2628526], [50.0156928, 26.2669201], [50.0242177, 26.2782662], [50.0327834, 26.2896032], [50.0385387, 26.2972618], [50.0427306, 26.3028273], [50.0449715, 26.305776], [50.03896, 26.318931], [50.03778, 26.321805], [50.037012, 26.323896], [50.036211, 26.326476], [50.03552, 26.329087], [50.034941, 26.331725], [50.0335986, 26.3392757]]]}}, {"type": "Feature", "properties": {"name": "An Nada", "name_ar": "الندى", "admin_level": "10"}, "geometry": {"type": "Polygon", "coordinates": [[[50.0820914, 26.3881431], [50.090518, 26.374955], [50.090574, 26.374876], [50.093088, 26.370981], [50.0859135, 26.3686961], [50.0853878, 26.3684799], [50.0846368, 26.3681434], [50.0838965, 26.3677205], [50.0814342, 26.3660959], [50.0787681, 26.3645098], [50.0749487, 26.3623084], [50.0734198, 26.3613904], [50.0718684, 26.3632247], [50.063476, 26.372951], [50.063105, 26.373387], [50.062097, 26.374816], [50.0728512, 26.3823115], [50.076043, 26.3845558], [50.0788593, 26.3864876], [50.0805545, 26.3874872], [50.0820914, 26.3881431]]]}}, {"type": "Feature", "properties": {"name": "Al Iskan Al Janubi", "name_ar": "الإسكان الجنوبي", "admin_level": "10"}, "geometry": {"type": "Polygon", "coordinates": [[[50.007908, 26.322869], [49.991083, 26.3123073], [49.973078, 26.3406683], [49.972566, 26.3414743], [49.974982, 26.3421013], [49.9793494, 26.3428788], [49.9823803, 26.3432874], [49.9850947, 26.3435085], [49.9882704, 26.3436479], [49.991591, 26.3436479], [49.9943809, 26.3437433], [49.994526, 26.343519], [50.00681, 26.324563], [50.007908, 26.322869]]]}}, {"type": "Feature", "properties": {"name": "Al Amal", "name_ar": "الأمل", "admin_level": "10"}, "geometry": {"type": "Polygon", "coordinates": [[[50.0335986, 26.3392757], [50.0318702, 26.3477718], [50.0311762, 26.3511478], [50.0302832, 26.3549028], [50.024141, 26.352308], [50.022881, 26.351742], [50.022068, 26.351419], [50.020882, 26.350874], [50.018915, 26.350024], [50.016584, 26.349008], [50.01497, 26.348339], [50.013356, 26.347713], [50.011801, 26.347153], [50.010793, 26.346812], [50.0090922, 26.3462757], [50.009561, 26.344797], [50.009789, 26.344396], [50.010054, 26.344052], [50.010254, 26.343851], [50.011936, 26.342514], [50.012571, 26.341858], [50.013296, 26.340991], [50.014935, 26.339467], [50.016121, 26.33827], [50.016674, 26.337827], [50.018662, 26.336021], [50.019134, 26.335724], [50.020379, 26.33461], [50.020472, 26.333981], [50.021237, 26.333378], [50.023834, 26.332929], [50.0335986, 26.3392757]]]}}, {"type": "Feature", "properties": {"name": "Al Khalidiyah Al Janubiyah", "name_ar": "الخالدية الجنوبية", "admin_level": "10"}, "geometry": {"type": "Polygon", "coordinates": [[[50.161599, 26.41982], [50.1596935, 26.416281], [50.1564055, 26.410015], [50.1546365, 26.406274], [50.1513175, 26.399818], [50.1496585, 26.396029], [50.151833, 26.394157], [50.164573, 26.382817], [50.165457, 26.385404], [50.167537, 26.391381], [50.167663, 26.392134], [50.167978, 26.395632], [50.16824, 26.396717], [50.168831, 26.3984], [50.169115, 26.399076], [50.171281, 26.402427], [50.171634, 26.403109], [50.174717, 26.412024], [50.173469, 26.413285], [50.172436, 26.414198], [50.171035, 26.415276], [50.169884, 26.416061], [50.168491, 26.416886], [50.167407, 26.417448], [50.161599, 26.41982]]]}}, {"type": "Feature", "properties": {"name": "Al Basatin", "name_ar": "البساتين", "admin_level": "10"}, "geometry": {"type": "Polygon", "coordinates": [[[50.129145, 26.384317], [50.131279, 26.412351], [50.129102, 26.4144202], [50.128998, 26.414267], [50.127267, 26.409014], [50.125683, 26.403428], [50.123907, 26.400503], [50.118442, 26.393242], [50.119069, 26.391108], [50.121474, 26.38293], [50.129145, 26.384317]]]}}, {"type": "Feature", "properties": {"name": "King Faisal University", "name_ar": "مدينة الملك فيصل الجامعية", "admin_level": "10"}, "geometry": {"type": "Polygon", "coordinates": [[[50.218424, 26.41224], [50.1852985, 26.3957132], [50.185907, 26.394809], [50.189159, 26.389594], [50.206599, 26.398065], [50.222433, 26.405934], [50.218424, 26.41224]]]}}, {"type": "Feature", "properties": {"name": "Al Hussam", "name_ar": "الحسام", "admin_level": "10"}, "geometry": {"type": "Polygon", "coordinates": [[[50.178133, 26.373423], [50.178058, 26.3762], [50.177974, 26.381096], [50.177799, 26.385353], [50.177738, 26.389351], [50.177551, 26.392685], [50.177429, 26.393393], [50.177234, 26.393913], [50.175914, 26.396017], [50.175643, 26.396557], [50.175483, 26.397141], [50.175491, 26.397932], [50.17556, 26.398357], [50.175895, 26.399033], [50.176452, 26.399687], [50.176769, 26.399963], [50.177711, 26.400669], [50.178722, 26.401329], [50.1810086, 26.4026552], [50.176542, 26.409775], [50.174717, 26.412024], [50.171634, 26.403109], [50.171281, 26.402427], [50.169115, 26.399076], [50.168831, 26.3984], [50.16824, 26.396717], [50.167978, 26.395632], [50.167663, 26.392134], [50.167537, 26.391381], [50.165457, 26.385404], [50.164573, 26.382817], [50.165218, 26.382242], [50.171053, 26.377062], [50.173269, 26.3751], [50.177903, 26.371005], [50.178224, 26.37068], [50.178133, 26.373423]]]}}, {"type": "Feature", "properties": {"name": "Ad Danah", "name_ar": "الدانة", "admin_level": "10"}, "geometry": {"type": "Polygon", "coordinates": [[[50.039847, 26.462899], [50.047642, 26.465484], [50.047088, 26.466834], [50.046831, 26.467462], [50.0461815, 26.4691084], [50.038764, 26.46674], [50.03827, 26.466579], [50.039847, 26.462899]]]}}, {"type": "Feature", "properties": {"name": "Al Muhammadiyah", "name_ar": "المحمدية", "admin_level": "10"}, "geometry": {"type": "Polygon", "coordinates": [[[50.05812, 26.44037], [50.064689, 26.4408742], [50.064666, 26.441036], [50.064428, 26.443148], [50.062583, 26.453533], [50.061256, 26.460489], [50.061267, 26.4608], [50.06173, 26.463772], [50.061811, 26.463913], [50.062043, 26.46415], [50.060839, 26.465573], [50.0585071, 26.4713084], [50.055744, 26.470451], [50.055139, 26.470248], [50.053789, 26.469795], [50.053138, 26.469578], [50.052498, 26.469362], [50.051923, 26.469171], [50.04995, 26.468508], [50.046831, 26.467462], [50.047088, 26.466834], [50.047642, 26.465484], [50.048924, 26.462636], [50.051856, 26.455673], [50.05812, 26.44037]]]}}, {"type": "Feature", "properties": {"name": "Al Aziziyah", "name_ar": "العزيزية", "admin_level": "10"}, "geometry": {"type": "Polygon", "coordinates": [[[50.0810539, 26.459208], [50.080512, 26.459368], [50.08002, 26.459581], [50.076885, 26.461426], [50.075985, 26.46183], [50.074096, 26.462509], [50.0726193, 26.4634301], [50.071025, 26.463214], [50.069668, 26.462815], [50.069245, 26.462728], [50.068773, 26.462689], [50.068362, 26.462706], [50.063767, 26.463369], [50.063272, 26.463515], [50.062752, 26.463728], [50.062043, 26.46415], [50.061811, 26.463913], [50.06173, 26.463772], [50.061267, 26.4608], [50.061256, 26.460489], [50.062583, 26.453533], [50.064178, 26.453276], [50.075807, 26.4516467], [50.0777703, 26.4513249], [50.0783443, 26.4511039], [50.0806554, 26.4501426], [50.0807962, 26.4507258], [50.0810212, 26.4521894], [50.0810324, 26.4584027], [50.0810539, 26.459208]]]}}, {"type": "Feature", "properties": {"name": "Al Wahah", "name_ar": "الواحة", "admin_level": "10"}, "geometry": {"type": "Polygon", "coordinates": [[[50.0820914, 26.3881431], [50.090518, 26.374955], [50.090574, 26.374876], [50.093088, 26.370981], [50.093246, 26.371025], [50.095295, 26.371706], [50.097087, 26.372279], [50.098153, 26.37262], [50.098311, 26.372668], [50.099548, 26.373065], [50.100846, 26.373486], [50.101517, 26.373702], [50.102681, 26.374073], [50.10336, 26.374298], [50.103571, 26.374393], [50.103774, 26.374637], [50.103853, 26.37476], [50.1043398, 26.3754532], [50.104447, 26.375641], [50.104493, 26.375896], [50.104453, 26.376465], [50.103911, 26.378361], [50.103876, 26.37885], [50.1040159, 26.3823754], [50.1040784, 26.384253], [50.1033103, 26.3844068], [50.102511, 26.3846663], [50.1017225, 26.3850219], [50.1006228, 26.3856947], [50.0988042, 26.3868096], [50.097785, 26.3873718], [50.0967872, 26.3878524], [50.0959074, 26.3882224], [50.0950438, 26.388554], [50.0946361, 26.3886645], [50.0938666, 26.3888739], [50.0928712, 26.3891595], [50.0909507, 26.3894093], [50.0893521, 26.3894958], [50.0880647, 26.3894478], [50.0864661, 26.3893228], [50.0853288, 26.3890826], [50.0820914, 26.3881431]]]}}, {"type": "Feature", "properties": {"name": "Al Hamra", "name_ar": "الحمراء", "admin_level": "10"}, "geometry": {"type": "Polygon", "coordinates": [[[50.085836, 26.459005], [50.096292, 26.458999], [50.096697, 26.458975], [50.0974606, 26.4588856], [50.097487, 26.459095], [50.0974448, 26.4594392], [50.097405, 26.459832], [50.097288, 26.460089], [50.096754, 26.460857], [50.096625, 26.461202], [50.0968379, 26.477646], [50.094918, 26.477609], [50.088762, 26.477602], [50.08875, 26.480933], [50.085948, 26.480904], [50.085967, 26.4785], [50.085609, 26.477724], [50.085489, 26.477222], [50.085522, 26.476924], [50.085846, 26.475798], [50.08592, 26.475277], [50.085917, 26.468338], [50.085836, 26.459005]]]}}, {"type": "Feature", "properties": {"name": "Hajr", "name_ar": "هجر", "admin_level": "10"}, "geometry": {"type": "Polygon", "coordinates": [[[50.124339, 26.373262], [50.122894, 26.37353], [50.112226, 26.375254], [50.1106167, 26.3753959], [50.1101285, 26.3754488], [50.1082778, 26.3754536], [50.1072103, 26.3754007], [50.1066631, 26.375343], [50.1060318, 26.3753122], [50.1057098, 26.3752692], [50.1050988, 26.3753012], [50.1043398, 26.3754532], [50.103853, 26.37476], [50.103774, 26.374637], [50.103571, 26.374393], [50.10336, 26.374298], [50.102681, 26.374073], [50.101517, 26.373702], [50.100846, 26.373486], [50.099548, 26.373065], [50.098311, 26.372668], [50.098153, 26.37262], [50.097087, 26.372279], [50.095295, 26.371706], [50.093246, 26.371025], [50.093088, 26.370981], [50.096598, 26.365508], [50.097507, 26.363884], [50.098515, 26.361787], [50.101385, 26.354877], [50.108075, 26.337245], [50.10815, 26.337038], [50.108397, 26.337143], [50.109793, 26.337816], [50.110442, 26.338149], [50.11109, 26.338517], [50.111498, 26.338763], [50.112516, 26.33941], [50.113332, 26.339984], [50.114059, 26.340508], [50.115328, 26.341512], [50.1202512, 26.3454218], [50.1221609, 26.3467198], [50.1239312, 26.3476427], [50.125916, 26.3484503], [50.127195, 26.348892], [50.127235, 26.349671], [50.127437, 26.352686], [50.128004, 26.35963], [50.128061, 26.35973], [50.129436, 26.360858], [50.129262, 26.361078], [50.12815, 26.362639], [50.127855, 26.363121], [50.127193, 26.364378], [50.126732, 26.36543], [50.126358, 26.366458], [50.125776, 26.368359], [50.124339, 26.373262]]]}}, {"type": "Feature", "properties": {"name": "Al Buhayrah", "name_ar": "البحيرة", "admin_level": "10"}, "geometry": {"type": "Polygon", "coordinates": [[[50.0726193, 26.4634301], [50.072558, 26.464362], [50.072295, 26.465268], [50.072119, 26.465585], [50.071744, 26.466139], [50.070733, 26.46728], [50.069972, 26.468246], [50.069368, 26.469101], [50.068639, 26.470276], [50.067743, 26.471984], [50.0668861, 26.4741504], [50.0589911, 26.4714854], [50.0585071, 26.4713084], [50.060839, 26.465573], [50.062043, 26.46415], [50.062752, 26.463728], [50.063272, 26.463515], [50.063767, 26.463369], [50.068362, 26.462706], [50.068773, 26.462689], [50.069245, 26.462728], [50.069668, 26.462815], [50.071025, 26.463214], [50.0726193, 26.4634301]]]}}, {"type": "Feature", "properties": {"name": "Al Jawharah", "name_ar": "الجوهرة", "admin_level": "10"}, "geometry": {"type": "Polygon", "coordinates": [[[50.085917, 26.468338], [50.084288, 26.467642], [50.084244, 26.467626], [50.0842, 26.46761], [50.084168, 26.467598], [50.084136, 26.467589], [50.084104, 26.46758], [50.084072, 26.46757], [50.08404, 26.467561], [50.084007, 26.467554], [50.083975, 26.467547], [50.083942, 26.46754], [50.083909, 26.467533], [50.083876, 26.467529], [50.083837, 26.467522], [50.08377, 26.467514], [50.083703, 26.467509], [50.083636, 26.467504], [50.083557, 26.467499], [50.081439, 26.467495], [50.080876, 26.467494], [50.079943, 26.467499], [50.079663, 26.467499], [50.079297, 26.467499], [50.078931, 26.467499], [50.078565, 26.467499], [50.078199, 26.467499], [50.077833, 26.467499], [50.077818, 26.467499], [50.07745, 26.467492], [50.077091, 26.467449], [50.077082, 26.467449], [50.077027, 26.467437], [50.076973, 26.467425], [50.076919, 26.467414], [50.076882, 26.467405], [50.076865, 26.467402], [50.076812, 26.467388], [50.076759, 26.467372], [50.076721, 26.467363], [50.076215, 26.467163], [50.076182, 26.467147], [50.076135, 26.467122], [50.076089, 26.467097], [50.076043, 26.46707], [50.075997, 26.467044], [50.075952, 26.467017], [50.075538, 26.466753], [50.073802, 26.468727], [50.073301, 26.469555], [50.071734, 26.472134], [50.071626, 26.472308], [50.071234, 26.472982], [50.071124, 26.473232], [50.07038, 26.474948], [50.0703, 26.475128], [50.0668861, 26.4741504], [50.067743, 26.471984], [50.068639, 26.470276], [50.069368, 26.469101], [50.069972, 26.468246], [50.070733, 26.46728], [50.071744, 26.466139], [50.072119, 26.465585], [50.072295, 26.465268], [50.072558, 26.464362], [50.0726193, 26.4634301], [50.074096, 26.462509], [50.075985, 26.46183], [50.076885, 26.461426], [50.08002, 26.459581], [50.080512, 26.459368], [50.0810539, 26.459208], [50.08122, 26.459151], [50.081768, 26.459051], [50.082357, 26.459005], [50.085836, 26.459005], [50.085917, 26.468338]]]}}, {"type": "Feature", "properties": {"name": "Ar Rabiyah", "name_ar": "الرابية", "admin_level": "10"}, "geometry": {"type": "Polygon", "coordinates": [[[50.02636, 26.462722], [50.026939, 26.462195], [50.027658, 26.461539], [50.0282, 26.46106], [50.02835, 26.460919], [50.02839, 26.46088], [50.028978, 26.46034], [50.029474, 26.459899], [50.029745, 26.459653], [50.039847, 26.462899], [50.03827, 26.466579], [50.035584, 26.46571], [50.034772, 26.465447], [50.032506, 26.464714], [50.03135, 26.464338], [50.030645, 26.46411], [50.029945, 26.463884], [50.027465, 26.463082], [50.02636, 26.462722]]]}}, {"type": "Feature", "properties": {"name": "Ettisalat", "name_ar": "الاتصالات", "admin_level": "10"}, "geometry": {"type": "Polygon", "coordinates": [[[50.0959043, 26.4139858], [50.0950291, 26.4150016], [50.0947701, 26.4153236], [50.0944671, 26.4156056], [50.0930841, 26.4165146], [50.0923551, 26.4170496], [50.0907751, 26.4183516], [50.0902411, 26.4188736], [50.090058, 26.419024], [50.089948, 26.419164], [50.089842, 26.419309], [50.0889828, 26.4208064], [50.0775289, 26.4150304], [50.0826812, 26.406794], [50.0826862, 26.406787], [50.0946, 26.412797], [50.095141, 26.413146], [50.0959043, 26.4139858]]]}}, {"type": "Feature", "properties": {"name": "Ibn Khaldun", "name_ar": "ابن خلدون", "admin_level": "10"}, "geometry": {"type": "Polygon", "coordinates": [[[50.0902411, 26.4188736], [50.092894, 26.420266], [50.092999, 26.420316], [50.093106, 26.42036], [50.093216, 26.420397], [50.093328, 26.420429], [50.093442, 26.420454], [50.093557, 26.420473], [50.093672, 26.420485], [50.093788, 26.420491], [50.093905, 26.42049], [50.104914, 26.420498], [50.104059, 26.421855], [50.103295, 26.422945], [50.102488, 26.423975], [50.1005, 26.426701], [50.0965732, 26.4246668], [50.0889828, 26.4208064], [50.089842, 26.419309], [50.089948, 26.419164], [50.090058, 26.419024], [50.0902411, 26.4188736]]]}}, {"type": "Feature", "properties": {"name": "As Suq", "name_ar": "السوق", "admin_level": "10"}, "geometry": {"type": "Polygon", "coordinates": [[[50.096571, 26.443399], [50.0966062, 26.4385188], [50.1009172, 26.4384518], [50.1078053, 26.4384854], [50.10781, 26.438545], [50.107747, 26.442277], [50.106586, 26.442289], [50.105214, 26.442495], [50.101205, 26.442573], [50.100722, 26.442623], [50.098278, 26.443105], [50.096571, 26.443399]]]}}, {"type": "Feature", "properties": {"name": "Tihamah", "name_ar": "تهامة", "admin_level": "10"}, "geometry": {"type": "Polygon", "coordinates": [[[50.136664, 26.353587], [50.131356, 26.358834], [50.129436, 26.360858], [50.128061, 26.35973], [50.128004, 26.35963], [50.127437, 26.352686], [50.127235, 26.349671], [50.127195, 26.348892], [50.13006, 26.349786], [50.131185, 26.350205], [50.132216, 26.350664], [50.133827, 26.351513], [50.136103, 26.353109], [50.136664, 26.353587]]]}}, {"type": "Feature", "properties": {"name": "Ar Rabie", "name_ar": "الربيع", "admin_level": "10"}, "geometry": {"type": "Polygon", "coordinates": [[[50.1180031, 26.4408624], [50.1180645, 26.4422456], [50.107747, 26.442277], [50.10781, 26.438545], [50.1078053, 26.4384854], [50.117998, 26.438499], [50.1180031, 26.4408624]]]}}, {"type": "Feature", "properties": {"name": "An Nawras", "name_ar": "النورس", "admin_level": "10"}, "geometry": {"type": "Polygon", "coordinates": [[[50.1810086, 26.4026552], [50.181722, 26.403062], [50.182112, 26.403294], [50.183889, 26.40435], [50.190223, 26.408141], [50.192203, 26.409325], [50.193915, 26.410307], [50.193916, 26.410307], [50.214066, 26.422389], [50.197101, 26.444844], [50.184316, 26.418851], [50.183353, 26.41724], [50.183165, 26.417045], [50.181341, 26.414105], [50.178887, 26.415689], [50.178204, 26.415967], [50.176201, 26.416493], [50.175118, 26.41339], [50.174717, 26.412024], [50.176542, 26.409775], [50.1810086, 26.4026552]]]}}, {"type": "Feature", "properties": {"name": "Al Faisaliyah", "name_ar": "الفيصلية", "admin_level": "10"}, "geometry": {"type": "Polygon", "coordinates": [[[50.0678181, 26.4100961], [50.06053, 26.406455], [50.0428475, 26.3974628], [50.061205, 26.376043], [50.062097, 26.374816], [50.0728512, 26.3823115], [50.076043, 26.3845558], [50.0788593, 26.3864876], [50.0805545, 26.3874872], [50.0820914, 26.3881431], [50.0678181, 26.4100961]]]}}, {"type": "Feature", "properties": {"name": "Al Amamrah", "name_ar": "العمامرة", "admin_level": "10"}, "geometry": {"type": "Polygon", "coordinates": [[[50.108234, 26.446546], [50.107969, 26.444572], [50.10787, 26.443872], [50.10776, 26.443193], [50.107747, 26.442277], [50.1180645, 26.4422456], [50.1180027, 26.4461894], [50.109238, 26.446516], [50.108234, 26.446546]]]}}, {"type": "Feature", "properties": {"name": "Al Badi", "name_ar": "البديع", "admin_level": "10"}, "geometry": {"type": "Polygon", "coordinates": [[[50.108672, 26.456235], [50.108297, 26.448013], [50.108267, 26.447172], [50.108234, 26.446546], [50.109238, 26.446516], [50.1180027, 26.4461894], [50.118255, 26.447392], [50.119722, 26.453556], [50.118891, 26.453708], [50.114361, 26.454532], [50.113919, 26.4546202], [50.112638, 26.454911], [50.112148, 26.455292], [50.111679, 26.4562], [50.108672, 26.456235]]]}}, {"type": "Feature", "properties": {"name": "Ash Shati Ash Sharqi", "name_ar": "الشاطئ الشرقي", "admin_level": "10"}, "geometry": {"type": "Polygon", "coordinates": [[[50.130059, 26.497478], [50.129321, 26.4945], [50.1272705, 26.4857865], [50.122271, 26.464539], [50.1220494, 26.4635286], [50.121738, 26.462109], [50.120168, 26.455598], [50.119722, 26.453556], [50.120926, 26.453336], [50.122955, 26.452973], [50.127043, 26.452141], [50.131917, 26.451247], [50.132068, 26.455209], [50.13212, 26.456982], [50.132232, 26.457813], [50.132468, 26.461619], [50.132471, 26.462763], [50.132554, 26.463624], [50.132634, 26.467197], [50.1328404, 26.4719535], [50.132941, 26.474294], [50.133122, 26.47642], [50.133325, 26.477778], [50.133563, 26.483619], [50.133666, 26.484637], [50.133716, 26.486362], [50.133959, 26.489218], [50.134235, 26.493734], [50.13423, 26.494506], [50.134119, 26.495147], [50.133839, 26.495712], [50.133533, 26.496092], [50.132903, 26.496648], [50.132382, 26.496947], [50.131952, 26.497116], [50.130059, 26.497478]]]}}, {"type": "Feature", "properties": {"name": "Al Fayha", "name_ar": "الفيحاء", "admin_level": "10"}, "geometry": {"type": "Polygon", "coordinates": [[[50.0405149, 26.4296796], [50.0422519, 26.4310226], [50.0503179, 26.4376936], [50.05002, 26.438073], [50.043764, 26.446424], [50.0419, 26.448548], [50.039796, 26.450573], [50.028909, 26.443123], [50.029256, 26.442706], [50.030169, 26.441664], [50.03039, 26.441411], [50.032041, 26.439512], [50.034213, 26.437016], [50.035064, 26.436037], [50.038072, 26.43252], [50.038397, 26.43214], [50.039672, 26.43067], [50.0405149, 26.4296796]]]}}, {"type": "Feature", "properties": {"name": "Al Kuthriah", "name_ar": "الخضرية", "admin_level": "10"}, "geometry": {"type": "Polygon", "coordinates": [[[50.0503179, 26.4376936], [50.052255, 26.43927], [50.053039, 26.439656], [50.053624, 26.439862], [50.054371, 26.440053], [50.05812, 26.44037], [50.051856, 26.455673], [50.048924, 26.462636], [50.047642, 26.465484], [50.039847, 26.462899], [50.029745, 26.459653], [50.033897, 26.455919], [50.039796, 26.450573], [50.0419, 26.448548], [50.043764, 26.446424], [50.05002, 26.438073], [50.0503179, 26.4376936]]]}}, {"type": "Feature", "properties": {"name": "Madinat Al Ummal", "name_ar": "مدينة العمال", "admin_level": "10"}, "geometry": {"type": "Polygon", "coordinates": [[[50.104914, 26.420498], [50.108261, 26.4205], [50.108374, 26.420127], [50.108391, 26.419833], [50.108356, 26.417815], [50.107992, 26.416613], [50.109487, 26.415936], [50.1102, 26.417324], [50.1151246, 26.4250518], [50.1146916, 26.4252748], [50.1089066, 26.4282358], [50.1083106, 26.4284608], [50.1078869, 26.4285386], [50.105204, 26.4285716], [50.1044691, 26.4285272], [50.104064, 26.4284203], [50.1005, 26.426701], [50.102488, 26.423975], [50.103295, 26.422945], [50.104059, 26.421855], [50.104914, 26.420498]]]}}, {"type": "Feature", "properties": {"name": "An Nuzhah", "name_ar": "النزهة", "admin_level": "10"}, "geometry": {"type": "Polygon", "coordinates": [[[50.110319, 26.41127], [50.110318, 26.411268], [50.106671, 26.405463], [50.106414, 26.405216], [50.105886, 26.40487], [50.1038121, 26.4037426], [50.1043949, 26.4030064], [50.1046529, 26.4025304], [50.1047549, 26.4018904], [50.1046329, 26.4009114], [50.1040784, 26.384253], [50.1040159, 26.3823754], [50.103876, 26.37885], [50.103911, 26.378361], [50.104453, 26.376465], [50.104493, 26.375896], [50.104447, 26.375641], [50.1043398, 26.3754532], [50.1050988, 26.3753012], [50.1057098, 26.3752692], [50.1060318, 26.3753122], [50.1066631, 26.375343], [50.1072103, 26.3754007], [50.1082778, 26.3754536], [50.1101285, 26.3754488], [50.1106167, 26.3753959], [50.1115945, 26.3786447], [50.1127545, 26.3816107], [50.113397, 26.383031], [50.114668, 26.385005], [50.115991, 26.386944], [50.119069, 26.391108], [50.118442, 26.393242], [50.117161, 26.39747], [50.116189, 26.399875], [50.114608, 26.403059], [50.110465, 26.410993], [50.110319, 26.41127]]]}}, {"type": "Feature", "properties": {"name": "Al Ferdous", "name_ar": "الفردوس", "admin_level": "10"}, "geometry": {"type": "Polygon", "coordinates": [[[50.119069, 26.391108], [50.115991, 26.386944], [50.114668, 26.385005], [50.113397, 26.383031], [50.1127545, 26.3816107], [50.1115945, 26.3786447], [50.1106167, 26.3753959], [50.112226, 26.375254], [50.122894, 26.37353], [50.124339, 26.373262], [50.121474, 26.38293], [50.119069, 26.391108]]]}}, {"type": "Feature", "properties": {"name": "Qasr Al Khalij", "name_ar": "قصر الخليج", "admin_level": "10"}, "geometry": {"type": "Polygon", "coordinates": [[[50.13586, 26.368869], [50.139087, 26.367325], [50.140159, 26.366734], [50.141262, 26.366224], [50.1414245, 26.3660863], [50.1421326, 26.3659133], [50.1426691, 26.3658556], [50.1439163, 26.3658965], [50.1444554, 26.3658268], [50.146498, 26.364867], [50.145965, 26.363755], [50.145769, 26.363397], [50.145753, 26.363366], [50.14549, 26.362863], [50.14511, 26.362263], [50.144947, 26.362003], [50.143673, 26.360241], [50.142265, 26.358549], [50.141452, 26.35766], [50.139072, 26.355436], [50.136664, 26.353587], [50.131356, 26.358834], [50.129436, 26.360858], [50.129262, 26.361078], [50.12815, 26.362639], [50.127855, 26.363121], [50.127193, 26.364378], [50.126732, 26.36543], [50.126358, 26.366458], [50.125776, 26.368359], [50.124339, 26.373262], [50.127252, 26.372786], [50.128358, 26.372463], [50.129795, 26.371822], [50.134079, 26.369751], [50.13586, 26.368869]]]}}, {"type": "Feature", "properties": {"name": "At Tubayshi", "name_ar": "الطبيشي", "admin_level": "10"}, "geometry": {"type": "Polygon", "coordinates": [[[50.117998, 26.438499], [50.1180031, 26.4408624], [50.1200581, 26.4394084], [50.1220721, 26.4381914], [50.1273761, 26.4348574], [50.1305754, 26.4328201], [50.1326566, 26.4314579], [50.132052, 26.423996], [50.130038, 26.424735], [50.129378, 26.424984], [50.128984, 26.425223], [50.128701, 26.425441], [50.128434, 26.425656], [50.12828, 26.425781], [50.126775, 26.427406], [50.126042, 26.427828], [50.125531, 26.428096], [50.124797, 26.428387], [50.124266, 26.428594], [50.123092, 26.429325], [50.119789, 26.429623], [50.119447, 26.429654], [50.118002, 26.430387], [50.118034, 26.43454], [50.118001, 26.43783], [50.117998, 26.438499]]]}}, {"type": "Feature", "properties": {"name": "Al Mazruiyah", "name_ar": "المزروعية", "admin_level": "10"}, "geometry": {"type": "Polygon", "coordinates": [[[50.1180031, 26.4408624], [50.1180645, 26.4422456], [50.1180027, 26.4461894], [50.118255, 26.447392], [50.119722, 26.453556], [50.120926, 26.453336], [50.122955, 26.452973], [50.127043, 26.452141], [50.131917, 26.451247], [50.1305754, 26.4328201], [50.1273761, 26.4348574], [50.1220721, 26.4381914], [50.1200581, 26.4394084], [50.1180031, 26.4408624]]]}}, {"type": "Feature", "properties": {"name": "As Safa", "name_ar": "الصفا", "admin_level": "10"}, "geometry": {"type": "Polygon", "coordinates": [[[50.1852985, 26.3957132], [50.183783, 26.398214], [50.183251, 26.399084], [50.183047, 26.399418], [50.1810086, 26.4026552], [50.178722, 26.401329], [50.177711, 26.400669], [50.176769, 26.399963], [50.176452, 26.399687], [50.175895, 26.399033], [50.17556, 26.398357], [50.175491, 26.397932], [50.175483, 26.397141], [50.175643, 26.396557], [50.175914, 26.396017], [50.177234, 26.393913], [50.177429, 26.393393], [50.177551, 26.392685], [50.177738, 26.389351], [50.177799, 26.385353], [50.177974, 26.381096], [50.178058, 26.3762], [50.178133, 26.373423], [50.183018, 26.374042], [50.183232, 26.374065], [50.183445, 26.374094], [50.183658, 26.374131], [50.183869, 26.374175], [50.184078, 26.374226], [50.184286, 26.374283], [50.184491, 26.374347], [50.184695, 26.374418], [50.184896, 26.374495], [50.185094, 26.374579], [50.18529, 26.37467], [50.188694, 26.376591], [50.19037, 26.377538], [50.195054, 26.380182], [50.194148, 26.381582], [50.193282, 26.382849], [50.189159, 26.389594], [50.185907, 26.394809], [50.1852985, 26.3957132]]]}}, {"type": "Feature", "properties": {"name": "Al Muntazah", "name_ar": "المنتزه", "admin_level": "10"}, "geometry": {"type": "Polygon", "coordinates": [[[50.1332056, 26.3862318], [50.130554, 26.384572], [50.129145, 26.384317], [50.121474, 26.38293], [50.124339, 26.373262], [50.127252, 26.372786], [50.128358, 26.372463], [50.129795, 26.371822], [50.134079, 26.369751], [50.13586, 26.368869], [50.1400084, 26.3761185], [50.1401183, 26.377385], [50.1400191, 26.3782495], [50.138853, 26.3796096], [50.1332056, 26.3862318]]]}}, {"type": "Feature", "properties": {"name": "Al Qadisiyah", "name_ar": "القادسية", "admin_level": "10"}, "geometry": {"type": "Polygon", "coordinates": [[[50.0703295, 26.4265289], [50.065506, 26.424161], [50.063328, 26.423015], [50.062762, 26.422724], [50.062143, 26.422406], [50.061848, 26.422255], [50.061318, 26.421974], [50.061527, 26.42158], [50.061825, 26.420934], [50.06298, 26.418574], [50.063403, 26.417704], [50.064272, 26.415953], [50.064633, 26.415295], [50.065029, 26.414575], [50.065167, 26.414326], [50.065455, 26.413869], [50.0678181, 26.4100961], [50.0775289, 26.4150304], [50.0771935, 26.4155902], [50.0720025, 26.4239812], [50.0703295, 26.4265289]]]}}, {"type": "Feature", "properties": {"name": "Ghirnatah", "name_ar": "غرناطة", "admin_level": "10"}, "geometry": {"type": "Polygon", "coordinates": [[[50.0851134, 26.4340296], [50.0703295, 26.4265289], [50.0720025, 26.4239812], [50.0771935, 26.4155902], [50.0775289, 26.4150304], [50.0889828, 26.4208064], [50.085412, 26.426636], [50.085481, 26.432214], [50.0854156, 26.4329111], [50.0854096, 26.433129], [50.0851134, 26.4340296]]]}}, {"type": "Feature", "properties": {"name": "Al Adamah", "name_ar": "العدامة", "admin_level": "10"}, "geometry": {"type": "Polygon", "coordinates": [[[50.0965704, 26.4329133], [50.0965732, 26.4246668], [50.1005, 26.426701], [50.104064, 26.4284203], [50.1044691, 26.4285272], [50.105204, 26.4285716], [50.1078869, 26.4285386], [50.107832, 26.428874], [50.107783, 26.431054], [50.1078053, 26.4384854], [50.1009172, 26.4384518], [50.0966062, 26.4385188], [50.0965704, 26.4329133]]]}}, {"type": "Feature", "properties": {"name": "Prince Muhammed Ibn Saud", "name_ar": "الامير محمد بن سعود", "admin_level": "10"}, "geometry": {"type": "Polygon", "coordinates": [[[50.117998, 26.438499], [50.1078053, 26.4384854], [50.107783, 26.431054], [50.107832, 26.428874], [50.1078869, 26.4285386], [50.1083106, 26.4284608], [50.1089066, 26.4282358], [50.1146916, 26.4252748], [50.1151246, 26.4250518], [50.117643, 26.429056], [50.117939, 26.429759], [50.118002, 26.430387], [50.118034, 26.43454], [50.118001, 26.43783], [50.117998, 26.438499]]]}}, {"type": "Feature", "properties": {"name": "Ar Rawdah", "name_ar": "الروضة", "admin_level": "10"}, "geometry": {"type": "Polygon", "coordinates": [[[50.0775289, 26.4150304], [50.0678181, 26.4100961], [50.0820914, 26.3881431], [50.0853288, 26.3890826], [50.0864661, 26.3893228], [50.0880647, 26.3894478], [50.0893521, 26.3894958], [50.0909507, 26.3894093], [50.0928712, 26.3891595], [50.0938666, 26.3888739], [50.092403, 26.391346], [50.089496, 26.395973], [50.0891528, 26.3963634], [50.0826862, 26.406787], [50.0826812, 26.406794], [50.0775289, 26.4150304]]]}}, {"type": "Feature", "properties": {"name": "Taibah", "name_ar": "طيبة", "admin_level": "10"}, "geometry": {"type": "Polygon", "coordinates": [[[50.0718684, 26.3632247], [50.063476, 26.372951], [50.063105, 26.373387], [50.062097, 26.374816], [50.056924, 26.371291], [50.054397, 26.369757], [50.052926, 26.368765], [50.051493, 26.367721], [50.04919, 26.365867], [50.04505, 26.362217], [50.043761, 26.361225], [50.042405, 26.360325], [50.04099, 26.359522], [50.039523, 26.358819], [50.03801, 26.35822], [50.0302832, 26.3549028], [50.0311762, 26.3511478], [50.0318702, 26.3477718], [50.0335986, 26.3392757], [50.043521, 26.345291], [50.052319, 26.350922], [50.0718684, 26.3632247]]]}}, {"type": "Feature", "properties": {"name": "Al Jamiyin", "name_ar": "الجامعيين", "admin_level": "10"}, "geometry": {"type": "Polygon", "coordinates": [[[50.0938666, 26.3888739], [50.092403, 26.391346], [50.089496, 26.395973], [50.0891528, 26.3963634], [50.0901748, 26.3968844], [50.0916938, 26.3976634], [50.0949128, 26.3992954], [50.0962668, 26.3999804], [50.0969578, 26.4003314], [50.1038121, 26.4037426], [50.1043949, 26.4030064], [50.1046529, 26.4025304], [50.1047549, 26.4018904], [50.1046329, 26.4009114], [50.1040784, 26.384253], [50.1033103, 26.3844068], [50.102511, 26.3846663], [50.1017225, 26.3850219], [50.1006228, 26.3856947], [50.0988042, 26.3868096], [50.097785, 26.3873718], [50.0967872, 26.3878524], [50.0959074, 26.3882224], [50.0950438, 26.388554], [50.0946361, 26.3886645], [50.0938666, 26.3888739]]]}}, {"type": "Feature", "properties": {"name": "Ar Rayyan", "name_ar": "الريان", "admin_level": "10"}, "geometry": {"type": "Polygon", "coordinates": [[[50.1038121, 26.4037426], [50.1032433, 26.4043663], [50.1001383, 26.4079393], [50.0982253, 26.4102703], [50.0977703, 26.4109153], [50.0959043, 26.4139858], [50.095141, 26.413146], [50.0946, 26.412797], [50.0826862, 26.406787], [50.0891528, 26.3963634], [50.0901748, 26.3968844], [50.0916938, 26.3976634], [50.0949128, 26.3992954], [50.0962668, 26.3999804], [50.0969578, 26.4003314], [50.1038121, 26.4037426]]]}}, {"type": "Feature", "properties": {"name": "As Sinaiyah", "name_ar": "الصناعية", "admin_level": "10"}, "geometry": {"type": "Polygon", "coordinates": [[[50.028909, 26.443123], [50.039796, 26.450573], [50.033897, 26.455919], [50.029745, 26.459653], [50.029474, 26.459899], [50.028978, 26.46034], [50.02839, 26.46088], [50.02835, 26.460919], [50.0282, 26.46106], [50.027658, 26.461539], [50.026939, 26.462195], [50.02636, 26.462722], [50.026344, 26.462738], [50.025732, 26.463291], [50.025214, 26.463755], [50.024614, 26.464308], [50.02426, 26.464628], [50.023643, 26.465184], [50.023504, 26.465312], [50.023474, 26.465339], [50.023005, 26.46576], [50.022533, 26.466185], [50.022284, 26.466411], [50.021781, 26.466866], [50.021373, 26.467238], [50.021032, 26.467543], [50.020454, 26.468063], [50.020431, 26.468045], [50.020437, 26.468078], [50.020436, 26.468079], [50.012787, 26.462335], [50.012488, 26.462155], [50.012045, 26.461967], [50.011835, 26.461882], [50.009044, 26.459784], [50.0082199, 26.4592469], [50.008681, 26.458218], [50.008704, 26.458157], [50.008978, 26.457446], [50.009342, 26.456542], [50.009599, 26.455792], [50.009607, 26.455748], [50.009816, 26.455152], [50.009855, 26.455035], [50.010125, 26.454204], [50.01039, 26.4532], [50.010787, 26.45158], [50.010938, 26.450831], [50.011117, 26.449948], [50.011338, 26.448779], [50.011492, 26.447654], [50.011545, 26.447256], [50.011603, 26.446816], [50.011691, 26.446177], [50.011724, 26.445733], [50.011745, 26.445439], [50.01179, 26.444831], [50.011845, 26.442593], [50.011845, 26.441626], [50.011845, 26.44116], [50.011812, 26.440487], [50.011779, 26.439671], [50.011713, 26.438778], [50.011603, 26.437234], [50.011503, 26.43558], [50.01135, 26.433382], [50.011872, 26.433156], [50.012624, 26.432999], [50.014089, 26.432981], [50.014406, 26.433063], [50.014784, 26.433226], [50.015186, 26.433457], [50.022757, 26.438847], [50.025478, 26.440701], [50.028909, 26.443123]]]}}, {"type": "Feature", "properties": {"name": "Ohod", "name_ar": "احد", "admin_level": "10"}, "geometry": {"type": "Polygon", "coordinates": [[[50.06053, 26.406455], [50.060364, 26.406634], [50.055055, 26.412842], [50.04374, 26.425849], [50.0405149, 26.4296796], [50.0383419, 26.4279447], [50.0367942, 26.426808], [50.0358367, 26.4261649], [50.034045, 26.4250312], [50.0328004, 26.4243202], [50.0299868, 26.4229871], [50.0259891, 26.4213697], [50.027222, 26.419627], [50.0428475, 26.3974628], [50.06053, 26.406455]]]}}, {"type": "Feature", "properties": {"name": "Badr", "name_ar": "بدر", "admin_level": "10"}, "geometry": {"type": "Polygon", "coordinates": [[[50.0259891, 26.4213697], [50.027222, 26.419627], [50.0428475, 26.3974628], [50.03511, 26.393494], [50.033664, 26.392643], [50.031528, 26.391197], [50.028846, 26.388977], [50.027435, 26.387892], [50.025093, 26.386386], [50.022689, 26.385101], [50.02161, 26.3845454], [50.021287, 26.3858684], [50.020408, 26.3887844], [50.015389, 26.4050834], [50.013465, 26.4115104], [50.012291, 26.4158364], [50.0122248, 26.4161453], [50.0148071, 26.4169137], [50.0205371, 26.4191177], [50.0252031, 26.4210477], [50.0259891, 26.4213697]]]}}, {"type": "Feature", "properties": {"name": "Al Khalij", "name_ar": "الخليج", "admin_level": "10"}, "geometry": {"type": "Polygon", "coordinates": [[[50.0816909, 26.4422242], [50.094232, 26.443341], [50.095216, 26.443372], [50.096571, 26.443399], [50.0966197, 26.448723], [50.089715, 26.449658], [50.088679, 26.449807], [50.082822, 26.449688], [50.08192, 26.44976], [50.081572, 26.449853], [50.0812303, 26.4499788], [50.0806554, 26.4501426], [50.080649, 26.449868], [50.08059, 26.449481], [50.080585, 26.445736], [50.080548, 26.445281], [50.080671, 26.444277], [50.080879, 26.443704], [50.0816909, 26.4422242]]]}}, {"type": "Feature", "properties": {"name": "Al Muraikabat", "name_ar": "المريكبات", "admin_level": "10"}, "geometry": {"type": "Polygon", "coordinates": [[[50.0902411, 26.4188736], [50.092894, 26.420266], [50.092999, 26.420316], [50.093106, 26.42036], [50.093216, 26.420397], [50.093328, 26.420429], [50.093442, 26.420454], [50.093557, 26.420473], [50.093672, 26.420485], [50.093788, 26.420491], [50.093905, 26.42049], [50.104914, 26.420498], [50.108261, 26.4205], [50.108374, 26.420127], [50.108391, 26.419833], [50.108356, 26.417815], [50.107992, 26.416613], [50.109487, 26.415936], [50.10946, 26.415861], [50.109271, 26.414531], [50.109371, 26.413527], [50.109711, 26.412434], [50.110319, 26.41127], [50.110318, 26.411268], [50.106671, 26.405463], [50.106414, 26.405216], [50.105886, 26.40487], [50.1038121, 26.4037426], [50.1032433, 26.4043663], [50.1001383, 26.4079393], [50.0982253, 26.4102703], [50.0977703, 26.4109153], [50.0959043, 26.4139858], [50.0950291, 26.4150016], [50.0947701, 26.4153236], [50.0944671, 26.4156056], [50.0930841, 26.4165146], [50.0923551, 26.4170496], [50.0907751, 26.4183516], [50.0902411, 26.4188736]]]}}, {"type": "Feature", "properties": {"name": "An Nahdah", "name_ar": "النهضة", "admin_level": "10"}, "geometry": {"type": "Polygon", "coordinates": [[[50.149676, 26.386508], [50.147007, 26.387589], [50.142471, 26.389194], [50.141117, 26.389761], [50.140941, 26.389864], [50.140766, 26.39006], [50.140152, 26.391111], [50.1332056, 26.3862318], [50.138853, 26.3796096], [50.1400191, 26.3782495], [50.1401183, 26.377385], [50.1400084, 26.3761185], [50.13586, 26.368869], [50.139087, 26.367325], [50.140159, 26.366734], [50.141262, 26.366224], [50.1414245, 26.3660863], [50.1421326, 26.3659133], [50.1426691, 26.3658556], [50.1439163, 26.3658965], [50.1444554, 26.3658268], [50.146498, 26.364867], [50.147625, 26.367472], [50.147879, 26.368216], [50.148349, 26.369855], [50.148673, 26.371373], [50.148863, 26.372777], [50.148971, 26.374022], [50.14904, 26.376303], [50.149051, 26.379713], [50.14913, 26.381674], [50.149536, 26.385599], [50.149654, 26.385906], [50.149675, 26.386507], [50.149676, 26.386508]]]}}, {"type": "Feature", "properties": {"name": "As Saif", "name_ar": "السيف", "admin_level": "10"}, "geometry": {"type": "Polygon", "coordinates": [[[50.222433, 26.405934], [50.234236, 26.385686], [50.19833, 26.375198], [50.198128, 26.375467], [50.197283, 26.376594], [50.196236, 26.378166], [50.195054, 26.380182], [50.194148, 26.381582], [50.193282, 26.382849], [50.189159, 26.389594], [50.206599, 26.398065], [50.222433, 26.405934]]]}}, {"type": "Feature", "properties": {"name": "Al Manar", "name_ar": "المنار", "admin_level": "10"}, "geometry": {"type": "Polygon", "coordinates": [[[50.062097, 26.374816], [50.056924, 26.371291], [50.054397, 26.369757], [50.052926, 26.368765], [50.051493, 26.367721], [50.04919, 26.365867], [50.04505, 26.362217], [50.043761, 26.361225], [50.042405, 26.360325], [50.04099, 26.359522], [50.039523, 26.358819], [50.03801, 26.35822], [50.0302832, 26.3549028], [50.029202, 26.358986], [50.027963, 26.363319], [50.02161, 26.3845454], [50.022689, 26.385101], [50.025093, 26.386386], [50.027435, 26.387892], [50.028846, 26.388977], [50.031528, 26.391197], [50.033664, 26.392643], [50.03511, 26.393494], [50.0428475, 26.3974628], [50.061205, 26.376043], [50.062097, 26.374816]]]}}, {"type": "Feature", "properties": {"name": "An Noor", "name_ar": "النور", "admin_level": "10"}, "geometry": {"type": "Polygon", "coordinates": [[[50.028909, 26.443123], [50.02891, 26.443124], [50.029256, 26.442706], [50.030169, 26.441664], [50.03039, 26.441411], [50.032041, 26.439512], [50.034213, 26.437016], [50.035064, 26.436037], [50.038072, 26.43252], [50.038397, 26.43214], [50.039672, 26.43067], [50.0405149, 26.4296796], [50.0383419, 26.4279447], [50.0367942, 26.426808], [50.0358367, 26.4261649], [50.034045, 26.4250312], [50.0328004, 26.4243202], [50.0299868, 26.4229871], [50.0259891, 26.4213697], [50.0252031, 26.4210477], [50.0205371, 26.4191177], [50.0148071, 26.4169137], [50.0122248, 26.4161453], [50.011702, 26.418434], [50.011261, 26.421621], [50.011128, 26.423043], [50.010974, 26.426142], [50.010974, 26.42752], [50.011073, 26.429427], [50.01135, 26.433382], [50.011872, 26.433156], [50.012624, 26.432999], [50.014089, 26.432981], [50.014406, 26.433063], [50.014784, 26.433226], [50.015186, 26.433457], [50.022757, 26.438847], [50.025478, 26.440701], [50.028909, 26.443123]]]}}, {"type": "Feature", "properties": {"name": "As Salam", "name_ar": "السلام", "admin_level": "10"}, "geometry": {"type": "Polygon", "coordinates": [[[50.0966197, 26.448723], [50.098573, 26.448434], [50.098852, 26.448384], [50.105622, 26.446652], [50.108234, 26.446546], [50.108267, 26.447172], [50.108297, 26.448013], [50.108672, 26.456235], [50.108424, 26.456247], [50.105243, 26.456273], [50.103334, 26.45653], [50.102728, 26.456657], [50.101876, 26.45692], [50.100739, 26.457416], [50.099995, 26.457775], [50.098884, 26.458401], [50.0974606, 26.4588856], [50.09662, 26.457808], [50.096567, 26.457517], [50.0966197, 26.448723]]]}}, {"type": "Feature", "properties": {"name": "Az Zuhur", "name_ar": "الزهور", "admin_level": "10"}, "geometry": {"type": "Polygon", "coordinates": [[[50.0806554, 26.4501426], [50.0807962, 26.4507258], [50.0810212, 26.4521894], [50.0810324, 26.4584027], [50.0810539, 26.459208], [50.08122, 26.459151], [50.081768, 26.459051], [50.082357, 26.459005], [50.085836, 26.459005], [50.096292, 26.458999], [50.096697, 26.458975], [50.0974606, 26.4588856], [50.09662, 26.457808], [50.096567, 26.457517], [50.0966197, 26.448723], [50.089715, 26.449658], [50.088679, 26.449807], [50.082822, 26.449688], [50.08192, 26.44976], [50.081572, 26.449853], [50.0812303, 26.4499788], [50.0806554, 26.4501426]]]}}, {"type": "Feature", "properties": {"name": "Ad Dawasir", "name_ar": "الدواسر", "admin_level": "10"}, "geometry": {"type": "Polygon", "coordinates": [[[50.107747, 26.442277], [50.106586, 26.442289], [50.105214, 26.442495], [50.101205, 26.442573], [50.100722, 26.442623], [50.098278, 26.443105], [50.096571, 26.443399], [50.0966197, 26.448723], [50.098573, 26.448434], [50.098852, 26.448384], [50.105622, 26.446652], [50.108234, 26.446546], [50.107969, 26.444572], [50.10787, 26.443872], [50.10776, 26.443193], [50.107747, 26.442277]]]}}, {"type": "Feature", "properties": {"name": "Al Anud", "name_ar": "العنود", "admin_level": "10"}, "geometry": {"type": "Polygon", "coordinates": [[[50.064689, 26.4408742], [50.065925, 26.4409662], [50.0816909, 26.4422242], [50.080879, 26.443704], [50.080671, 26.444277], [50.080548, 26.445281], [50.080585, 26.445736], [50.08059, 26.449481], [50.080649, 26.449868], [50.0806554, 26.4501426], [50.0783443, 26.4511039], [50.0777703, 26.4513249], [50.075807, 26.4516467], [50.064178, 26.453276], [50.062583, 26.453533], [50.064428, 26.443148], [50.064666, 26.441036], [50.064689, 26.4408742]]]}}, {"type": "Feature", "properties": {"name": "Ash Shati Al Gharbi", "name_ar": "الشاطئ الغربي", "admin_level": "10"}, "geometry": {"type": "Polygon", "coordinates": [[[50.111679, 26.4562], [50.1122206, 26.4570693], [50.112852, 26.459215], [50.113063, 26.459805], [50.113536, 26.460718], [50.114655, 26.462377], [50.115078, 26.463267], [50.115206, 26.463644], [50.115779, 26.465922], [50.115905, 26.466752], [50.11597, 26.467348], [50.116013, 26.470208], [50.11628, 26.471805], [50.116904, 26.474276], [50.117983, 26.47893], [50.11854, 26.480505], [50.118913, 26.481323], [50.119967, 26.484098], [50.121308, 26.489677], [50.121691, 26.491896], [50.121631, 26.494517], [50.121677, 26.49525], [50.121795, 26.495846], [50.122003, 26.496398], [50.122246, 26.496815], [50.122494, 26.497133], [50.123133, 26.49774], [50.123711, 26.498083], [50.124354, 26.498275], [50.12493, 26.498347], [50.125352, 26.498327], [50.128946, 26.497689], [50.130059, 26.497478], [50.129321, 26.4945], [50.1272705, 26.4857865], [50.122271, 26.464539], [50.1220494, 26.4635286], [50.121738, 26.462109], [50.120168, 26.455598], [50.119722, 26.453556], [50.118891, 26.453708], [50.114361, 26.454532], [50.113919, 26.4546202], [50.112638, 26.454911], [50.112148, 26.455292], [50.111679, 26.4562]]]}}, {"type": "Feature", "properties": {"name": "Ad Dabab", "name_ar": "الضباب", "admin_level": "10"}, "geometry": {"type": "Polygon", "coordinates": [[[50.061318, 26.421974], [50.060708, 26.423119], [50.059919, 26.424473], [50.058448, 26.426688], [50.053676, 26.433058], [50.0503179, 26.4376936], [50.0422519, 26.4310226], [50.0405149, 26.4296796], [50.04374, 26.425849], [50.055055, 26.412842], [50.060364, 26.406634], [50.06053, 26.406455], [50.0678181, 26.4100961], [50.065455, 26.413869], [50.065167, 26.414326], [50.065029, 26.414575], [50.064633, 26.415295], [50.064272, 26.415953], [50.063403, 26.417704], [50.06298, 26.418574], [50.061825, 26.420934], [50.061527, 26.42158], [50.061318, 26.421974]]]}}, {"type": "Feature", "properties": {"name": "Al Jalawiyah", "name_ar": "الجلوية", "admin_level": "10"}, "geometry": {"type": "Polygon", "coordinates": [[[50.064689, 26.4408742], [50.064713, 26.440788], [50.066559, 26.433683], [50.066875, 26.432606], [50.067169, 26.431812], [50.067995, 26.430257], [50.0703295, 26.4265289], [50.0851134, 26.4340296], [50.084942, 26.434557], [50.083814, 26.437384], [50.0816909, 26.4422242], [50.065925, 26.4409662], [50.064689, 26.4408742]]]}}, {"type": "Feature", "properties": {"name": "Al Nakhil", "name_ar": "النخيل", "admin_level": "10"}, "geometry": {"type": "Polygon", "coordinates": [[[50.0851134, 26.4340296], [50.0852698, 26.4341054], [50.0915892, 26.4373228], [50.0930492, 26.4380468], [50.0938862, 26.4384118], [50.0943492, 26.4385018], [50.0966062, 26.4385188], [50.096571, 26.443399], [50.095216, 26.443372], [50.094232, 26.443341], [50.0816909, 26.4422242], [50.083814, 26.437384], [50.084942, 26.434557], [50.0851134, 26.4340296]]]}}, {"type": "Feature", "properties": {"name": "Al Qazaz", "name_ar": "القزاز", "admin_level": "10"}, "geometry": {"type": "Polygon", "coordinates": [[[50.0854156, 26.4329111], [50.0891494, 26.4328823], [50.0965704, 26.4329133], [50.0966062, 26.4385188], [50.0943492, 26.4385018], [50.0938862, 26.4384118], [50.0930492, 26.4380468], [50.0915892, 26.4373228], [50.0852698, 26.4341054], [50.0851134, 26.4340296], [50.0854096, 26.433129], [50.0854156, 26.4329111]]]}}, {"type": "Feature", "properties": {"name": "Al Badiyah", "name_ar": "البادية", "admin_level": "10"}, "geometry": {"type": "Polygon", "coordinates": [[[50.0965732, 26.4246668], [50.0889828, 26.4208064], [50.085412, 26.426636], [50.085481, 26.432214], [50.0854156, 26.4329111], [50.0891494, 26.4328823], [50.0965704, 26.4329133], [50.0965732, 26.4246668]]]}}, {"type": "Feature", "properties": {"name": "An Nasriyah", "name_ar": "الناصرية", "admin_level": "10"}, "geometry": {"type": "Polygon", "coordinates": [[[50.131279, 26.412351], [50.129102, 26.4144202], [50.128939, 26.4145712], [50.128589, 26.4148922], [50.128284, 26.4151482], [50.126842, 26.4163592], [50.123724, 26.419055], [50.123279, 26.419453], [50.120171, 26.422196], [50.119257, 26.422866], [50.118698, 26.423232], [50.117971, 26.423629], [50.1151246, 26.4250518], [50.117643, 26.429056], [50.117939, 26.429759], [50.118002, 26.430387], [50.119447, 26.429654], [50.119789, 26.429623], [50.123092, 26.429325], [50.124266, 26.428594], [50.124797, 26.428387], [50.125531, 26.428096], [50.126042, 26.427828], [50.126775, 26.427406], [50.12828, 26.425781], [50.128434, 26.425656], [50.128701, 26.425441], [50.128984, 26.425223], [50.129378, 26.424984], [50.130038, 26.424735], [50.132052, 26.423996], [50.13178, 26.42027], [50.131761, 26.420274], [50.131758, 26.420243], [50.131715, 26.418931], [50.131673, 26.417636], [50.131279, 26.412351]]]}}, {"type": "Feature", "properties": {"name": "1st Industrial", "name_ar": "الصناعية الاولى", "admin_level": "10"}, "geometry": {"type": "Polygon", "coordinates": [[[50.1496585, 26.396029], [50.149362, 26.396296], [50.146832, 26.39855], [50.145227, 26.400043], [50.143258, 26.401699], [50.131279, 26.412351], [50.129145, 26.384317], [50.130554, 26.384572], [50.1332056, 26.3862318], [50.140152, 26.391111], [50.140766, 26.39006], [50.140941, 26.389864], [50.141117, 26.389761], [50.142471, 26.389194], [50.147007, 26.387589], [50.149676, 26.386508], [50.15053, 26.389914], [50.151184, 26.392295], [50.1515, 26.3932], [50.151833, 26.394157], [50.1496585, 26.396029]]]}}, {"type": "Feature", "properties": {"name": "Al Fanar", "name_ar": "الفنار", "admin_level": "10"}, "geometry": {"type": "Polygon", "coordinates": [[[50.214066, 26.422389], [50.2156179, 26.4201403], [50.220392, 26.413222], [50.218424, 26.41224], [50.1852985, 26.3957132], [50.183783, 26.398214], [50.183251, 26.399084], [50.183047, 26.399418], [50.1810086, 26.4026552], [50.181722, 26.403062], [50.182112, 26.403294], [50.183889, 26.40435], [50.190223, 26.408141], [50.192203, 26.409325], [50.193915, 26.410307], [50.193916, 26.410307], [50.214066, 26.422389]]]}}, {"type": "Feature", "properties": {"name": "Al Athir", "name_ar": "الأثير", "admin_level": "10"}, "geometry": {"type": "Polygon", "coordinates": [[[50.061318, 26.421974], [50.060708, 26.423119], [50.059919, 26.424473], [50.058448, 26.426688], [50.053676, 26.433058], [50.0503179, 26.4376936], [50.052255, 26.43927], [50.053039, 26.439656], [50.053624, 26.439862], [50.054371, 26.440053], [50.05812, 26.44037], [50.064689, 26.4408742], [50.064713, 26.440788], [50.066559, 26.433683], [50.066875, 26.432606], [50.067169, 26.431812], [50.067995, 26.430257], [50.0703295, 26.4265289], [50.065506, 26.424161], [50.063328, 26.423015], [50.062762, 26.422724], [50.062143, 26.422406], [50.061848, 26.422255], [50.061318, 26.421974]]]}}, {"type": "Feature", "properties": {"name": "Al Khalidiyah Ash Shamaliyah", "name_ar": "الخالدية الشمالية", "admin_level": "10"}, "geometry": {"type": "Polygon", "coordinates": [[[50.132052, 26.423996], [50.1326566, 26.4314579], [50.1372993, 26.4285044], [50.1381737, 26.4279759], [50.1390535, 26.4275292], [50.1409954, 26.4266597], [50.142535, 26.4259535], [50.1456034, 26.4245748], [50.1472503, 26.4240271], [50.1508605, 26.4230327], [50.1556992, 26.4216876], [50.1599532, 26.4204769], [50.1608776, 26.4201169], [50.161599, 26.41982], [50.1596935, 26.416281], [50.1564055, 26.410015], [50.1546365, 26.406274], [50.1513175, 26.399818], [50.1496585, 26.396029], [50.149362, 26.396296], [50.146832, 26.39855], [50.145227, 26.400043], [50.143258, 26.401699], [50.131279, 26.412351], [50.131673, 26.417636], [50.131715, 26.418931], [50.131758, 26.420243], [50.131761, 26.420274], [50.13178, 26.42027], [50.132052, 26.423996]]]}}, {"type": "Feature", "properties": {"name": "King Fahd University of Petroleum and Minerals", "name_ar": "جامعة الملك فهد للبترول والمعادن", "admin_level": "10"}, "geometry": {"type": "Polygon", "coordinates": [[[50.153601, 26.294515], [50.1540792, 26.2940354], [50.1545888, 26.2934102], [50.1548946, 26.2928283], [50.1555383, 26.2901446], [50.1586068, 26.2929437], [50.1611066, 26.295358], [50.1621151, 26.2961563], [50.1651835, 26.2980416], [50.163306, 26.3000807], [50.1623297, 26.3013599], [50.1612139, 26.3030238], [50.1601839, 26.3050339], [50.1589214, 26.3079482], [50.1580596, 26.3099101], [50.1572442, 26.3114104], [50.1566112, 26.312324], [50.1532247, 26.3170801], [50.1521842, 26.3182081], [50.1498872, 26.3212728], [50.1471323, 26.3196233], [50.1470082, 26.3193335], [50.1466197, 26.3191582], [50.1448999, 26.3182519], [50.1434645, 26.3175998], [50.1398326, 26.3166181], [50.139713, 26.3165601], [50.1396266, 26.3164724], [50.1395931, 26.3162807], [50.1398849, 26.3154094], [50.1397835, 26.3153772], [50.139679, 26.3153439], [50.1395957, 26.3155825], [50.1369859, 26.3149219], [50.1372211, 26.3141025], [50.1369876, 26.3137034], [50.1388819, 26.312862], [50.1390287, 26.3129015], [50.1393767, 26.3117768], [50.1393834, 26.3114339], [50.1393395, 26.3110711], [50.1391409, 26.3104659], [50.1391022, 26.309849], [50.1391667, 26.3094218], [50.1392901, 26.3090611], [50.1399336, 26.3081047], [50.1402288, 26.3077655], [50.1418522, 26.3063079], [50.1424911, 26.3058845], [50.1426349, 26.3057533], [50.1427441, 26.305562], [50.1429451, 26.3048932], [50.1430542, 26.3045301], [50.1431078, 26.3043518], [50.1431118, 26.3043385], [50.1432825, 26.3041629], [50.1435711, 26.3040941], [50.1442316, 26.3040918], [50.1443471, 26.3040913], [50.1450157, 26.304089], [50.1466951, 26.304083], [50.146774, 26.303636], [50.146763, 26.303133], [50.146509, 26.302454], [50.146505, 26.3017], [50.146618, 26.30129], [50.147061, 26.300293], [50.147288, 26.300053], [50.147466, 26.299941], [50.1493, 26.299022], [50.149528, 26.298845], [50.150079, 26.29823], [50.150274, 26.298088], [50.150527, 26.297937], [50.151243, 26.297629], [50.151705, 26.297298], [50.152016, 26.296945], [50.152894, 26.295319], [50.153601, 26.294515]]]}}, {"type": "Feature", "properties": {"name": "Al Iskan Al Shimali", "name_ar": "الإسكان الشمالي", "admin_level": "10"}, "geometry": {"type": "Polygon", "coordinates": [[[49.9670982, 26.3586878], [49.9739679, 26.3621129], [49.980514, 26.365089], [49.9943, 26.343868], [49.9943809, 26.3437433], [49.991591, 26.3436479], [49.9882704, 26.3436479], [49.9850947, 26.3435085], [49.9823803, 26.3432874], [49.9793494, 26.3428788], [49.974982, 26.3421013], [49.972566, 26.3414743], [49.9721797, 26.3413853], [49.9670982, 26.3586878]]]}}, {"type": "Feature", "properties": {"name": "Dahiyat Al Malik Fahd", "name_ar": "ضاحية الملك فهد", "admin_level": "10"}, "geometry": {"type": "Polygon", "coordinates": [[[50.0122248, 26.4161453], [50.012291, 26.4158364], [50.013465, 26.4115104], [50.015389, 26.4050834], [50.020408, 26.3887844], [50.021287, 26.3858684], [50.02161, 26.3845454], [50.0144281, 26.3808822], [50.0108371, 26.3791848], [49.994023, 26.3727061], [49.9908288, 26.3718173], [49.9880115, 26.3712752], [49.9672861, 26.4579136], [50.001295, 26.470062], [50.001461, 26.469858], [50.001823, 26.469426], [50.002407, 26.468745], [50.002694, 26.468371], [50.002838, 26.468179], [50.00307, 26.467881], [50.003244, 26.467653], [50.003445, 26.46739], [50.003717, 26.467034], [50.003843, 26.466853], [50.00402, 26.466597], [50.004259, 26.466252], [50.00469, 26.465604], [50.0049, 26.46528], [50.00507, 26.465023], [50.005242, 26.46474], [50.0061408, 26.4633414], [50.0073338, 26.4611594], [50.0082199, 26.4592469], [50.008681, 26.458218], [50.008704, 26.458157], [50.008978, 26.457446], [50.009342, 26.456542], [50.009599, 26.455792], [50.009607, 26.455748], [50.009816, 26.455152], [50.009855, 26.455035], [50.010125, 26.454204], [50.01039, 26.4532], [50.010787, 26.45158], [50.010938, 26.450831], [50.011117, 26.449948], [50.011338, 26.448779], [50.011492, 26.447654], [50.011545, 26.447256], [50.011603, 26.446816], [50.011691, 26.446177], [50.011724, 26.445733], [50.011745, 26.445439], [50.01179, 26.444831], [50.011845, 26.442593], [50.011845, 26.441626], [50.011845, 26.44116], [50.011812, 26.440487], [50.011779, 26.439671], [50.011713, 26.438778], [50.011603, 26.437234], [50.011503, 26.43558], [50.01135, 26.433382], [50.011073, 26.429427], [50.010974, 26.42752], [50.010974, 26.426142], [50.011128, 26.423043], [50.011261, 26.421621], [50.011702, 26.418434], [50.0122248, 26.4161453]]]}}, {"type": "Feature", "properties": {"name": "Al Amanah", "name_ar": "الأمانة", "admin_level": "10"}, "geometry": {"type": "Polygon", "coordinates": [[[49.9784426, 26.3714749], [49.9723058, 26.3950783], [49.957041, 26.3922214], [49.9621347, 26.3747276], [49.9784426, 26.3714749]]]}}, {"type": "Feature", "properties": {"name": "Al Matar", "name_ar": "المطار", "admin_level": "10"}, "geometry": {"type": "Polygon", "coordinates": [[[49.9556368, 26.3764766], [49.9540604, 26.4063274], [49.9522935, 26.4111437], [49.94392, 26.4126574], [49.9396948, 26.3942168], [49.933357, 26.3818641], [49.9265331, 26.3628566], [49.9359427, 26.3598884], [49.9543002, 26.3541075], [49.9557207, 26.3551615], [49.9551653, 26.3629685], [49.9556368, 26.3764766]]]}}, {"type": "Feature", "properties": {"name": "Al Hadabah", "name_ar": "الهضبة", "admin_level": "10"}, "geometry": {"type": "Polygon", "coordinates": [[[49.9554025, 26.3361628], [49.9487321, 26.3347718], [49.9425214, 26.3336682], [49.9363376, 26.3322047], [49.9339149, 26.3315329], [49.9300868, 26.3302853], [49.9214401, 26.3271302], [49.9184016, 26.3442722], [49.9265331, 26.3628566], [49.9359427, 26.3598884], [49.9543002, 26.3541075], [49.9557207, 26.3551615], [49.95704, 26.3366132], [49.9554025, 26.3361628]]]}}, {"type": "Feature", "properties": {"name": "Ash Shrouk", "name_ar": "الشروق", "admin_level": "10"}, "geometry": {"type": "Polygon", "coordinates": [[[49.981061, 26.36541], [49.980514, 26.365089], [49.9739679, 26.3621129], [49.9670982, 26.3586878], [49.9621347, 26.3747276], [49.9784426, 26.3714749], [49.9786715, 26.3712978], [49.9807941, 26.3710493], [49.9840022, 26.3709304], [49.9880115, 26.3712752], [49.9882496, 26.369871], [49.9831218, 26.3665001], [49.981061, 26.36541]]]}}, {"type": "Feature", "properties": {"name": "Al Fursan", "name_ar": "الفرسان", "admin_level": "10"}, "geometry": {"type": "Polygon", "coordinates": [[[49.95704, 26.3366132], [49.9557207, 26.3551615], [49.9551653, 26.3629685], [49.9556368, 26.3764766], [49.9621347, 26.3747276], [49.9670982, 26.3586878], [49.9721797, 26.3413853], [49.9671078, 26.3398164], [49.9625909, 26.3382204], [49.9595976, 26.3373069], [49.95704, 26.3366132]]]}}, {"type": "Feature", "properties": {"name": "Al Anwar", "name_ar": "الأنوار", "admin_level": "10"}, "geometry": {"type": "Polygon", "coordinates": [[[50.0090922, 26.3462757], [50.0078562, 26.349832], [49.9882496, 26.369871], [49.9880115, 26.3712752], [49.9908288, 26.3718173], [49.994023, 26.3727061], [50.0108371, 26.3791848], [50.0144281, 26.3808822], [50.02161, 26.3845454], [50.027963, 26.363319], [50.029202, 26.358986], [50.0302832, 26.3549028], [50.024141, 26.352308], [50.022881, 26.351742], [50.022068, 26.351419], [50.020882, 26.350874], [50.018915, 26.350024], [50.016584, 26.349008], [50.01497, 26.348339], [50.013356, 26.347713], [50.011801, 26.347153], [50.010793, 26.346812], [50.0090922, 26.3462757]]]}}, {"type": "Feature", "properties": {"name": "Ad Dawhah Al Janubiyah", "name_ar": "الدوحة الجنوبية", "admin_level": "10"}, "geometry": {"type": "Polygon", "coordinates": [[[50.1651835, 26.2980416], [50.163306, 26.3000807], [50.1623297, 26.3013599], [50.1612139, 26.3030238], [50.1601839, 26.3050339], [50.1589214, 26.3079482], [50.1580596, 26.3099101], [50.1572442, 26.3114104], [50.1566112, 26.312324], [50.1532247, 26.3170801], [50.1529484, 26.3177052], [50.1528599, 26.3182558], [50.1528814, 26.3187198], [50.1529291, 26.319121], [50.1531953, 26.3198368], [50.1540312, 26.3215948], [50.1548239, 26.3232946], [50.1551592, 26.3244654], [50.1554435, 26.3258309], [50.1553963, 26.3266965], [50.1554565, 26.3276989], [50.1554069, 26.3290153], [50.1553149, 26.3300304], [50.1550883, 26.331487], [50.1548017, 26.3325814], [50.1543903, 26.3338262], [50.1571584, 26.3346146], [50.157904, 26.3346723], [50.1587355, 26.3345473], [50.1595509, 26.3342973], [50.1603717, 26.3338694], [50.1609403, 26.3334464], [50.1635313, 26.3312829], [50.1648885, 26.3304078], [50.1661169, 26.3298982], [50.1677799, 26.3295472], [50.1692444, 26.3295472], [50.1706177, 26.3298068], [50.1720768, 26.3302444], [50.17367, 26.3308598], [50.1756442, 26.331879], [50.1764113, 26.3320761], [50.179146, 26.332646], [50.179261, 26.330195], [50.179261, 26.328285], [50.179394, 26.324068], [50.17955, 26.316298], [50.179473, 26.315037], [50.179464, 26.314951], [50.179316, 26.313939], [50.179106, 26.313323], [50.177552, 26.310837], [50.175823, 26.308227], [50.1720285, 26.3026872], [50.1651835, 26.2980416]]]}}, {"type": "Feature", "properties": {"name": "Ad Danah Al Janubiyah", "name_ar": "الدانة الجنوبية", "admin_level": "10"}, "geometry": {"type": "Polygon", "coordinates": [[[50.1415988, 26.3285323], [50.1430298, 26.3299715], [50.144156, 26.3310063], [50.1448268, 26.3314436], [50.1458675, 26.3318844], [50.1465261, 26.3320047], [50.1471807, 26.3320484], [50.1480751, 26.332012], [50.1489857, 26.3320083], [50.1498964, 26.3321176], [50.1512339, 26.3325294], [50.1520765, 26.3329152], [50.1529101, 26.3333083], [50.1539232, 26.3336708], [50.1543903, 26.3338262], [50.1548017, 26.3325814], [50.1550883, 26.331487], [50.1553149, 26.3300304], [50.1554069, 26.3290153], [50.1554565, 26.3276989], [50.1553963, 26.3266965], [50.1554435, 26.3258309], [50.1551592, 26.3244654], [50.1548239, 26.3232946], [50.1540312, 26.3215948], [50.1531953, 26.3198368], [50.1529291, 26.319121], [50.1528814, 26.3187198], [50.1528599, 26.3182558], [50.1529484, 26.3177052], [50.1532247, 26.3170801], [50.1521842, 26.3182081], [50.1498872, 26.3212728], [50.1492202, 26.3221627], [50.1486964, 26.3227924], [50.1474625, 26.3239155], [50.1449915, 26.3258927], [50.1420213, 26.3282124], [50.1415988, 26.3285323]]]}}, {"type": "Feature", "properties": {"name": "Ad Danah Ash Shamaliyah", "name_ar": "الدانة الشمالية", "admin_level": "10"}, "geometry": {"type": "Polygon", "coordinates": [[[50.1415988, 26.3285323], [50.1430298, 26.3299715], [50.144156, 26.3310063], [50.1448268, 26.3314436], [50.1458675, 26.3318844], [50.1465261, 26.3320047], [50.1471807, 26.3320484], [50.1480751, 26.332012], [50.1489857, 26.3320083], [50.1498964, 26.3321176], [50.1512339, 26.3325294], [50.1520765, 26.3329152], [50.1529101, 26.3333083], [50.1539232, 26.3336708], [50.1543903, 26.3338262], [50.153732, 26.335336], [50.1534436, 26.3359053], [50.152964, 26.3367253], [50.1520474, 26.3380828], [50.1512149, 26.3391059], [50.1496293, 26.3407616], [50.1448949, 26.3454571], [50.1423444, 26.3440015], [50.1425204, 26.3438065], [50.1348877, 26.3376674], [50.1342868, 26.3365049], [50.1344598, 26.3364451], [50.1340695, 26.3357831], [50.1335044, 26.3350289], [50.1329841, 26.3345698], [50.1325043, 26.3339832], [50.1390985, 26.3302084], [50.1407694, 26.3291444], [50.1415988, 26.3285323]]]}}, {"type": "Feature", "properties": {"name": "Gharb Adh Dhahran", "name_ar": "غرب الظهران", "admin_level": "10"}, "geometry": {"type": "Polygon", "coordinates": [[[50.10815, 26.337038], [50.113424, 26.322825], [50.111625, 26.321824], [50.108286, 26.320263], [50.107437, 26.31977], [50.10016, 26.315045], [50.099709, 26.314792], [50.096869, 26.31289], [50.096297, 26.312432], [50.094146, 26.310273], [50.092375, 26.308243], [50.094679, 26.306039], [50.095115, 26.305719], [50.096113, 26.305136], [50.096439, 26.304872], [50.096926, 26.304277], [50.097217, 26.303606], [50.096794, 26.30345], [50.096314, 26.303205], [50.095693, 26.302745], [50.095109, 26.302065], [50.094725, 26.301277], [50.094615, 26.300856], [50.094562, 26.3004], [50.09457, 26.298578], [50.094778, 26.297652], [50.095112, 26.296923], [50.095635, 26.296195], [50.096045, 26.295784], [50.096577, 26.295375], [50.098353, 26.29421], [50.098903, 26.293723], [50.099167, 26.293396], [50.099439, 26.292935], [50.09977, 26.292013], [50.099991, 26.291581], [50.100316, 26.291134], [50.100668, 26.29078], [50.10128, 26.290344], [50.10365, 26.289097], [50.104219, 26.28864], [50.104475, 26.288307], [50.104663, 26.287941], [50.105495, 26.285433], [50.105795, 26.284941], [50.106229, 26.284465], [50.106757, 26.284071], [50.107416, 26.283753], [50.110078, 26.283006], [50.110703, 26.283017], [50.111974, 26.283289], [50.112386, 26.283418], [50.113045, 26.283785], [50.11436, 26.284906], [50.114771, 26.285173], [50.115347, 26.285364], [50.116715, 26.285485], [50.117097, 26.285555], [50.117698, 26.285845], [50.118061, 26.286191], [50.118287, 26.286571], [50.118394, 26.286929], [50.118812, 26.291032], [50.120423, 26.291049], [50.121166, 26.291153], [50.121787, 26.291308], [50.122677, 26.291647], [50.124069, 26.292417], [50.124941, 26.292808], [50.126241, 26.29322], [50.127761, 26.293529], [50.128511, 26.293739], [50.129237, 26.294008], [50.13076, 26.294705], [50.131199, 26.293993], [50.131297, 26.293666], [50.13131, 26.290944], [50.131209, 26.290453], [50.131782, 26.2904], [50.132242, 26.290498], [50.132798, 26.290779], [50.134571, 26.291866], [50.13487, 26.292098], [50.139367, 26.297242], [50.139616, 26.297061], [50.139136, 26.296496], [50.138955, 26.296118], [50.138876, 26.295793], [50.138865, 26.295495], [50.138965, 26.295005], [50.139268, 26.294495], [50.13958, 26.294176], [50.140346, 26.293506], [50.140752, 26.293278], [50.141369, 26.293124], [50.141735, 26.293119], [50.142067, 26.293178], [50.14254, 26.293361], [50.144018, 26.294164], [50.144489, 26.294357], [50.14519, 26.294524], [50.145997, 26.29454], [50.146429, 26.294495], [50.146852, 26.294394], [50.147411, 26.294162], [50.14778, 26.293936], [50.148097, 26.293679], [50.148387, 26.293351], [50.148894, 26.292449], [50.149142, 26.292197], [50.149443, 26.292116], [50.14965, 26.292133], [50.150472, 26.292406], [50.152159, 26.293375], [50.153601, 26.294515], [50.152894, 26.295319], [50.152016, 26.296945], [50.151705, 26.297298], [50.151243, 26.297629], [50.150527, 26.297937], [50.150274, 26.298088], [50.150079, 26.29823], [50.149528, 26.298845], [50.1493, 26.299022], [50.147466, 26.299941], [50.147288, 26.300053], [50.147061, 26.300293], [50.146618, 26.30129], [50.146505, 26.3017], [50.146509, 26.302454], [50.146763, 26.303133], [50.146774, 26.303636], [50.1466951, 26.304083], [50.1450157, 26.304089], [50.1443471, 26.3040913], [50.1442316, 26.3040918], [50.1435711, 26.3040941], [50.1432825, 26.3041629], [50.1431118, 26.3043385], [50.1431078, 26.3043518], [50.1430542, 26.3045301], [50.1429451, 26.3048932], [50.1427441, 26.305562], [50.1426349, 26.3057533], [50.1424911, 26.3058845], [50.1418522, 26.3063079], [50.1402288, 26.3077655], [50.1399336, 26.3081047], [50.1392901, 26.3090611], [50.1391667, 26.3094218], [50.1391022, 26.309849], [50.1391409, 26.3104659], [50.1393395, 26.3110711], [50.1393834, 26.3114339], [50.1393767, 26.3117768], [50.1390287, 26.3129015], [50.1388819, 26.312862], [50.1369876, 26.3137034], [50.1372211, 26.3141025], [50.1369859, 26.3149219], [50.1395957, 26.3155825], [50.139679, 26.3153439], [50.1397835, 26.3153772], [50.1398849, 26.3154094], [50.1395931, 26.3162807], [50.1396266, 26.3164724], [50.139713, 26.3165601], [50.1398326, 26.3166181], [50.1434645, 26.3175998], [50.1448999, 26.3182519], [50.1466197, 26.3191582], [50.1470082, 26.3193335], [50.1471323, 26.3196233], [50.1498872, 26.3212728], [50.1492202, 26.3221627], [50.1486964, 26.3227924], [50.1474625, 26.3239155], [50.1449915, 26.3258927], [50.1420213, 26.3282124], [50.1415988, 26.3285323], [50.1407694, 26.3291444], [50.1390985, 26.3302084], [50.1325043, 26.3339832], [50.1316345, 26.3344656], [50.1299232, 26.3352252], [50.1264471, 26.3366338], [50.1252669, 26.3371963], [50.124076, 26.3378165], [50.1230299, 26.3384175], [50.1219356, 26.339129], [50.1209056, 26.3397059], [50.1203477, 26.339951], [50.1195645, 26.3402347], [50.1187813, 26.340451], [50.118041, 26.3405568], [50.1172042, 26.3406481], [50.1162225, 26.340677], [50.1151764, 26.3406385], [50.114059, 26.340508], [50.113332, 26.339984], [50.112516, 26.33941], [50.111498, 26.338763], [50.11109, 26.338517], [50.110442, 26.338149], [50.109793, 26.337816], [50.108397, 26.337143], [50.10815, 26.337038]]]}}, {"type": "Feature", "properties": {"name": "Al Jamiah", "name_ar": "الجامعة", "admin_level": "10"}, "geometry": {"type": "Polygon", "coordinates": [[[50.127195, 26.348892], [50.125916, 26.3484503], [50.1239312, 26.3476427], [50.1221609, 26.3467198], [50.1202512, 26.3454218], [50.115328, 26.341512], [50.114059, 26.340508], [50.1151764, 26.3406385], [50.1162225, 26.340677], [50.1172042, 26.3406481], [50.118041, 26.3405568], [50.1187813, 26.340451], [50.1195645, 26.3402347], [50.1203477, 26.339951], [50.1209056, 26.3397059], [50.1219356, 26.339129], [50.1230299, 26.3384175], [50.124076, 26.3378165], [50.1252669, 26.3371963], [50.1264471, 26.3366338], [50.1299232, 26.3352252], [50.1316345, 26.3344656], [50.1325043, 26.3339832], [50.1329841, 26.3345698], [50.1335044, 26.3350289], [50.1340695, 26.3357831], [50.1344598, 26.3364451], [50.1342868, 26.3365049], [50.1348877, 26.3376674], [50.1425204, 26.3438065], [50.1423444, 26.3440015], [50.1448949, 26.3454571], [50.136664, 26.353587], [50.136103, 26.353109], [50.133827, 26.351513], [50.132216, 26.350664], [50.131185, 26.350205], [50.13006, 26.349786], [50.127195, 26.348892]]]}}, {"type": "Feature", "properties": {"name": "Al Qusur", "name_ar": "القصور", "admin_level": "10"}, "geometry": {"type": "Polygon", "coordinates": [[[50.14511, 26.362263], [50.152384, 26.3561222], [50.1637888, 26.3460564], [50.1654785, 26.3446212], [50.1630619, 26.3428379], [50.1534436, 26.3359053], [50.152964, 26.3367253], [50.1520474, 26.3380828], [50.1512149, 26.3391059], [50.1496293, 26.3407616], [50.1448949, 26.3454571], [50.136664, 26.353587], [50.139072, 26.355436], [50.141452, 26.35766], [50.142265, 26.358549], [50.143673, 26.360241], [50.144947, 26.362003], [50.14511, 26.362263]]]}}, {"type": "Feature", "properties": {"name": "Ad Dawhah Ash Shamaliyah", "name_ar": "الدوحة الشمالية", "admin_level": "10"}, "geometry": {"type": "Polygon", "coordinates": [[[50.179146, 26.332646], [50.1764113, 26.3320761], [50.1756442, 26.331879], [50.17367, 26.3308598], [50.1720768, 26.3302444], [50.1706177, 26.3298068], [50.1692444, 26.3295472], [50.1677799, 26.3295472], [50.1661169, 26.3298982], [50.1648885, 26.3304078], [50.1635313, 26.3312829], [50.1609403, 26.3334464], [50.1603717, 26.3338694], [50.1595509, 26.3342973], [50.1587355, 26.3345473], [50.157904, 26.3346723], [50.1571584, 26.3346146], [50.1543903, 26.3338262], [50.153732, 26.335336], [50.1534436, 26.3359053], [50.1630619, 26.3428379], [50.1654785, 26.3446212], [50.1697487, 26.3409943], [50.1708752, 26.3400184], [50.1715457, 26.3393213], [50.1720178, 26.3386819], [50.1726776, 26.3376434], [50.1734447, 26.337903], [50.1790516, 26.3380811], [50.179086, 26.334451], [50.179146, 26.332646]]]}}, {"type": "Feature", "properties": {"name": "Al Haras Al Watani", "name_ar": "الحرس الوطني", "admin_level": "10"}, "geometry": {"type": "Polygon", "coordinates": [[[50.149676, 26.386508], [50.149675, 26.386507], [50.149654, 26.385906], [50.149536, 26.385599], [50.14913, 26.381674], [50.149051, 26.379713], [50.14904, 26.376303], [50.148971, 26.374022], [50.148863, 26.372777], [50.148673, 26.371373], [50.148349, 26.369855], [50.147879, 26.368216], [50.147625, 26.367472], [50.146498, 26.364867], [50.145965, 26.363755], [50.145769, 26.363397], [50.145753, 26.363366], [50.14549, 26.362863], [50.14511, 26.362263], [50.152384, 26.3561222], [50.1637888, 26.3460564], [50.1654785, 26.3446212], [50.1697487, 26.3409943], [50.1708752, 26.3400184], [50.1715457, 26.3393213], [50.1720178, 26.3386819], [50.1726776, 26.3376434], [50.1734447, 26.337903], [50.1790516, 26.3380811], [50.179039, 26.339407], [50.178884, 26.343958], [50.178788, 26.348646], [50.1785357, 26.3585031], [50.1732927, 26.3584135], [50.1731032, 26.3673263], [50.1730692, 26.3682444], [50.1730102, 26.3686048], [50.1728278, 26.3688932], [50.1725274, 26.3691864], [50.1673186, 26.3738435], [50.171053, 26.377062], [50.165218, 26.382242], [50.164573, 26.382817], [50.151833, 26.394157], [50.1515, 26.3932], [50.151184, 26.392295], [50.15053, 26.389914], [50.149676, 26.386508]]]}}, {"type": "Feature", "properties": {"name": "Al Qashlah", "name_ar": "القشلة", "admin_level": "10"}, "geometry": {"type": "Polygon", "coordinates": [[[50.171053, 26.377062], [50.173269, 26.3751], [50.177903, 26.371005], [50.178224, 26.37068], [50.1785357, 26.3585031], [50.1732927, 26.3584135], [50.1731032, 26.3673263], [50.1730692, 26.3682444], [50.1730102, 26.3686048], [50.1728278, 26.3688932], [50.1725274, 26.3691864], [50.1673186, 26.3738435], [50.171053, 26.377062]]]}}]}