{"type": "FeatureCollection", "features": [{"type": "Feature", "properties": {"name": "Al Kawthar", "name_ar": "الكوثر", "admin_level": "10"}, "geometry": {"type": "Polygon", "coordinates": [[[39.970444, 21.441593], [39.972532, 21.44631], [39.978576, 21.461872], [39.980328, 21.466426], [39.9802, 21.466485], [39.979661, 21.466663], [39.979099, 21.466741], [39.978529, 21.466716], [39.977822, 21.466555], [39.9690166, 21.4629728], [39.950466, 21.455419], [39.950713, 21.455026], [39.953282, 21.451567], [39.953742, 21.451086], [39.954114, 21.450822], [39.962683, 21.445942], [39.970444, 21.441593]]]}}, {"type": "Feature", "properties": {"name": "Al Ghaza Al Jadid", "name_ar": "الغزة الجديد", "admin_level": "10"}, "geometry": {"type": "Polygon", "coordinates": [[[39.7689354, 21.367517], [39.761753, 21.3647701], [39.7574615, 21.3641306], [39.7539424, 21.3643704], [39.7505092, 21.3655694], [39.7483634, 21.3666085], [39.7464751, 21.3682071], [39.745016, 21.3694061], [39.7428335, 21.3651464], [39.7213584, 21.3633479], [39.7172305, 21.3592081], [39.7134003, 21.3527282], [39.710305, 21.3439647], [39.7106409, 21.3440061], [39.7118694, 21.3440211], [39.7170675, 21.3437013], [39.7378492, 21.3425671], [39.7403866, 21.3425671], [39.7422212, 21.342677], [39.7446513, 21.3429019], [39.7540873, 21.344061], [39.7550905, 21.344076], [39.7590816, 21.3438462], [39.7602832, 21.3439361], [39.7617316, 21.344166], [39.7622573, 21.3443184], [39.7626704, 21.3444483], [39.7631049, 21.3446007], [39.763518, 21.344758], [39.7655833, 21.345495], [39.7668573, 21.3459322], [39.7674903, 21.3461271], [39.7681609, 21.3463119], [39.769223, 21.3465643], [39.7701216, 21.3467416], [39.7714359, 21.3469515], [39.7727689, 21.3471139], [39.7741181, 21.3472463], [39.7748047, 21.3473037], [39.7754565, 21.3473862], [39.7759339, 21.3474786], [39.7762746, 21.3475835], [39.776752, 21.3477609], [39.7773421, 21.3480557], [39.7778892, 21.3484304], [39.7789192, 21.3492623], [39.7779965, 21.349612], [39.7770041, 21.3501316], [39.7761136, 21.3507462], [39.7753841, 21.3513907], [39.7747886, 21.3520952], [39.7742468, 21.3528546], [39.7738606, 21.3535291], [39.7735602, 21.3542835], [39.7727072, 21.3565967], [39.7718489, 21.3589098], [39.7711194, 21.3610081], [39.770245, 21.3633362], [39.7694617, 21.3656443], [39.7689354, 21.367517]]]}}, {"type": "Feature", "properties": {"name": "Qurtubah", "name_ar": "قرطبة", "admin_level": "10"}, "geometry": {"type": "Polygon", "coordinates": [[[39.834424, 21.476857], [39.834491, 21.476832], [39.835315, 21.476653], [39.836158, 21.476633], [39.840302, 21.477401], [39.840929, 21.477436], [39.841542, 21.477313], [39.841982, 21.477104], [39.842363, 21.476801], [39.842689, 21.476367], [39.842854, 21.475965], [39.842924, 21.475536], [39.843116, 21.471469], [39.843108, 21.47094], [39.842954, 21.470073], [39.842669, 21.469426], [39.842111, 21.468384], [39.842024, 21.468033], [39.842005, 21.467552], [39.842727, 21.463628], [39.84305, 21.460785], [39.843308, 21.459895], [39.843655, 21.459168], [39.8430026, 21.4598836], [39.8424661, 21.4603529], [39.8419994, 21.4606774], [39.8412745, 21.4610307], [39.8406717, 21.4612191], [39.8400387, 21.4613239], [39.8393923, 21.4613439], [39.8387727, 21.461289], [39.8381692, 21.4611492], [39.8375818, 21.4609295], [39.8370293, 21.4606574], [39.8354468, 21.4597263], [39.8327726, 21.4581212], [39.8320182, 21.4577156], [39.8317265, 21.4575346], [39.8314449, 21.4573424], [39.8311955, 21.4572176], [39.8305973, 21.4569904], [39.8300046, 21.4568157], [39.8294225, 21.4567108], [39.8287895, 21.4567033], [39.8281673, 21.4567782], [39.8277274, 21.456888], [39.8270541, 21.4571402], [39.8264801, 21.4574672], [39.8259678, 21.4578167], [39.825469, 21.4581761], [39.8249862, 21.4585406], [39.8246793, 21.458763], [39.8226821, 21.4601981], [39.8213088, 21.4612366], [39.8202467, 21.4619655], [39.8193133, 21.4625146], [39.8189195, 21.4626616], [39.819456, 21.463117], [39.820124, 21.46354], [39.825227, 21.466027], [39.825762, 21.466357], [39.825887, 21.466453], [39.825991, 21.466539], [39.826285, 21.46682], [39.830126, 21.472141], [39.830466, 21.472718], [39.830659, 21.473182], [39.830795, 21.473665], [39.831038, 21.476306], [39.831112, 21.476593], [39.831291, 21.476945], [39.831411, 21.477103], [39.831664, 21.477308], [39.831952, 21.47746], [39.832264, 21.477554], [39.832588, 21.477586], [39.832912, 21.477554], [39.833225, 21.477461], [39.833523, 21.477307], [39.833524, 21.477307], [39.833525, 21.477306], [39.833567, 21.477282], [39.833776, 21.477169], [39.833988, 21.47706], [39.834202, 21.476957], [39.834419, 21.476859], [39.834424, 21.476857]]]}}, {"type": "Feature", "properties": {"name": "Umm Al Jud", "name_ar": "أم الجود", "admin_level": "10"}, "geometry": {"type": "Polygon", "coordinates": [[[39.696436, 21.379221], [39.6969724, 21.3818645], [39.6972513, 21.3892772], [39.6974981, 21.3934929], [39.6977341, 21.3977284], [39.6978092, 21.401754], [39.6977126, 21.4064388], [39.7025299, 21.4112833], [39.7016286, 21.4152386], [39.6957492, 21.4137204], [39.694856, 21.417486], [39.695042, 21.417547], [39.699564, 21.419012], [39.711762, 21.422837], [39.718151, 21.42469], [39.71897, 21.425049], [39.719699, 21.425454], [39.724634, 21.428644], [39.725397, 21.429033], [39.726197, 21.429337], [39.726782, 21.429506], [39.727363, 21.429618], [39.732337, 21.430134], [39.732869, 21.430177], [39.7344374, 21.4301482], [39.7352529, 21.4292712], [39.7373021, 21.427109], [39.7380692, 21.4262251], [39.7388738, 21.4252513], [39.7395068, 21.4242676], [39.7404027, 21.4226146], [39.7410786, 21.4214161], [39.7416204, 21.4206171], [39.7422534, 21.419863], [39.7429669, 21.419044], [39.7438413, 21.41825], [39.7444957, 21.4177056], [39.7475696, 21.4154184], [39.7506595, 21.4126991], [39.745719, 21.411669], [39.744392, 21.411483], [39.743312, 21.411404], [39.740541, 21.411562], [39.730528, 21.412444], [39.72895, 21.412546], [39.728196, 21.412529], [39.727079, 21.412399], [39.725799, 21.412088], [39.724666, 21.411655], [39.723541, 21.411051], [39.722927, 21.410631], [39.722201, 21.410029], [39.721685, 21.409513], [39.720995, 21.408678], [39.718114, 21.405045], [39.701796, 21.384033], [39.700832, 21.382938], [39.699737, 21.381819], [39.6986, 21.38082], [39.697315, 21.379834], [39.696436, 21.379221]]]}}, {"type": "Feature", "properties": {"name": "Al Hudaybiyah", "name_ar": "الحديبية", "admin_level": "10"}, "geometry": {"type": "Polygon", "coordinates": [[[39.696436, 21.379221], [39.6969724, 21.3818645], [39.6972513, 21.3892772], [39.6974981, 21.3934929], [39.6977341, 21.3977284], [39.6978092, 21.401754], [39.6977126, 21.4064388], [39.7025299, 21.4112833], [39.7016286, 21.4152386], [39.6957492, 21.4137204], [39.694856, 21.417486], [39.687511, 21.414887], [39.686909, 21.414697], [39.686705, 21.414645], [39.6865, 21.414598], [39.686293, 21.414556], [39.686086, 21.414518], [39.68586, 21.41448], [39.685633, 21.414446], [39.685417, 21.414419], [39.685199, 21.414395], [39.684981, 21.414376], [39.684763, 21.414361], [39.684527, 21.414347], [39.68429, 21.41434], [39.684053, 21.41434], [39.683817, 21.414345], [39.68358, 21.414358], [39.683344, 21.414377], [39.683109, 21.414403], [39.682874, 21.414435], [39.682609, 21.414476], [39.682346, 21.414524], [39.682083, 21.414578], [39.681823, 21.41464], [39.681563, 21.414709], [39.681306, 21.414784], [39.681051, 21.414866], [39.680776, 21.41496], [39.680502, 21.415058], [39.680231, 21.415163], [39.679961, 21.415273], [39.679694, 21.415388], [39.67943, 21.415509], [39.679004, 21.4157], [39.678576, 21.415887], [39.678147, 21.416071], [39.677777, 21.416227], [39.677653, 21.416278], [39.677529, 21.41633], [39.677405, 21.416381], [39.677219, 21.416457], [39.67712, 21.416497], [39.67702, 21.416537], [39.676981, 21.416553], [39.676262, 21.416849], [39.675545, 21.417151], [39.674831, 21.417458], [39.674407, 21.417626], [39.673985, 21.417799], [39.673565, 21.417976], [39.673531, 21.417991], [39.673397, 21.418052], [39.6724, 21.41851], [39.671936, 21.418735], [39.671474, 21.418965], [39.670738, 21.419353], [39.670005, 21.419748], [39.669896, 21.419806], [39.669136, 21.420215], [39.663329, 21.423351], [39.661376, 21.424404], [39.658526, 21.425897], [39.658136, 21.426088], [39.657744, 21.426276], [39.657407, 21.426435], [39.656838, 21.426697], [39.656266, 21.426952], [39.655691, 21.427202], [39.655113, 21.427445], [39.654774, 21.427597], [39.653655, 21.428097], [39.652533, 21.428591], [39.650726, 21.429392], [39.648918, 21.43019], [39.647976, 21.430609], [39.647033, 21.431025], [39.64633, 21.431334], [39.64496, 21.431929], [39.644552, 21.432116], [39.643779, 21.432453], [39.643008, 21.432794], [39.642239, 21.43314], [39.641241, 21.433576], [39.640244, 21.434019], [39.639784, 21.434218], [39.6393444, 21.4344002], [39.638551, 21.434721], [39.635592, 21.435743], [39.633851, 21.436474], [39.632646, 21.437085], [39.631587, 21.437688], [39.629611, 21.439011], [39.628359, 21.440009], [39.627074, 21.441182], [39.620379, 21.448379], [39.619807, 21.448994], [39.619729, 21.448909], [39.616863, 21.445986], [39.615727, 21.444595], [39.615048, 21.44362], [39.614047, 21.441996], [39.613303, 21.440531], [39.612649, 21.438875], [39.612169, 21.437396], [39.611768, 21.435735], [39.611477, 21.433672], [39.61053, 21.419032], [39.610501, 21.417443], [39.610634, 21.415661], [39.610971, 21.413864], [39.611433, 21.412288], [39.612163, 21.41048], [39.612724, 21.409418], [39.623128, 21.39176], [39.624126, 21.390001], [39.624602, 21.388976], [39.625104, 21.387667], [39.625452, 21.38649], [39.625748, 21.385097], [39.625919, 21.383816], [39.625987, 21.382458], [39.625946, 21.381042], [39.625789, 21.379654], [39.625752, 21.379658], [39.625701, 21.379124], [39.625495, 21.378129], [39.622234, 21.362921], [39.621974, 21.361431], [39.621795, 21.36001], [39.621638, 21.35787], [39.621609, 21.356117], [39.621673, 21.354316], [39.621887, 21.352074], [39.626249, 21.352174], [39.626884, 21.352181], [39.627519, 21.35219], [39.627941, 21.352198], [39.628767, 21.352217], [39.629592, 21.352241], [39.631373, 21.35229], [39.632741, 21.352325], [39.634679, 21.35237], [39.636617, 21.35241], [39.636899, 21.352416], [39.638954, 21.352464], [39.641009, 21.352516], [39.641582, 21.352531], [39.643515, 21.352584], [39.645463, 21.352637], [39.645829, 21.352643], [39.646195, 21.352656], [39.64656, 21.352675], [39.646874, 21.352696], [39.647187, 21.352722], [39.647501, 21.352752], [39.647862, 21.352793], [39.648222, 21.35284], [39.648582, 21.352893], [39.648941, 21.352952], [39.649266, 21.353008], [39.64959, 21.353069], [39.649913, 21.353136], [39.650234, 21.353209], [39.650554, 21.353288], [39.650873, 21.353373], [39.65119, 21.353463], [39.651455, 21.353544], [39.651719, 21.353628], [39.652051, 21.353741], [39.652381, 21.35386], [39.652609, 21.353947], [39.652835, 21.354036], [39.653061, 21.354129], [39.653134, 21.354159], [39.653462, 21.354298], [39.653788, 21.354443], [39.654112, 21.354593], [39.654432, 21.35475], [39.65475, 21.354912], [39.655065, 21.355079], [39.655376, 21.355252], [39.65589, 21.355565], [39.65657, 21.355981], [39.656711, 21.356067], [39.657076, 21.356292], [39.657925, 21.356815], [39.658671, 21.357278], [39.658881, 21.357408], [39.65977, 21.357963], [39.660658, 21.358521], [39.661782, 21.359232], [39.661871, 21.359288], [39.662841, 21.359907], [39.664882, 21.361185], [39.666903, 21.362457], [39.668922, 21.363733], [39.669665, 21.364204], [39.672036, 21.365681], [39.672941, 21.366257], [39.673849, 21.366828], [39.674632, 21.367315], [39.675121, 21.367616], [39.675613, 21.367913], [39.676108, 21.368205], [39.676637, 21.368512], [39.67717, 21.368814], [39.677706, 21.369111], [39.678559, 21.369576], [39.679416, 21.370036], [39.680277, 21.37049], [39.680346, 21.370526], [39.680439, 21.370576], [39.681249, 21.371016], [39.68206, 21.371452], [39.682961, 21.371932], [39.683865, 21.372407], [39.684313, 21.372648], [39.686915, 21.374044], [39.688627, 21.374951], [39.6893274, 21.3753498], [39.689584, 21.375459], [39.690031, 21.375696], [39.691112, 21.376282], [39.692196, 21.376862], [39.693228, 21.377409], [39.694113, 21.377884], [39.694994, 21.378364], [39.695289, 21.378524], [39.695581, 21.37869], [39.695869, 21.378861], [39.696154, 21.379038], [39.696436, 21.379221]]]}}, {"type": "Feature", "properties": {"name": "Al Maqam", "name_ar": "المقام", "admin_level": "10"}, "geometry": {"type": "Polygon", "coordinates": [[[39.8970664, 21.5123424], [39.892335, 21.522468], [39.8919833, 21.5234632], [39.8867879, 21.5381631], [39.9036119, 21.5393393], [39.9056268, 21.5348869], [39.9059701, 21.5327113], [39.9058628, 21.5311544], [39.903717, 21.5220722], [39.9120641, 21.5256053], [39.9142957, 21.5321524], [39.9183941, 21.5330107], [39.9224487, 21.5317039], [39.9293983, 21.5152944], [39.9340206, 21.5111628], [39.93644, 21.5090966], [39.93644, 21.5087472], [39.9362683, 21.5071601], [39.9362951, 21.5066461], [39.936499, 21.5052411], [39.9367323, 21.5040932], [39.9373224, 21.5045723], [39.9376953, 21.504717], [39.9382102, 21.5048518], [39.9393359, 21.5050458], [39.9475301, 21.4959869], [39.9486387, 21.4890919], [39.948796, 21.486661], [39.946678, 21.486872], [39.946637, 21.486873], [39.946543, 21.48688], [39.946358, 21.486892], [39.946059, 21.486885], [39.945693, 21.486877], [39.945605, 21.486868], [39.9454384, 21.4868493], [39.945302, 21.486834], [39.945102, 21.48681], [39.944901, 21.486782], [39.944702, 21.486749], [39.944487, 21.486709], [39.944272, 21.486664], [39.944059, 21.486614], [39.943848, 21.486557], [39.943637, 21.486496], [39.943184, 21.486328], [39.942971, 21.486248], [39.942729, 21.486156], [39.942645, 21.486119], [39.942512, 21.486056], [39.942043, 21.485836], [39.941714, 21.485684], [39.941424, 21.48555], [39.941211, 21.485451], [39.940892, 21.48529], [39.940379, 21.485039], [39.940196, 21.484955], [39.939743, 21.484726], [39.939447, 21.484589], [39.9392, 21.484472], [39.938682, 21.484224], [39.938166, 21.483972], [39.937652, 21.483716], [39.937547, 21.483663], [39.937119, 21.483455], [39.936906, 21.483364], [39.936823, 21.483331], [39.936625, 21.483256], [39.936424, 21.483186], [39.936222, 21.483121], [39.936018, 21.483061], [39.935813, 21.483006], [39.935607, 21.482956], [39.935572, 21.482947], [39.935355, 21.482894], [39.935321, 21.482885], [39.935128, 21.482841], [39.934365, 21.4827], [39.933718, 21.482604], [39.933602, 21.482586], [39.933422, 21.482562], [39.933293, 21.482544], [39.932467, 21.482423], [39.931642, 21.482306], [39.930815, 21.482193], [39.930515, 21.482144], [39.930191, 21.482092], [39.929252, 21.481947], [39.928313, 21.481809], [39.927372, 21.481678], [39.926027, 21.481465], [39.92468, 21.481259], [39.924285, 21.481197], [39.92389, 21.481129], [39.923497, 21.481057], [39.923104, 21.480981], [39.922761, 21.480901], [39.922419, 21.480816], [39.922079, 21.480725], [39.92174, 21.480628], [39.921123, 21.480437], [39.920819, 21.480335], [39.920516, 21.480228], [39.920215, 21.480117], [39.920064, 21.480058], [39.919992, 21.480029], [39.919734, 21.479926], [39.919478, 21.47982], [39.919224, 21.47971], [39.918205, 21.479259], [39.917188, 21.478801], [39.916194, 21.478347], [39.915199, 21.477897], [39.914202, 21.47745], [39.913686, 21.477226], [39.913172, 21.476997], [39.912661, 21.476762], [39.912153, 21.476521], [39.909858, 21.482618], [39.906407, 21.492351], [39.8970664, 21.5123424]]]}}, {"type": "Feature", "properties": {"name": "Al Furqan", "name_ar": "الفرقان", "admin_level": "10"}, "geometry": {"type": "Polygon", "coordinates": [[[39.827879, 21.601982], [39.827759, 21.602099], [39.826104, 21.60336], [39.824651, 21.60467], [39.823048, 21.605794], [39.821199, 21.606953], [39.817992, 21.608651], [39.817541, 21.608753], [39.817082, 21.608704], [39.816441, 21.608334], [39.815758, 21.607762], [39.815487, 21.607647], [39.815268, 21.607624], [39.815122, 21.60764], [39.811785, 21.608869], [39.811457, 21.608927], [39.811191, 21.60889], [39.810974, 21.608792], [39.808356, 21.607356], [39.808092, 21.607029], [39.807946, 21.606607], [39.807664, 21.606123], [39.806895, 21.605186], [39.80671, 21.604776], [39.806607, 21.603748], [39.806319, 21.602885], [39.806321, 21.602563], [39.806529, 21.601663], [39.806498, 21.601257], [39.805006, 21.597559], [39.804846, 21.597289], [39.804625, 21.597041], [39.8045236, 21.5963651], [39.8041695, 21.5945295], [39.8039764, 21.5936367], [39.803853, 21.5929484], [39.8037082, 21.5924695], [39.8035687, 21.5920056], [39.8034829, 21.5916664], [39.8034722, 21.5913322], [39.8034614, 21.5909631], [39.8033971, 21.5904444], [39.8032576, 21.5896662], [39.8030859, 21.5888632], [39.8029303, 21.5882446], [39.8020345, 21.5859601], [39.8016375, 21.5849724], [39.8013425, 21.5841843], [39.801144, 21.5835757], [39.8010367, 21.5831168], [39.8010743, 21.5820692], [39.8011279, 21.5798045], [39.8011708, 21.5793555], [39.8012835, 21.5789565], [39.8016375, 21.5779887], [39.802013, 21.5769461], [39.8026192, 21.5746564], [39.8027158, 21.5743122], [39.8029303, 21.573928], [39.8036545, 21.5728006], [39.8042017, 21.5719575], [39.804706, 21.5711294], [39.8050225, 21.5703711], [39.8053014, 21.5695979], [39.805516, 21.5689094], [39.8056823, 21.568221], [39.8056662, 21.5671983], [39.8055643, 21.5657814], [39.8054677, 21.5651179], [39.8049581, 21.563262], [39.8046309, 21.5624288], [39.8043841, 21.5620447], [39.8035687, 21.5606228], [39.8028982, 21.5593207], [39.8021901, 21.557794], [39.8015892, 21.5563022], [39.8009133, 21.5540221], [39.8007202, 21.5530143], [39.8005325, 21.5526251], [39.8001623, 21.5523407], [39.7995132, 21.550789], [39.7990304, 21.5492972], [39.7987055, 21.5478959], [39.7986174, 21.5476407], [39.7979683, 21.5453305], [39.7977322, 21.543654], [39.7974426, 21.5413538], [39.797346, 21.5411043], [39.7970402, 21.5407001], [39.7967023, 21.5401013], [39.7965145, 21.5390036], [39.7966486, 21.53833], [39.7967076, 21.5379058], [39.7966969, 21.5375865], [39.7966593, 21.537327], [39.7950339, 21.5327313], [39.7945297, 21.5312143], [39.7940469, 21.5290885], [39.7936928, 21.5268828], [39.7927701, 21.5239985], [39.789978, 21.5222597], [39.790217, 21.521766], [39.790655, 21.520472], [39.790881, 21.519169], [39.791048, 21.517741], [39.7911714, 21.5169498], [39.7962402, 21.5184609], [39.7987041, 21.5191915], [39.801395, 21.519544], [39.802041, 21.519547], [39.802665, 21.519453], [39.803471, 21.519192], [39.805327, 21.51829], [39.8082948, 21.5167623], [39.8090887, 21.516383], [39.8099899, 21.5161235], [39.8107302, 21.5159339], [39.8121464, 21.5157143], [39.8136699, 21.5157442], [39.814614, 21.515884], [39.816277, 21.5163431], [39.8190665, 21.5176606], [39.8230732, 21.5196341], [39.8241323, 21.5200281], [39.8250864, 21.5202999], [39.8259632, 21.5203521], [39.829773, 21.52009], [39.83139, 21.519949], [39.8312393, 21.5246312], [39.8224568, 21.5742623], [39.8220062, 21.5792907], [39.8175001, 21.5803682], [39.8167276, 21.5827027], [39.8207187, 21.5907038], [39.832737, 21.5959709], [39.8347485, 21.5975531], [39.8319606, 21.6006173], [39.8332102, 21.6016001], [39.8324837, 21.6023986], [39.8304424, 21.600793], [39.8294563, 21.6018768], [39.8285769, 21.6011851], [39.827879, 21.601982]]]}}, {"type": "Feature", "properties": {"name": "As safwa", "name_ar": "الصفوة", "admin_level": "10"}, "geometry": {"type": "Polygon", "coordinates": [[[39.7509801, 21.3362479], [39.7611522, 21.3435065], [39.7617316, 21.344166], [39.7622573, 21.3443184], [39.7626704, 21.3444483], [39.7631049, 21.3446007], [39.763518, 21.344758], [39.7655833, 21.345495], [39.7668573, 21.3459322], [39.7674903, 21.3461271], [39.7681609, 21.3463119], [39.769223, 21.3465643], [39.7701216, 21.3467416], [39.7714359, 21.3469515], [39.7727689, 21.3471139], [39.7741181, 21.3472463], [39.7748047, 21.3473037], [39.7754565, 21.3473862], [39.7759339, 21.3474786], [39.7762746, 21.3475835], [39.776752, 21.3477609], [39.7773421, 21.3480557], [39.7778892, 21.3484304], [39.7789192, 21.3492623], [39.7808182, 21.3488026], [39.7839296, 21.3481831], [39.785496, 21.3478733], [39.7867137, 21.3475735], [39.7881621, 21.3473087], [39.7901255, 21.3470539], [39.7918636, 21.346989], [39.7937733, 21.3470639], [39.795109, 21.3472188], [39.7965574, 21.3474486], [39.798038, 21.3478233], [39.8021901, 21.3490025], [39.8040941, 21.3495851], [39.804242, 21.348795], [39.804446, 21.347536], [39.804655, 21.346278], [39.804869, 21.34502], [39.804992, 21.344253], [39.805122, 21.343487], [39.805259, 21.342722], [39.805404, 21.341958], [39.805483, 21.341589], [39.805569, 21.34122], [39.805661, 21.340854], [39.805759, 21.340488], [39.805863, 21.340125], [39.806018, 21.339636], [39.806115, 21.33932], [39.806262, 21.338864], [39.80671, 21.337447], [39.8067471, 21.3373284], [39.787682, 21.3362513], [39.758234, 21.3330334], [39.7509801, 21.3362479]]]}}, {"type": "Feature", "properties": {"name": "Dar Al Salaam", "name_ar": "دار السلام", "admin_level": "10"}, "geometry": {"type": "Polygon", "coordinates": [[[39.8067471, 21.3373284], [39.787682, 21.3362513], [39.758234, 21.3330334], [39.7509801, 21.3362479], [39.7438133, 21.3277557], [39.7492647, 21.3180021], [39.7608266, 21.3114201], [39.7700856, 21.305128], [39.7772025, 21.3195213], [39.7797346, 21.318182], [39.7826957, 21.3193014], [39.7844767, 21.3188416], [39.7848844, 21.3172025], [39.7957849, 21.3197212], [39.7964501, 21.3179821], [39.7971582, 21.3173624], [39.7981024, 21.3170226], [39.7994971, 21.3169027], [39.8120147, 21.3204145], [39.811886, 21.320829], [39.811669, 21.321534], [39.811626, 21.321668], [39.811459, 21.322206], [39.811443, 21.322258], [39.811291, 21.322747], [39.810729, 21.324552], [39.809688, 21.327892], [39.807498, 21.334882], [39.807392, 21.33522], [39.807124, 21.336106], [39.806853, 21.33699], [39.8067471, 21.3373284]]]}}, {"type": "Feature", "properties": {"name": "Al Yamamah", "name_ar": "اليمامة", "admin_level": "10"}, "geometry": {"type": "Polygon", "coordinates": [[[39.946013, 21.543682], [39.945749, 21.543577], [39.945483, 21.543474], [39.9461388, 21.541703], [39.9462461, 21.5410045], [39.9455595, 21.5403758], [39.9448407, 21.5399467], [39.943757, 21.5399267], [39.9432099, 21.5395175], [39.943006, 21.5389786], [39.9433386, 21.5379607], [39.9470186, 21.538789], [39.9474156, 21.5357053], [39.9452376, 21.5352861], [39.9448728, 21.5350965], [39.9441232, 21.5337276], [39.9430919, 21.5335297], [39.9425125, 21.5332203], [39.9418902, 21.5330905], [39.9422837, 21.5315112], [39.9388719, 21.5296648], [39.9371695, 21.5300266], [39.9369657, 21.5307053], [39.9343014, 21.5301838], [39.9322844, 21.5291658], [39.9300528, 21.5289513], [39.9224487, 21.5317039], [39.9293983, 21.5152944], [39.9340206, 21.5111628], [39.93644, 21.5090966], [39.93644, 21.5087472], [39.9362683, 21.5071601], [39.9362951, 21.5066461], [39.936499, 21.5052411], [39.9367323, 21.5040932], [39.9373224, 21.5045723], [39.9376953, 21.504717], [39.9382102, 21.5048518], [39.9393359, 21.5050458], [39.9475301, 21.4959869], [39.9486387, 21.4890919], [39.948796, 21.486661], [39.949297, 21.486611], [39.949545, 21.486595], [39.949794, 21.486586], [39.950042, 21.486584], [39.950291, 21.486589], [39.950539, 21.486601], [39.950787, 21.486619], [39.951281, 21.486675], [39.951852, 21.48674], [39.952272, 21.486788], [39.956167, 21.48723], [39.956222, 21.487237], [39.962746, 21.487965], [39.963783, 21.487952], [39.9668968, 21.4876605], [39.967129, 21.490405], [39.967249, 21.491931], [39.967253, 21.491984], [39.967267, 21.492219], [39.967277, 21.492454], [39.967283, 21.492689], [39.967284, 21.492925], [39.967286, 21.493], [39.967289, 21.493326], [39.967254, 21.493841], [39.967239, 21.493964], [39.96722, 21.494167], [39.967197, 21.494369], [39.967172, 21.494571], [39.967125, 21.494865], [39.967071, 21.495157], [39.967012, 21.495448], [39.966969, 21.495678], [39.966828, 21.49623], [39.966749, 21.496485], [39.966694, 21.496668], [39.966636, 21.496851], [39.966562, 21.497084], [39.966482, 21.497315], [39.966397, 21.497544], [39.966307, 21.497771], [39.966211, 21.497995], [39.966111, 21.498218], [39.966032, 21.498398], [39.96583, 21.498856], [39.965087, 21.500544], [39.963926, 21.503185], [39.962389, 21.506729], [39.957282, 21.518454], [39.957208, 21.51862], [39.953153, 21.527926], [39.952523, 21.529461], [39.952453, 21.529623], [39.9520397, 21.5307552], [39.951822, 21.531531], [39.950297, 21.537454], [39.950224, 21.53774], [39.95002, 21.538528], [39.948559, 21.544159], [39.94844, 21.544646], [39.947892, 21.544503], [39.946013, 21.543682]]]}}, {"type": "Feature", "properties": {"name": "As Suq Al Jadid", "name_ar": "السوق الجديد", "admin_level": "10"}, "geometry": {"type": "Polygon", "coordinates": [[[39.8146423, 21.352613], [39.8104995, 21.3514656], [39.8063582, 21.3502366], [39.8040941, 21.3495851], [39.804242, 21.348795], [39.804446, 21.347536], [39.804655, 21.346278], [39.804869, 21.34502], [39.804992, 21.344253], [39.805122, 21.343487], [39.805259, 21.342722], [39.805404, 21.341958], [39.805483, 21.341589], [39.805569, 21.34122], [39.805661, 21.340854], [39.805759, 21.340488], [39.805863, 21.340125], [39.806018, 21.339636], [39.806115, 21.33932], [39.806262, 21.338864], [39.80671, 21.337447], [39.8067471, 21.3373284], [39.806853, 21.33699], [39.807124, 21.336106], [39.807392, 21.33522], [39.807498, 21.334882], [39.809688, 21.327892], [39.810729, 21.324552], [39.811291, 21.322747], [39.811443, 21.322258], [39.811459, 21.322206], [39.811626, 21.321668], [39.811669, 21.321534], [39.811886, 21.320829], [39.8120147, 21.3204145], [39.81208, 21.320204], [39.813241, 21.316459], [39.813573, 21.315385], [39.815218, 21.310142], [39.816738, 21.305246], [39.816743, 21.305247], [39.817491, 21.302845], [39.817673, 21.302137], [39.81786, 21.301431], [39.818053, 21.300726], [39.818217, 21.3001465], [39.8268099, 21.304631], [39.8369755, 21.3186817], [39.8387325, 21.3191265], [39.8389041, 21.3209555], [39.8392904, 21.3225496], [39.8392582, 21.3233042], [39.8393333, 21.323679], [39.8398483, 21.3247933], [39.8398375, 21.3257128], [39.8405725, 21.3265173], [39.841007, 21.3283363], [39.8408943, 21.3291058], [39.8408514, 21.3305399], [39.8408836, 21.3319841], [39.8411679, 21.3339728], [39.8416722, 21.3350721], [39.8425949, 21.3360914], [39.8435712, 21.3366111], [39.8439145, 21.336771], [39.8441934, 21.3370708], [39.8443115, 21.3375805], [39.8441613, 21.3381801], [39.843893, 21.3387697], [39.8437107, 21.3392394], [39.8436355, 21.3396991], [39.8436999, 21.3402387], [39.844154, 21.341693], [39.845333, 21.342321], [39.850007, 21.34542], [39.850612, 21.345925], [39.852683, 21.34786], [39.853054, 21.348262], [39.853327, 21.348484], [39.853633, 21.348656], [39.853852, 21.34874], [39.854047, 21.348792], [39.85419, 21.348818], [39.850622, 21.353746], [39.8460388, 21.3520702], [39.8449016, 21.3516605], [39.843539, 21.3513008], [39.8422301, 21.351001], [39.8407709, 21.3507912], [39.839462, 21.3507212], [39.8381317, 21.3507312], [39.8361254, 21.350951], [39.8277247, 21.3531594], [39.8247957, 21.3539987], [39.8235512, 21.3542585], [39.8224568, 21.3543784], [39.8215771, 21.3543984], [39.8205686, 21.3542885], [39.8146423, 21.352613]]]}}, {"type": "Feature", "properties": {"name": "Al Mudae Al Jadid", "name_ar": "المدعى الجديد", "admin_level": "10"}, "geometry": {"type": "Polygon", "coordinates": [[[39.7488583, 21.2888544], [39.7572322, 21.285061], [39.7701926, 21.2877402], [39.7991176, 21.2883], [39.8035808, 21.2894996], [39.818217, 21.3001465], [39.818053, 21.300726], [39.81786, 21.301431], [39.817673, 21.302137], [39.817491, 21.302845], [39.816743, 21.305247], [39.816738, 21.305246], [39.815218, 21.310142], [39.813573, 21.315385], [39.813241, 21.316459], [39.81208, 21.320204], [39.8120147, 21.3204145], [39.7994971, 21.3169027], [39.7981024, 21.3170226], [39.7971582, 21.3173624], [39.7964501, 21.3179821], [39.7957849, 21.3197212], [39.7848844, 21.3172025], [39.7844767, 21.3188416], [39.7826957, 21.3193014], [39.7797346, 21.318182], [39.7772025, 21.3195213], [39.7700856, 21.305128], [39.7608266, 21.3114201], [39.7499942, 21.2988509], [39.7488583, 21.2888544]]]}}, {"type": "Feature", "properties": {"name": "Al Abidiyah", "name_ar": "العابدية", "admin_level": "10"}, "geometry": {"type": "Polygon", "coordinates": [[[39.8951919, 21.30831], [39.8978521, 21.3044865], [39.9171495, 21.3104859], [39.9501085, 21.3008901], [39.9532413, 21.3073273], [39.9527692, 21.3136443], [39.9652147, 21.3238789], [39.966073, 21.3248383], [39.967328, 21.326726], [39.967091, 21.326776], [39.96614, 21.327024], [39.964852, 21.327436], [39.963661, 21.327884], [39.962193, 21.328541], [39.95798, 21.330601], [39.945625, 21.336845], [39.944112, 21.337685], [39.942255, 21.338916], [39.9254107, 21.3291758], [39.9241447, 21.3279765], [39.917922, 21.3196212], [39.9137807, 21.314304], [39.9127722, 21.3135444], [39.9105191, 21.3124449], [39.9010563, 21.3105058], [39.8979234, 21.3097262], [39.8951919, 21.30831]]]}}, {"type": "Feature", "properties": {"name": "Al Aqaba", "name_ar": "العقبة", "admin_level": "10"}, "geometry": {"type": "Polygon", "coordinates": [[[39.7344374, 21.4301482], [39.735045, 21.430149], [39.743064, 21.42993], [39.744606, 21.430017], [39.74614, 21.430243], [39.746937, 21.430532], [39.747571, 21.430877], [39.749707, 21.432662], [39.750427, 21.433165], [39.750928, 21.433441], [39.752043, 21.433846], [39.756308, 21.435148], [39.75736, 21.43564], [39.758241, 21.436269], [39.761309, 21.439098], [39.761669, 21.439363], [39.762133, 21.439589], [39.762761, 21.439741], [39.7633517, 21.4397418], [39.7636092, 21.4420342], [39.7636312, 21.4430323], [39.763636, 21.4432476], [39.7636092, 21.4443011], [39.7635287, 21.4451998], [39.7633356, 21.4462933], [39.763062, 21.4473868], [39.7625792, 21.4488846], [39.7618657, 21.4506571], [39.7611684, 21.4524445], [39.7604442, 21.454207], [39.7595644, 21.4563039], [39.7593283, 21.4573424], [39.7596288, 21.458301], [39.7604227, 21.4600384], [39.7611093, 21.4623749], [39.7614956, 21.464891], [39.7618603, 21.4691045], [39.7622037, 21.4736374], [39.7626328, 21.4784297], [39.7629976, 21.4825828], [39.7629976, 21.4851985], [39.7631693, 21.4895711], [39.7635984, 21.493704], [39.7641349, 21.4970582], [39.7643065, 21.4996337], [39.7641778, 21.5012508], [39.763534, 21.5038661], [39.7621393, 21.5108134], [39.7506598, 21.5087496], [39.7498011, 21.5085975], [39.7445011, 21.5075993], [39.7429132, 21.5070803], [39.7414112, 21.5062418], [39.739995, 21.5051837], [39.7388148, 21.503906], [39.7379565, 21.5026283], [39.7375059, 21.501151], [39.737184, 21.4996337], [39.7370982, 21.4981563], [39.7372699, 21.4967587], [39.7376848, 21.4950597], [39.7381818, 21.4922016], [39.7381872, 21.4912582], [39.7381067, 21.4902649], [39.737919, 21.4893465], [39.73764, 21.4883582], [39.7372967, 21.4875445], [39.7369051, 21.4867659], [39.736433, 21.486107], [39.7318089, 21.4807758], [39.7307628, 21.4793981], [39.7299421, 21.478205], [39.7290569, 21.4767673], [39.7241485, 21.4681809], [39.7237301, 21.4673123], [39.7228986, 21.4650308], [39.7225124, 21.463583], [39.7217721, 21.4604178], [39.721638, 21.4593744], [39.721595, 21.4585007], [39.7216272, 21.4575171], [39.7217613, 21.4564038], [39.7221476, 21.4546563], [39.7225285, 21.4531885], [39.7230381, 21.4513961], [39.7235852, 21.4498932], [39.7304892, 21.4353233], [39.7314119, 21.4337454], [39.732517, 21.4322474], [39.7344374, 21.4301482]]]}}, {"type": "Feature", "properties": {"name": "As Sanabel", "name_ar": "السنابل", "admin_level": "10"}, "geometry": {"type": "Polygon", "coordinates": [[[39.852159, 21.407296], [39.851876, 21.406099], [39.85071, 21.401173], [39.850604, 21.400516], [39.850626, 21.399519], [39.850999, 21.397653], [39.851112, 21.396739], [39.849496, 21.396133], [39.850045, 21.395717], [39.850492, 21.395457], [39.852552, 21.394486], [39.8531896, 21.3941497], [39.8537421, 21.3938625], [39.854477, 21.393373], [39.8552495, 21.3927137], [39.8565209, 21.3913801], [39.8583609, 21.389472], [39.8599273, 21.3878187], [39.8617029, 21.3859505], [39.8624486, 21.3852213], [39.8631781, 21.3846169], [39.8640633, 21.3840324], [39.8649055, 21.3836128], [39.8657477, 21.3832832], [39.8667508, 21.3829785], [39.8677486, 21.3827837], [39.8688322, 21.3827137], [39.8700339, 21.3827437], [39.8711604, 21.3829085], [39.8724103, 21.3832532], [39.874918, 21.384012], [39.873157, 21.389386], [39.872769, 21.390466], [39.872474, 21.391076], [39.871795, 21.392034], [39.871621, 21.392222], [39.871409, 21.392328], [39.871231, 21.392338], [39.868205, 21.39199], [39.868064, 21.392019], [39.86786, 21.39219], [39.866736, 21.392079], [39.866662, 21.392034], [39.866648, 21.391885], [39.866585, 21.391832], [39.865134, 21.391693], [39.86278, 21.392153], [39.862588, 21.392246], [39.86249, 21.392374], [39.861758, 21.393971], [39.861189, 21.397279], [39.860487, 21.399489], [39.858798, 21.403473], [39.858681, 21.403741], [39.858541, 21.40401], [39.85835, 21.404253], [39.857945, 21.404569], [39.852159, 21.407296]]]}}, {"type": "Feature", "properties": {"name": "As Sulaymaniyah", "name_ar": "السليمانية", "admin_level": "10"}, "geometry": {"type": "Polygon", "coordinates": [[[39.838309, 21.429576], [39.838292, 21.429318], [39.838017, 21.429316], [39.83775, 21.429419], [39.837593, 21.429356], [39.837242, 21.429418], [39.837022, 21.429408], [39.836888, 21.429588], [39.836518, 21.429333], [39.836534, 21.429239], [39.833395, 21.428945], [39.833354, 21.428988], [39.832377, 21.429845], [39.831779, 21.430248], [39.831117, 21.430608], [39.829836, 21.431118], [39.829084, 21.431316], [39.828493, 21.431399], [39.82547, 21.431633], [39.824293, 21.431873], [39.823399, 21.432267], [39.8216958, 21.4334492], [39.82161, 21.433507], [39.820477, 21.434491], [39.819802, 21.435011], [39.819212, 21.435278], [39.8204183, 21.437061], [39.8216537, 21.4382987], [39.822114, 21.438174], [39.823425, 21.437523], [39.824158, 21.437208], [39.825062, 21.436881], [39.826257, 21.436548], [39.826953, 21.436154], [39.827571, 21.435865], [39.827761, 21.435765], [39.828013, 21.435644], [39.828232, 21.435544], [39.829708, 21.434972], [39.830053, 21.434934], [39.830327, 21.434961], [39.830664, 21.435068], [39.830929, 21.43524], [39.831275, 21.435055], [39.831451, 21.435157], [39.83247, 21.434698], [39.832614, 21.434612], [39.832633, 21.434493], [39.832715, 21.434439], [39.833243, 21.434506], [39.833265, 21.434568], [39.833516, 21.43455], [39.833631, 21.434399], [39.834053, 21.434325], [39.834659, 21.43397], [39.834829, 21.433727], [39.834835, 21.433394], [39.835033, 21.43352], [39.835268, 21.433471], [39.835355, 21.433317], [39.835329, 21.433165], [39.835805, 21.432708], [39.835868, 21.432385], [39.835979, 21.432554], [39.836109, 21.432632], [39.836691, 21.432684], [39.837758, 21.433189], [39.837762, 21.433141], [39.837944, 21.432599], [39.838034, 21.432502], [39.838243, 21.432411], [39.837931, 21.431567], [39.838103, 21.431457], [39.838051, 21.431417], [39.838021, 21.430828], [39.838053, 21.430406], [39.838281, 21.430252], [39.838309, 21.429576]]]}}, {"type": "Feature", "properties": {"name": "Al misyal Al Jadid", "name_ar": "المسيال الجديد", "admin_level": "10"}, "geometry": {"type": "Polygon", "coordinates": [[[39.8828915, 21.3005932], [39.8635466, 21.2957613], [39.8520684, 21.2910738], [39.8235399, 21.280247], [39.82362, 21.279873], [39.824014, 21.278036], [39.825374, 21.271731], [39.825796, 21.269774], [39.825907, 21.269285], [39.82601, 21.268796], [39.826108, 21.268304], [39.826198, 21.267812], [39.826281, 21.267318], [39.826358, 21.266824], [39.826428, 21.266328], [39.826491, 21.265831], [39.826547, 21.265334], [39.826597, 21.264836], [39.826639, 21.264337], [39.826663, 21.263811], [39.82668, 21.263284], [39.82669, 21.262758], [39.826694, 21.262231], [39.826691, 21.261704], [39.826682, 21.261177], [39.826667, 21.260651], [39.826645, 21.260125], [39.8265753, 21.2581441], [39.8493808, 21.2701895], [39.8514461, 21.2701795], [39.8538493, 21.2690598], [39.8559093, 21.2672201], [39.8583125, 21.2670601], [39.8596, 21.2691398], [39.8602008, 21.2717792], [39.8643207, 21.2747386], [39.872665, 21.2796105], [39.883939, 21.2894045], [39.8828915, 21.3005932]]]}}, {"type": "Feature", "properties": {"name": "Al Hamra", "name_ar": "الحمراء", "admin_level": "10"}, "geometry": {"type": "Polygon", "coordinates": [[[39.7344374, 21.4301482], [39.735045, 21.430149], [39.743064, 21.42993], [39.744606, 21.430017], [39.74614, 21.430243], [39.746937, 21.430532], [39.747571, 21.430877], [39.749707, 21.432662], [39.750427, 21.433165], [39.750928, 21.433441], [39.752043, 21.433846], [39.756308, 21.435148], [39.75736, 21.43564], [39.758241, 21.436269], [39.761309, 21.439098], [39.761669, 21.439363], [39.762133, 21.439589], [39.762761, 21.439741], [39.7633517, 21.4397418], [39.763485, 21.439742], [39.76897, 21.439046], [39.769113, 21.439034], [39.769769, 21.43903], [39.770448, 21.439117], [39.774826, 21.440214], [39.775325, 21.440276], [39.7773602, 21.4403816], [39.7769344, 21.4391831], [39.7766072, 21.4381395], [39.7763282, 21.4369212], [39.7762155, 21.4357927], [39.7761887, 21.4345693], [39.7762424, 21.4336455], [39.7763818, 21.4327068], [39.7765374, 21.4318928], [39.7766983, 21.4312886], [39.7773635, 21.4291464], [39.7780663, 21.4268543], [39.7785437, 21.4252963], [39.7792733, 21.4230041], [39.779831, 21.420736], [39.774362, 21.417034], [39.77267, 21.416011], [39.771632, 21.415506], [39.770531, 21.415088], [39.769502, 21.414768], [39.768584, 21.414549], [39.767503, 21.41436], [39.766549, 21.414262], [39.758671, 21.414011], [39.7563, 21.413808], [39.754174, 21.413451], [39.751187, 21.41281], [39.7506595, 21.4126991], [39.7475696, 21.4154184], [39.7444957, 21.4177056], [39.7438413, 21.41825], [39.7429669, 21.419044], [39.7422534, 21.419863], [39.7416204, 21.4206171], [39.7410786, 21.4214161], [39.7404027, 21.4226146], [39.7395068, 21.4242676], [39.7388738, 21.4252513], [39.7380692, 21.4262251], [39.7373021, 21.427109], [39.7352529, 21.4292712], [39.7344374, 21.4301482]]]}}, {"type": "Feature", "properties": {"name": "Al Basatin", "name_ar": "البساتين", "admin_level": "10"}, "geometry": {"type": "Polygon", "coordinates": [[[39.7506595, 21.4126991], [39.7543073, 21.4092656], [39.7563565, 21.4070481], [39.7574937, 21.4056098], [39.7587061, 21.4039616], [39.7595322, 21.4025731], [39.7603476, 21.4010648], [39.7609806, 21.3996364], [39.7612595, 21.3983877], [39.7617209, 21.3948415], [39.762311, 21.3913251], [39.7623753, 21.3909605], [39.7601116, 21.3920094], [39.756968, 21.3922042], [39.7554445, 21.3935828], [39.7435999, 21.3995365], [39.7429776, 21.3941822], [39.7403598, 21.3920644], [39.7343731, 21.3907457], [39.7323024, 21.3926338], [39.7275254, 21.389015], [39.7014939, 21.3695675], [39.6973908, 21.3726132], [39.6996331, 21.3774587], [39.696436, 21.379221], [39.697315, 21.379834], [39.6986, 21.38082], [39.699737, 21.381819], [39.700832, 21.382938], [39.701796, 21.384033], [39.718114, 21.405045], [39.720995, 21.408678], [39.721685, 21.409513], [39.722201, 21.410029], [39.722927, 21.410631], [39.723541, 21.411051], [39.724666, 21.411655], [39.725799, 21.412088], [39.727079, 21.412399], [39.728196, 21.412529], [39.72895, 21.412546], [39.730528, 21.412444], [39.740541, 21.411562], [39.743312, 21.411404], [39.744392, 21.411483], [39.745719, 21.411669], [39.7506595, 21.4126991]]]}}, {"type": "Feature", "properties": {"name": "Al Qararat Al Jadid", "name_ar": "القرارة الجديد", "admin_level": "10"}, "geometry": {"type": "Polygon", "coordinates": [[[39.7488583, 21.2888544], [39.7572322, 21.285061], [39.7701926, 21.2877402], [39.7991176, 21.2883], [39.8035808, 21.2894996], [39.818217, 21.3001465], [39.819106, 21.297228], [39.820428, 21.293312], [39.821183, 21.290749], [39.82198, 21.287507], [39.823446, 21.280685], [39.8235399, 21.280247], [39.8206973, 21.2797373], [39.8171568, 21.2793774], [39.814496, 21.2792974], [39.8120928, 21.2794373], [39.8080373, 21.2795773], [39.8039818, 21.2796173], [39.7993469, 21.2795373], [39.7943902, 21.2790974], [39.7911286, 21.2786375], [39.7880602, 21.2776778], [39.7849059, 21.2765581], [39.7820735, 21.2754783], [39.7790909, 21.2745985], [39.7755933, 21.2740187], [39.7718811, 21.2735988], [39.7553801, 21.2716192], [39.7467899, 21.2706491], [39.7488583, 21.2888544]]]}}, {"type": "Feature", "properties": {"name": "Al Falaq Al Jadid", "name_ar": "الفلق الجديد", "admin_level": "10"}, "geometry": {"type": "Polygon", "coordinates": [[[39.7018969, 21.3084768], [39.7060704, 21.3063278], [39.7076261, 21.3053482], [39.7158766, 21.305798], [39.7177112, 21.305858], [39.7192025, 21.3061878], [39.7221422, 21.308067], [39.7438133, 21.3277557], [39.7492647, 21.3180021], [39.7608266, 21.3114201], [39.7499942, 21.2988509], [39.7488583, 21.2888544], [39.7467899, 21.2706491], [39.7429025, 21.2702045], [39.7391206, 21.2697646], [39.7308218, 21.2687898], [39.7225177, 21.2678099], [39.7171533, 21.26724], [39.7139454, 21.2671001], [39.711746, 21.2671501], [39.709847, 21.26732], [39.7063708, 21.2678299], [39.7030556, 21.2685998], [39.6994507, 21.2698196], [39.696244, 21.27118], [39.695795, 21.271459], [39.695042, 21.271934], [39.694633, 21.2722], [39.694585, 21.272232], [39.693814, 21.272735], [39.692771, 21.273422], [39.69173, 21.274113], [39.691511, 21.274259], [39.691255, 21.274428], [39.690479, 21.27493], [39.690243, 21.275094], [39.690029, 21.275238], [39.689814, 21.275379], [39.68974, 21.27543], [39.689572, 21.275532], [39.68934, 21.275675], [39.688615, 21.276153], [39.687889, 21.276628], [39.687764, 21.276709], [39.686584, 21.27749], [39.685799, 21.27801], [39.68573, 21.278056], [39.685605, 21.278138], [39.685556, 21.278171], [39.684266, 21.279021], [39.684118, 21.279118], [39.683285, 21.279667], [39.682739, 21.280026], [39.682733, 21.280029], [39.6825714, 21.2801388], [39.6878099, 21.2916436], [39.6899557, 21.296252], [39.6907925, 21.2976114], [39.6914577, 21.2984911], [39.7018969, 21.3084768]]]}}, {"type": "Feature", "properties": {"name": "Tawa", "name_ar": "طوى", "admin_level": "10"}, "geometry": {"type": "Polygon", "coordinates": [[[39.745016, 21.3694061], [39.7444145, 21.371972], [39.7439861, 21.3756804], [39.743557, 21.3793769], [39.7425055, 21.381375], [39.7417974, 21.3825539], [39.7410457, 21.3835362], [39.739598, 21.3843421], [39.7380102, 21.3851414], [39.7359931, 21.3859805], [39.7341156, 21.3865899], [39.7275254, 21.389015], [39.7014939, 21.3695675], [39.6973908, 21.3726132], [39.6996331, 21.3774587], [39.696436, 21.379221], [39.696154, 21.379038], [39.695869, 21.378861], [39.695581, 21.37869], [39.695289, 21.378524], [39.694994, 21.378364], [39.694113, 21.377884], [39.693228, 21.377409], [39.692196, 21.376862], [39.691112, 21.376282], [39.690031, 21.375696], [39.689584, 21.375459], [39.6893274, 21.3753498], [39.6915865, 21.3709047], [39.6930235, 21.3664427], [39.6943029, 21.3639885], [39.6992167, 21.3573165], [39.6992274, 21.348818], [39.6949776, 21.3413708], [39.700387, 21.341382], [39.701296, 21.34143], [39.702449, 21.341581], [39.703673, 21.341884], [39.707753, 21.343443], [39.708715, 21.343742], [39.709272, 21.343829], [39.709537, 21.343875], [39.710305, 21.3439647], [39.7134003, 21.3527282], [39.7172305, 21.3592081], [39.7213584, 21.3633479], [39.7428335, 21.3651464], [39.745016, 21.3694061]]]}}, {"type": "Feature", "properties": {"name": "An Naqa Al Jadid", "name_ar": "النقا الجديد", "admin_level": "10"}, "geometry": {"type": "Polygon", "coordinates": [[[39.7623753, 21.3909605], [39.7624826, 21.3904061], [39.7629815, 21.3881034], [39.7635555, 21.3858157], [39.7637486, 21.3849615], [39.7638774, 21.3842572], [39.7641832, 21.3819495], [39.7646177, 21.3796467], [39.7648913, 21.3789074], [39.7654009, 21.3775386], [39.7663289, 21.3752208], [39.7672623, 21.3729379], [39.7677827, 21.3715641], [39.7683191, 21.3697957], [39.7689354, 21.367517], [39.761753, 21.3647701], [39.7574615, 21.3641306], [39.7539424, 21.3643704], [39.7505092, 21.3655694], [39.7483634, 21.3666085], [39.7464751, 21.3682071], [39.745016, 21.3694061], [39.7444145, 21.371972], [39.7439861, 21.3756804], [39.743557, 21.3793769], [39.7425055, 21.381375], [39.7417974, 21.3825539], [39.7410457, 21.3835362], [39.739598, 21.3843421], [39.7380102, 21.3851414], [39.7359931, 21.3859805], [39.7341156, 21.3865899], [39.7275254, 21.389015], [39.7323024, 21.3926338], [39.7343731, 21.3907457], [39.7403598, 21.3920644], [39.7429776, 21.3941822], [39.7435999, 21.3995365], [39.7554445, 21.3935828], [39.756968, 21.3922042], [39.7601116, 21.3920094], [39.7623753, 21.3909605]]]}}, {"type": "Feature", "properties": {"name": "Haram visions", "name_ar": "رؤى الحرم", "admin_level": "10"}, "geometry": {"type": "Polygon", "coordinates": [[[39.835333, 21.425902], [39.835157, 21.426191], [39.833989, 21.428189], [39.833395, 21.428945], [39.833354, 21.428988], [39.832377, 21.429845], [39.831779, 21.430248], [39.831117, 21.430608], [39.829836, 21.431118], [39.829084, 21.431316], [39.828493, 21.431399], [39.82547, 21.431633], [39.824293, 21.431873], [39.823399, 21.432267], [39.8216958, 21.4334492], [39.82161, 21.433507], [39.8161428, 21.4317909], [39.8165426, 21.4309166], [39.8169047, 21.4302949], [39.8173043, 21.4296982], [39.8177844, 21.4290665], [39.8182189, 21.4285921], [39.8184335, 21.4282226], [39.8185837, 21.4277582], [39.818911, 21.4271539], [39.819246, 21.426697], [39.819646, 21.426019], [39.819921, 21.425373], [39.820153, 21.424655], [39.820107, 21.424322], [39.819741, 21.423724], [39.820164, 21.423395], [39.821065, 21.422347], [39.821228, 21.422211], [39.821689, 21.421974], [39.821755, 21.421944], [39.8221058, 21.42194], [39.8217568, 21.4224973], [39.8214483, 21.4230716], [39.8212914, 21.4233362], [39.8206571, 21.4242326], [39.8202735, 21.4251864], [39.8213142, 21.4265846], [39.8226285, 21.4277482], [39.8233849, 21.4281826], [39.8244256, 21.4285571], [39.8259437, 21.4287169], [39.8274028, 21.4286121], [39.8285025, 21.4283424], [39.829452, 21.4256858], [39.8301279, 21.4249267], [39.8299022, 21.4240021], [39.8297524, 21.4233887], [39.8297417, 21.4229392], [39.8300528, 21.4224898], [39.8306, 21.4222201], [39.8314583, 21.4221202], [39.8321986, 21.4222501], [39.8318016, 21.4241677], [39.835333, 21.425902]]]}}, {"type": "Feature", "properties": {"name": "Al Khalidiyah", "name_ar": "الخالدية", "admin_level": "10"}, "geometry": {"type": "Polygon", "coordinates": [[[39.8078476, 21.4112739], [39.806672, 21.4111334], [39.801593, 21.409853], [39.798857, 21.409187], [39.798802, 21.409173], [39.798181, 21.408307], [39.793651, 21.403473], [39.793118, 21.402923], [39.792756, 21.402644], [39.792333, 21.40243], [39.7917134, 21.4022485], [39.7911286, 21.4021936], [39.7905976, 21.4022135], [39.7902113, 21.4022934], [39.7897875, 21.4024183], [39.7892618, 21.402733], [39.7887844, 21.4030776], [39.785592, 21.400518], [39.786465, 21.399597], [39.787453, 21.398785], [39.787663, 21.39864], [39.788355, 21.39816], [39.789083, 21.397754], [39.790304, 21.397237], [39.792119, 21.396765], [39.796322, 21.395921], [39.797344, 21.395811], [39.798371, 21.395756], [39.804508, 21.395688], [39.805747, 21.395623], [39.806909, 21.395452], [39.807593, 21.395295], [39.808548, 21.395004], [39.809289, 21.394713], [39.809457, 21.394636], [39.809492, 21.39462], [39.80963, 21.394551], [39.8097539, 21.3949164], [39.8101777, 21.39623], [39.8105317, 21.3972789], [39.8107731, 21.3981629], [39.8108155, 21.3984005], [39.8109019, 21.3988822], [39.810977, 21.3998661], [39.8109609, 21.4007601], [39.8107839, 21.4019838], [39.8104727, 21.4037768], [39.8102152, 21.4055498], [39.8100382, 21.4073128], [39.8098558, 21.4090708], [39.8097432, 21.4101845], [39.809759, 21.4112989], [39.8078476, 21.4112739]]]}}, {"type": "Feature", "properties": {"name": "Al Ukayshiyah", "name_ar": "العكيشية", "admin_level": "10"}, "geometry": {"type": "Polygon", "coordinates": [[[39.815733, 21.363903], [39.813988, 21.364209], [39.813326, 21.364325], [39.813117, 21.36424], [39.813046, 21.364392], [39.812974, 21.364587], [39.81293, 21.364564], [39.812848, 21.364529], [39.812765, 21.364498], [39.812681, 21.364469], [39.812553, 21.364433], [39.812425, 21.364403], [39.812294, 21.36438], [39.81229, 21.36438], [39.812249, 21.364847], [39.81213, 21.365138], [39.811831, 21.365478], [39.811792, 21.365814], [39.810624, 21.365842], [39.809839, 21.36582], [39.809645, 21.365815], [39.809617, 21.365812], [39.809209, 21.365752], [39.808893, 21.365775], [39.808874, 21.365775], [39.8088, 21.365775], [39.808428, 21.365773], [39.808338, 21.365773], [39.808307, 21.365773], [39.807954, 21.365771], [39.807898, 21.365771], [39.807794, 21.365771], [39.807731, 21.36577], [39.807606, 21.365765], [39.807247, 21.365749], [39.806851, 21.365732], [39.806497, 21.365716], [39.806475, 21.365715], [39.806293, 21.365689], [39.806089, 21.365662], [39.805855, 21.365637], [39.805604, 21.365614], [39.805353, 21.365597], [39.805102, 21.365585], [39.804921, 21.365584], [39.804741, 21.365588], [39.80456, 21.365599], [39.804381, 21.365615], [39.803717, 21.365722], [39.80361, 21.365738], [39.803362, 21.365791], [39.803387, 21.36586], [39.80411, 21.36967], [39.804088, 21.36992], [39.804004, 21.370144], [39.803653, 21.370588], [39.803322, 21.3701753], [39.8026621, 21.369441], [39.8001516, 21.3674027], [39.7985691, 21.3661588], [39.7977483, 21.3654244], [39.7969598, 21.3645951], [39.7962087, 21.3637558], [39.7955757, 21.3629915], [39.7949642, 21.3621922], [39.7939879, 21.3607383], [39.7932851, 21.3596592], [39.7928452, 21.3590997], [39.7922981, 21.3584152], [39.7913915, 21.3573611], [39.7904849, 21.3564418], [39.787733, 21.3541586], [39.7865796, 21.3533392], [39.785158, 21.3525898], [39.7810006, 21.3507112], [39.7804964, 21.3504214], [39.779858, 21.3500067], [39.7793376, 21.349607], [39.7789192, 21.3492623], [39.7808182, 21.3488026], [39.7839296, 21.3481831], [39.785496, 21.3478733], [39.7867137, 21.3475735], [39.7881621, 21.3473087], [39.7901255, 21.3470539], [39.7918636, 21.346989], [39.7937733, 21.3470639], [39.795109, 21.3472188], [39.7965574, 21.3474486], [39.798038, 21.3478233], [39.8021901, 21.3490025], [39.8040941, 21.3495851], [39.8063582, 21.3502366], [39.8104995, 21.3514656], [39.8146423, 21.352613], [39.814293, 21.356017], [39.814275, 21.356221], [39.814264, 21.356426], [39.814258, 21.356631], [39.814259, 21.356836], [39.814265, 21.357041], [39.814278, 21.357245], [39.814297, 21.35745], [39.814322, 21.357653], [39.814353, 21.357856], [39.81439, 21.358057], [39.814433, 21.358258], [39.815733, 21.363903]]]}}, {"type": "Feature", "properties": {"name": "Badr", "name_ar": "بدر", "admin_level": "10"}, "geometry": {"type": "Polygon", "coordinates": [[[39.890376, 21.475627], [39.890287, 21.475857], [39.890191, 21.476085], [39.89009, 21.47631], [39.889983, 21.476532], [39.88987, 21.476751], [39.889751, 21.476968], [39.889627, 21.477181], [39.889497, 21.477391], [39.889362, 21.477597], [39.889221, 21.4778], [39.889075, 21.477999], [39.888924, 21.478195], [39.888768, 21.478386], [39.888607, 21.478573], [39.888442, 21.478756], [39.888271, 21.478935], [39.888096, 21.479109], [39.887956, 21.479243], [39.887278, 21.479966], [39.8861808, 21.4810978], [39.8849764, 21.4822334], [39.8841959, 21.4830595], [39.8835066, 21.4838981], [39.8828521, 21.484582], [39.882026, 21.4854231], [39.8809263, 21.4865762], [39.8797891, 21.4877292], [39.8791442, 21.4884076], [39.8818731, 21.4934844], [39.8841691, 21.4981363], [39.8856926, 21.501151], [39.8911857, 21.506681], [39.89331, 21.5072799], [39.8970664, 21.5123424], [39.906407, 21.492351], [39.909858, 21.482618], [39.912153, 21.476521], [39.911873, 21.476386], [39.911595, 21.47625], [39.911075, 21.475982], [39.910986, 21.475936], [39.910683, 21.475771], [39.910384, 21.475601], [39.910088, 21.475425], [39.909795, 21.475243], [39.909533, 21.47508], [39.909274, 21.474912], [39.909019, 21.47474], [39.908766, 21.474562], [39.908517, 21.47438], [39.908272, 21.474193], [39.90803, 21.474002], [39.907792, 21.473806], [39.907529, 21.473588], [39.907271, 21.473364], [39.907017, 21.473136], [39.906767, 21.472903], [39.906522, 21.472665], [39.906281, 21.472423], [39.906045, 21.472176], [39.905774, 21.471869], [39.905507, 21.471559], [39.905111, 21.471082], [39.904875, 21.470788], [39.904642, 21.47049], [39.904414, 21.47019], [39.903058, 21.468425], [39.90218, 21.467331], [39.902017, 21.467128], [39.901672, 21.46675], [39.901395, 21.466444], [39.901114, 21.466141], [39.90083, 21.465841], [39.900618, 21.465621], [39.900403, 21.465403], [39.899935, 21.464915], [39.899841, 21.464818], [39.899088, 21.46404], [39.898994, 21.463943], [39.898681, 21.463621], [39.898438, 21.463373], [39.898304, 21.46324], [39.898166, 21.46311], [39.898026, 21.462984], [39.897882, 21.462861], [39.897725, 21.462718], [39.897565, 21.462579], [39.897399, 21.462446], [39.89723, 21.462318], [39.897056, 21.462196], [39.896878, 21.46208], [39.896697, 21.46197], [39.896515, 21.461855], [39.89633, 21.461745], [39.896143, 21.46164], [39.895952, 21.46154], [39.895759, 21.461445], [39.895563, 21.461355], [39.895413, 21.461296], [39.8950529, 21.4611423], [39.893976, 21.463646], [39.892916, 21.466731], [39.890424, 21.475497], [39.890376, 21.475627]]]}}, {"type": "Feature", "properties": {"name": "As Safa", "name_ar": "الصفا", "admin_level": "10"}, "geometry": {"type": "Polygon", "coordinates": [[[39.9964492, 21.4357555], [39.985795, 21.438275], [39.985718, 21.438023], [39.982763, 21.437518], [39.982408, 21.438271], [39.979611, 21.437015], [39.979174, 21.437597], [39.978326, 21.438591], [39.977815, 21.439408], [39.976848, 21.440795], [39.974939, 21.440295], [39.973354, 21.440142], [39.973247, 21.439979], [39.97166, 21.440893], [39.970444, 21.441593], [39.962683, 21.445942], [39.954114, 21.450822], [39.953742, 21.451086], [39.953282, 21.451567], [39.950713, 21.455026], [39.950466, 21.455419], [39.9501199, 21.4552717], [39.9480647, 21.4544441], [39.9470454, 21.4540672], [39.9457258, 21.4536578], [39.9441648, 21.4532634], [39.9426225, 21.4529139], [39.9405625, 21.4524595], [39.939495, 21.4522997], [39.9389747, 21.4522623], [39.9379232, 21.4522623], [39.9363086, 21.4523572], [39.935579, 21.4523921], [39.9347261, 21.4523447], [39.9341547, 21.4522898], [39.9335968, 21.4522124], [39.9330363, 21.4520975], [39.9325106, 21.4519827], [39.9319687, 21.4518404], [39.9315262, 21.4516806], [39.9310514, 21.4514834], [39.9301743, 21.4511065], [39.9296486, 21.4508843], [39.9287394, 21.4504624], [39.9282378, 21.4502177], [39.927806, 21.4499706], [39.926777, 21.449364], [39.92895, 21.446387], [39.929093, 21.446171], [39.929242, 21.445958], [39.929396, 21.44575], [39.929557, 21.445545], [39.929722, 21.445345], [39.929893, 21.44515], [39.930069, 21.444959], [39.930251, 21.444773], [39.930437, 21.444592], [39.930628, 21.444416], [39.930823, 21.444245], [39.931023, 21.44408], [39.931228, 21.44392], [39.931437, 21.443766], [39.936293, 21.440257], [39.936521, 21.440096], [39.936753, 21.439941], [39.936989, 21.439791], [39.937228, 21.439647], [39.937471, 21.439508], [39.937716, 21.439375], [39.937965, 21.439248], [39.938217, 21.439127], [39.938471, 21.439012], [39.945301, 21.436011], [39.945497, 21.435923], [39.945689, 21.435828], [39.945879, 21.435728], [39.946065, 21.435623], [39.946248, 21.435512], [39.946428, 21.435395], [39.946604, 21.435273], [39.946776, 21.435145], [39.946944, 21.435013], [39.947108, 21.434875], [39.947268, 21.434733], [39.947424, 21.434585], [39.947575, 21.434433], [39.947721, 21.434277], [39.947863, 21.434116], [39.948, 21.433951], [39.948131, 21.433782], [39.948257, 21.433609], [39.961315, 21.414955], [39.962021, 21.413884], [39.96222, 21.413474], [39.96239, 21.413054], [39.962704, 21.412365], [39.963055, 21.411547], [39.963424, 21.410634], [39.965297, 21.404857], [39.965557, 21.404041], [39.965697, 21.403788], [39.965767, 21.403671], [39.965842, 21.403557], [39.965923, 21.403447], [39.966009, 21.403341], [39.9661, 21.403239], [39.966196, 21.403142], [39.966297, 21.40305], [39.966402, 21.402963], [39.966511, 21.402881], [39.966624, 21.402804], [39.966741, 21.402733], [39.96686, 21.402668], [39.966983, 21.402608], [39.967109, 21.402555], [39.974932, 21.399389], [39.975209, 21.399274], [39.975484, 21.399155], [39.975757, 21.399031], [39.976028, 21.398902], [39.976296, 21.398769], [39.97669, 21.398551], [39.978347, 21.39755], [39.980006, 21.396552], [39.980051, 21.396518], [39.980093, 21.39648], [39.980131, 21.396438], [39.980165, 21.396392], [39.980195, 21.396344], [39.98022, 21.396293], [39.98024, 21.39624], [39.980276, 21.396142], [39.980317, 21.396047], [39.980363, 21.395954], [39.980413, 21.395863], [39.980711, 21.395607], [39.981014, 21.395356], [39.981321, 21.39511], [39.981631, 21.394869], [39.981946, 21.394633], [39.982264, 21.394402], [39.982586, 21.394176], [39.982912, 21.393955], [39.983107, 21.393829], [39.983299, 21.393698], [39.983487, 21.393562], [39.983672, 21.393421], [39.983853, 21.393275], [39.98403, 21.393124], [39.984203, 21.392969], [39.984372, 21.392809], [39.984536, 21.392645], [39.984639, 21.3925], [39.984735, 21.392352], [39.984826, 21.392199], [39.984911, 21.392043], [39.98499, 21.391884], [39.985062, 21.391722], [39.985128, 21.391557], [39.985188, 21.39139], [39.985241, 21.391221], [39.985287, 21.39105], [39.985327, 21.390877], [39.98536, 21.390702], [39.985386, 21.390527], [39.985406, 21.39035], [39.985418, 21.390173], [39.986723, 21.389917], [39.98805, 21.389613], [39.991432, 21.385901], [39.991505, 21.385802], [39.991511, 21.386028], [39.991512, 21.386253], [39.991506, 21.38656], [39.991494, 21.386866], [39.991476, 21.387173], [39.991452, 21.387478], [39.991421, 21.387783], [39.991385, 21.388088], [39.991318, 21.388478], [39.991246, 21.388868], [39.99117, 21.389256], [39.99109, 21.389644], [39.99103, 21.389931], [39.990974, 21.390219], [39.990921, 21.390508], [39.99045, 21.392781], [39.990428, 21.392885], [39.99031, 21.393432], [39.990065, 21.394562], [39.990003, 21.395049], [39.989935, 21.395535], [39.989861, 21.39602], [39.989819, 21.396395], [39.9897835, 21.3969367], [40.0011349, 21.397199], [40.0014567, 21.4051902], [39.9953198, 21.4050704], [39.9964492, 21.4357555]]]}}, {"type": "Feature", "properties": {"name": "Al Muhammadiyah", "name_ar": "المحمدية", "admin_level": "10"}, "geometry": {"type": "Polygon", "coordinates": [[[39.7881153, 21.3761382], [39.78854, 21.376158], [39.788778, 21.376181], [39.789507, 21.376243], [39.789821, 21.376273], [39.790127, 21.376302], [39.791194, 21.376402], [39.791909, 21.376462], [39.792165, 21.376481], [39.792261, 21.376488], [39.792534, 21.376506], [39.792808, 21.376518], [39.793082, 21.376526], [39.793356, 21.376529], [39.793407, 21.376527], [39.793822, 21.376516], [39.793859, 21.376513], [39.794209, 21.376478], [39.794585, 21.376431], [39.794846, 21.376403], [39.795242, 21.376329], [39.795937, 21.376181], [39.796571, 21.376006], [39.796602, 21.375997], [39.797065, 21.375841], [39.797557, 21.375649], [39.797961, 21.375474], [39.79812, 21.375397], [39.798277, 21.375316], [39.798497, 21.375209], [39.798714, 21.375096], [39.798848, 21.37502], [39.799243, 21.374774], [39.799524, 21.374579], [39.799753, 21.374419], [39.800007, 21.374231], [39.800177, 21.374106], [39.800244, 21.374051], [39.800326, 21.373983], [39.80059, 21.373765], [39.80072, 21.373629], [39.801446, 21.372885], [39.80208, 21.372222], [39.802177, 21.37213], [39.802197, 21.372109], [39.802656, 21.371596], [39.802771, 21.37146], [39.803002, 21.371215], [39.803357, 21.370898], [39.803363, 21.370891], [39.803653, 21.370588], [39.803322, 21.3701753], [39.8026621, 21.369441], [39.8001516, 21.3674027], [39.7985691, 21.3661588], [39.7977483, 21.3654244], [39.7969598, 21.3645951], [39.7962087, 21.3637558], [39.7955757, 21.3629915], [39.7949642, 21.3621922], [39.7939879, 21.3607383], [39.7932851, 21.3596592], [39.7928452, 21.3590997], [39.7922981, 21.3584152], [39.7913915, 21.3573611], [39.7904849, 21.3564418], [39.787733, 21.3541586], [39.7865796, 21.3533392], [39.785158, 21.3525898], [39.7810006, 21.3507112], [39.7804964, 21.3504214], [39.779858, 21.3500067], [39.7793376, 21.349607], [39.7789192, 21.3492623], [39.7779965, 21.349612], [39.7770041, 21.3501316], [39.7761136, 21.3507462], [39.7753841, 21.3513907], [39.7747886, 21.3520952], [39.7742468, 21.3528546], [39.7738606, 21.3535291], [39.7735602, 21.3542835], [39.7727072, 21.3565967], [39.7718489, 21.3589098], [39.7711194, 21.3610081], [39.770245, 21.3633362], [39.7694617, 21.3656443], [39.7689354, 21.367517], [39.7728252, 21.3700005], [39.774167, 21.370949], [39.775905, 21.372172], [39.776971, 21.372941], [39.777217, 21.373106], [39.777467, 21.373265], [39.77772, 21.373419], [39.777976, 21.373569], [39.778235, 21.373713], [39.778497, 21.373852], [39.779303, 21.374276], [39.780107, 21.374705], [39.780908, 21.375139], [39.781018, 21.37521], [39.781132, 21.375275], [39.781248, 21.375334], [39.781367, 21.375388], [39.781489, 21.375436], [39.781613, 21.375477], [39.781739, 21.375513], [39.781867, 21.375542], [39.781996, 21.375565], [39.782125, 21.375582], [39.782256, 21.375592], [39.7848056, 21.3758619], [39.7881153, 21.3761382]]]}}, {"type": "Feature", "properties": {"name": "Ash Shamiya Al Jadid", "name_ar": "الشامية الجديد", "admin_level": "10"}, "geometry": {"type": "Polygon", "coordinates": [[[39.6949776, 21.3413708], [39.6945336, 21.3413608], [39.6938901, 21.3413388], [39.6935111, 21.341317], [39.692282, 21.34126], [39.691842, 21.34121], [39.691678, 21.3412], [39.691489, 21.341164], [39.69107, 21.341104], [39.690577, 21.341018], [39.690084, 21.340926], [39.689593, 21.340829], [39.689102, 21.340726], [39.688613, 21.340617], [39.68813, 21.340504], [39.687649, 21.340385], [39.687168, 21.34026], [39.684257, 21.339442], [39.681343, 21.338631], [39.679389, 21.338091], [39.677435, 21.337555], [39.676812, 21.337384], [39.675195, 21.336941], [39.673468, 21.336463], [39.6753215, 21.2956122], [39.673427, 21.28585], [39.67379, 21.285664], [39.67415, 21.285474], [39.674509, 21.285279], [39.674864, 21.28508], [39.675217, 21.284877], [39.675491, 21.284712], [39.675761, 21.284542], [39.676028, 21.284368], [39.676292, 21.284189], [39.678274, 21.282963], [39.678384, 21.282891], [39.678429, 21.282862], [39.679144, 21.282378], [39.679178, 21.282356], [39.679313, 21.28227], [39.679849, 21.281926], [39.680026, 21.281813], [39.68003, 21.281811], [39.680592, 21.281429], [39.680624, 21.281407], [39.681169, 21.281046], [39.681592, 21.280773], [39.682158, 21.280407], [39.682334, 21.280292], [39.68236, 21.280274], [39.6825714, 21.2801388], [39.6878099, 21.2916436], [39.6899557, 21.296252], [39.6907925, 21.2976114], [39.6914577, 21.2984911], [39.7018969, 21.3084768], [39.7071969, 21.3134544], [39.7079587, 21.3146138], [39.7084308, 21.3157832], [39.7086775, 21.3169326], [39.7086775, 21.3180621], [39.708538, 21.3188916], [39.7081733, 21.3198111], [39.7077119, 21.3206707], [39.7068643, 21.3216801], [39.7052336, 21.3232492], [39.7043002, 21.3242686], [39.7029269, 21.3263375], [39.7022402, 21.327187], [39.7011351, 21.3283263], [39.7002983, 21.3294556], [39.69944, 21.3311546], [39.6949776, 21.3413708]]]}}, {"type": "Feature", "properties": {"name": "Harat Al Bab Al Jadid", "name_ar": "حارة الباب الجديد", "admin_level": "10"}, "geometry": {"type": "Polygon", "coordinates": [[[39.7018969, 21.3084768], [39.7060704, 21.3063278], [39.7076261, 21.3053482], [39.7158766, 21.305798], [39.7177112, 21.305858], [39.7192025, 21.3061878], [39.7221422, 21.308067], [39.7438133, 21.3277557], [39.7509801, 21.3362479], [39.7611522, 21.3435065], [39.7617316, 21.344166], [39.7602832, 21.3439361], [39.7590816, 21.3438462], [39.7550905, 21.344076], [39.7540873, 21.344061], [39.7446513, 21.3429019], [39.7422212, 21.342677], [39.7403866, 21.3425671], [39.7378492, 21.3425671], [39.7170675, 21.3437013], [39.7118694, 21.3440211], [39.7106409, 21.3440061], [39.710305, 21.3439647], [39.709537, 21.343875], [39.709272, 21.343829], [39.708715, 21.343742], [39.707753, 21.343443], [39.703673, 21.341884], [39.702449, 21.341581], [39.701296, 21.34143], [39.700387, 21.341382], [39.6949776, 21.3413708], [39.69944, 21.3311546], [39.7002983, 21.3294556], [39.7011351, 21.3283263], [39.7022402, 21.327187], [39.7029269, 21.3263375], [39.7043002, 21.3242686], [39.7052336, 21.3232492], [39.7068643, 21.3216801], [39.7077119, 21.3206707], [39.7081733, 21.3198111], [39.708538, 21.3188916], [39.7086775, 21.3180621], [39.7086775, 21.3169326], [39.7084308, 21.3157832], [39.7079587, 21.3146138], [39.7071969, 21.3134544], [39.7018969, 21.3084768]]]}}, {"type": "Feature", "properties": {"name": "Ohod", "name_ar": "أحد", "admin_level": "10"}, "geometry": {"type": "Polygon", "coordinates": [[[39.992595, 21.4931726], [39.991841, 21.493231], [39.990197, 21.493254], [39.988784, 21.493053], [39.971167, 21.488014], [39.970117, 21.487787], [39.968792, 21.48764], [39.9676877, 21.4876244], [39.9668968, 21.4876605], [39.967129, 21.490405], [39.967249, 21.491931], [39.967253, 21.491984], [39.967267, 21.492219], [39.967277, 21.492454], [39.967283, 21.492689], [39.967284, 21.492925], [39.967286, 21.493], [39.967289, 21.493326], [39.967254, 21.493841], [39.967239, 21.493964], [39.96722, 21.494167], [39.967197, 21.494369], [39.967172, 21.494571], [39.967125, 21.494865], [39.967071, 21.495157], [39.967012, 21.495448], [39.966969, 21.495678], [39.966828, 21.49623], [39.966749, 21.496485], [39.966694, 21.496668], [39.966636, 21.496851], [39.966562, 21.497084], [39.966482, 21.497315], [39.966397, 21.497544], [39.966307, 21.497771], [39.966211, 21.497995], [39.966111, 21.498218], [39.966032, 21.498398], [39.96583, 21.498856], [39.965087, 21.500544], [39.963926, 21.503185], [39.962389, 21.506729], [39.963885, 21.509353], [39.966009, 21.511815], [39.968405, 21.515993], [39.969327, 21.518137], [39.970019, 21.520772], [39.970434, 21.523507], [39.975719, 21.522276], [39.9785185, 21.5218925], [39.9834537, 21.5160237], [39.9853635, 21.5102744], [39.9900627, 21.5057627], [39.9938607, 21.5017299], [39.9960708, 21.4970582], [39.992595, 21.4931726]]]}}, {"type": "Feature", "properties": {"name": "Al Hajla Al Jadid", "name_ar": "الهجلة الجديد", "admin_level": "10"}, "geometry": {"type": "Polygon", "coordinates": [[[39.8978521, 21.3044865], [39.8843069, 21.3009467], [39.8828915, 21.3005932], [39.8635466, 21.2957613], [39.8520684, 21.2910738], [39.8235399, 21.280247], [39.823446, 21.280685], [39.82198, 21.287507], [39.821183, 21.290749], [39.820428, 21.293312], [39.819106, 21.297228], [39.818217, 21.3001465], [39.8268099, 21.304631], [39.8290361, 21.304556], [39.8314314, 21.3036177], [39.8344703, 21.3033946], [39.8563585, 21.3137998], [39.8612937, 21.3175654], [39.8701423, 21.3225165], [39.8820487, 21.3272], [39.8951919, 21.30831], [39.8978521, 21.3044865]]]}}, {"type": "Feature", "properties": {"name": "Muead", "name_ar": "معاد", "admin_level": "10"}, "geometry": {"type": "Polygon", "coordinates": [[[39.928844, 21.4699032], [39.9350774, 21.4587203], [39.9299168, 21.456244], [39.9231673, 21.455421], [39.923269, 21.455195], [39.924537, 21.452583], [39.926777, 21.449364], [39.927806, 21.4499706], [39.9282378, 21.4502177], [39.9287394, 21.4504624], [39.9296486, 21.4508843], [39.9301743, 21.4511065], [39.9310514, 21.4514834], [39.9315262, 21.4516806], [39.9319687, 21.4518404], [39.9325106, 21.4519827], [39.9330363, 21.4520975], [39.9335968, 21.4522124], [39.9341547, 21.4522898], [39.9347261, 21.4523447], [39.935579, 21.4523921], [39.9363086, 21.4523572], [39.9379232, 21.4522623], [39.9389747, 21.4522623], [39.939495, 21.4522997], [39.9405625, 21.4524595], [39.9426225, 21.4529139], [39.9441648, 21.4532634], [39.9457258, 21.4536578], [39.9470454, 21.4540672], [39.9480647, 21.4544441], [39.9501199, 21.4552717], [39.950466, 21.455419], [39.949853, 21.456517], [39.945574, 21.464251], [39.945116, 21.465077], [39.943687, 21.467654], [39.939638, 21.474963], [39.939552, 21.4751204], [39.928844, 21.4699032]]]}}, {"type": "Feature", "properties": {"name": "Al Marwah", "name_ar": "المروة", "admin_level": "10"}, "geometry": {"type": "Polygon", "coordinates": [[[39.694856, 21.417486], [39.695042, 21.417547], [39.699564, 21.419012], [39.711762, 21.422837], [39.718151, 21.42469], [39.71897, 21.425049], [39.719699, 21.425454], [39.724634, 21.428644], [39.725397, 21.429033], [39.726197, 21.429337], [39.726782, 21.429506], [39.727363, 21.429618], [39.732337, 21.430134], [39.732869, 21.430177], [39.7344374, 21.4301482], [39.732517, 21.4322474], [39.7314119, 21.4337454], [39.7304892, 21.4353233], [39.7235852, 21.4498932], [39.7230381, 21.4513961], [39.7225285, 21.4531885], [39.7221476, 21.4546563], [39.7217613, 21.4564038], [39.7216272, 21.4575171], [39.721595, 21.4585007], [39.721638, 21.4593744], [39.7217721, 21.4604178], [39.7225124, 21.463583], [39.7228986, 21.4650308], [39.7237301, 21.4673123], [39.7241485, 21.4681809], [39.7290569, 21.4767673], [39.7299421, 21.478205], [39.7307628, 21.4793981], [39.7318089, 21.4807758], [39.736433, 21.486107], [39.7369051, 21.4867659], [39.7372967, 21.4875445], [39.73764, 21.4883582], [39.737919, 21.4893465], [39.7381067, 21.4902649], [39.7381872, 21.4912582], [39.7381818, 21.4922016], [39.7376848, 21.4950597], [39.7315587, 21.48906], [39.7188128, 21.4687531], [39.7168816, 21.4558126], [39.7014999, 21.4413253], [39.6972693, 21.42867], [39.6897377, 21.4268224], [39.687785, 21.4266426], [39.6846093, 21.4274416], [39.6811761, 21.4263829], [39.6764983, 21.4284203], [39.6752537, 21.4287799], [39.669031, 21.4265427], [39.6572293, 21.4303079], [39.6490627, 21.4306457], [39.6398701, 21.4352999], [39.6393444, 21.4344002], [39.639784, 21.434218], [39.640244, 21.434019], [39.641241, 21.433576], [39.642239, 21.43314], [39.643008, 21.432794], [39.643779, 21.432453], [39.644552, 21.432116], [39.64496, 21.431929], [39.64633, 21.431334], [39.647033, 21.431025], [39.647976, 21.430609], [39.648918, 21.43019], [39.650726, 21.429392], [39.652533, 21.428591], [39.653655, 21.428097], [39.654774, 21.427597], [39.655113, 21.427445], [39.655691, 21.427202], [39.656266, 21.426952], [39.656838, 21.426697], [39.657407, 21.426435], [39.657744, 21.426276], [39.658136, 21.426088], [39.658526, 21.425897], [39.661376, 21.424404], [39.663329, 21.423351], [39.669136, 21.420215], [39.669896, 21.419806], [39.670005, 21.419748], [39.670738, 21.419353], [39.671474, 21.418965], [39.671936, 21.418735], [39.6724, 21.41851], [39.673397, 21.418052], [39.673531, 21.417991], [39.673565, 21.417976], [39.673985, 21.417799], [39.674407, 21.417626], [39.674831, 21.417458], [39.675545, 21.417151], [39.676262, 21.416849], [39.676981, 21.416553], [39.67702, 21.416537], [39.67712, 21.416497], [39.677219, 21.416457], [39.677405, 21.416381], [39.677529, 21.41633], [39.677653, 21.416278], [39.677777, 21.416227], [39.678147, 21.416071], [39.678576, 21.415887], [39.679004, 21.4157], [39.67943, 21.415509], [39.679694, 21.415388], [39.679961, 21.415273], [39.680231, 21.415163], [39.680502, 21.415058], [39.680776, 21.41496], [39.681051, 21.414866], [39.681306, 21.414784], [39.681563, 21.414709], [39.681823, 21.41464], [39.682083, 21.414578], [39.682346, 21.414524], [39.682609, 21.414476], [39.682874, 21.414435], [39.683109, 21.414403], [39.683344, 21.414377], [39.68358, 21.414358], [39.683817, 21.414345], [39.684053, 21.41434], [39.68429, 21.41434], [39.684527, 21.414347], [39.684763, 21.414361], [39.684981, 21.414376], [39.685199, 21.414395], [39.685417, 21.414419], [39.685633, 21.414446], [39.68586, 21.41448], [39.686086, 21.414518], [39.686293, 21.414556], [39.6865, 21.414598], [39.686705, 21.414645], [39.686909, 21.414697], [39.687511, 21.414887], [39.694856, 21.417486]]]}}, {"type": "Feature", "properties": {"name": "Ar Rawabi", "name_ar": "الروابي", "admin_level": "10"}, "geometry": {"type": "Polygon", "coordinates": [[[39.828034, 21.412963], [39.827743, 21.412874], [39.827155, 21.412795], [39.827038, 21.41274], [39.826367, 21.41207], [39.826144, 21.411743], [39.825955, 21.411357], [39.825954, 21.411312], [39.826395, 21.410111], [39.826514, 21.407659], [39.82663, 21.406505], [39.826575, 21.406217], [39.826204, 21.405628], [39.82604, 21.405119], [39.826264, 21.404295], [39.827409, 21.401132], [39.828051, 21.399747], [39.8325273, 21.3984838], [39.840767, 21.3984613], [39.8427609, 21.4156554], [39.8417822, 21.4169646], [39.8410902, 21.4193642], [39.842224, 21.4217773], [39.837106, 21.422637], [39.837089, 21.422451], [39.836938, 21.42243], [39.836933, 21.42097], [39.836884, 21.420778], [39.837, 21.420088], [39.836816, 21.419271], [39.836712, 21.418997], [39.836725, 21.418706], [39.835984, 21.418504], [39.835776, 21.418374], [39.834802, 21.417025], [39.833648, 21.415648], [39.833427, 21.41551], [39.833168, 21.415511], [39.833082, 21.41525], [39.833104, 21.415152], [39.833047, 21.415156], [39.833006, 21.415033], [39.832885, 21.415138], [39.832708, 21.414816], [39.832426, 21.414635], [39.832294, 21.414762], [39.83212, 21.41468], [39.831786, 21.414658], [39.831789, 21.414424], [39.831875, 21.414262], [39.831386, 21.413805], [39.830782, 21.413324], [39.829786, 21.412739], [39.82879, 21.411989], [39.828188, 21.412575], [39.828084, 21.412758], [39.828034, 21.412963]]]}}, {"type": "Feature", "properties": {"name": "Al Judriah Al Jadid", "name_ar": "الجودرية الجديد", "admin_level": "10"}, "geometry": {"type": "Polygon", "coordinates": [[[39.85419, 21.348818], [39.854047, 21.348792], [39.853852, 21.34874], [39.853633, 21.348656], [39.853327, 21.348484], [39.853054, 21.348262], [39.852683, 21.34786], [39.850612, 21.345925], [39.850007, 21.34542], [39.845333, 21.342321], [39.844154, 21.341693], [39.8436999, 21.3402387], [39.8436355, 21.3396991], [39.8437107, 21.3392394], [39.843893, 21.3387697], [39.8441613, 21.3381801], [39.8443115, 21.3375805], [39.8441934, 21.3370708], [39.8439145, 21.336771], [39.8435712, 21.3366111], [39.8425949, 21.3360914], [39.8416722, 21.3350721], [39.8411679, 21.3339728], [39.8408836, 21.3319841], [39.8408514, 21.3305399], [39.8408943, 21.3291058], [39.841007, 21.3283363], [39.8405725, 21.3265173], [39.8398375, 21.3257128], [39.8398483, 21.3247933], [39.8393333, 21.323679], [39.8392582, 21.3233042], [39.8392904, 21.3225496], [39.8389041, 21.3209555], [39.8387325, 21.3191265], [39.8369755, 21.3186817], [39.8268099, 21.304631], [39.8290361, 21.304556], [39.8314314, 21.3036177], [39.8344703, 21.3033946], [39.8563585, 21.3137998], [39.8612937, 21.3175654], [39.8701423, 21.3225165], [39.8820487, 21.3272], [39.8803496, 21.3294756], [39.8783541, 21.3315543], [39.876616, 21.3328735], [39.8743977, 21.3341776], [39.8619308, 21.3405934], [39.860803, 21.341129], [39.858797, 21.343182], [39.856345, 21.345895], [39.855798, 21.346555], [39.855119, 21.347508], [39.85419, 21.348818]]]}}, {"type": "Feature", "properties": {"name": "As Salam", "name_ar": "السلام", "admin_level": "10"}, "geometry": {"type": "Polygon", "coordinates": [[[39.945116, 21.465077], [39.957629, 21.470157], [39.960164, 21.471176], [39.960364, 21.47109], [39.961682, 21.468007], [39.965879, 21.469737], [39.966553, 21.468295], [39.9690166, 21.4629728], [39.950466, 21.455419], [39.949853, 21.456517], [39.945574, 21.464251], [39.945116, 21.465077]]]}}, {"type": "Feature", "properties": {"name": "Asharai", "name_ar": "الشرائع", "admin_level": "10"}, "geometry": {"type": "Polygon", "coordinates": [[[39.960164, 21.471176], [39.957629, 21.470157], [39.945116, 21.465077], [39.943687, 21.467654], [39.939638, 21.474963], [39.939552, 21.4751204], [39.939362, 21.475468], [39.938677, 21.476723], [39.938556, 21.476945], [39.937463, 21.478952], [39.93673, 21.480298], [39.935321, 21.482885], [39.935355, 21.482894], [39.935572, 21.482947], [39.935607, 21.482956], [39.935813, 21.483006], [39.936018, 21.483061], [39.936222, 21.483121], [39.936424, 21.483186], [39.936625, 21.483256], [39.936823, 21.483331], [39.936906, 21.483364], [39.937119, 21.483455], [39.937547, 21.483663], [39.937652, 21.483716], [39.938166, 21.483972], [39.938682, 21.484224], [39.9392, 21.484472], [39.939447, 21.484589], [39.939743, 21.484726], [39.940196, 21.484955], [39.940379, 21.485039], [39.940892, 21.48529], [39.941211, 21.485451], [39.941424, 21.48555], [39.941714, 21.485684], [39.942043, 21.485836], [39.942512, 21.486056], [39.942645, 21.486119], [39.942729, 21.486156], [39.942971, 21.486248], [39.943184, 21.486328], [39.943637, 21.486496], [39.943848, 21.486557], [39.944059, 21.486614], [39.944272, 21.486664], [39.944487, 21.486709], [39.944702, 21.486749], [39.944901, 21.486782], [39.945102, 21.48681], [39.945302, 21.486834], [39.9454384, 21.4868493], [39.945605, 21.486868], [39.945693, 21.486877], [39.946059, 21.486885], [39.946358, 21.486892], [39.946543, 21.48688], [39.946637, 21.486873], [39.946678, 21.486872], [39.948796, 21.486661], [39.949297, 21.486611], [39.949545, 21.486595], [39.949794, 21.486586], [39.950042, 21.486584], [39.950291, 21.486589], [39.950539, 21.486601], [39.950787, 21.486619], [39.951281, 21.486675], [39.951852, 21.48674], [39.952272, 21.486788], [39.952318, 21.486436], [39.952368, 21.486085], [39.952425, 21.485734], [39.952487, 21.485385], [39.952555, 21.485036], [39.953755, 21.482854], [39.956144, 21.478371], [39.958846, 21.47355], [39.959099, 21.47307], [39.959357, 21.472592], [39.959621, 21.472117], [39.95989, 21.471645], [39.960164, 21.471176]]]}}, {"type": "Feature", "properties": {"name": "Al Tarwia", "name_ar": "التروية", "admin_level": "10"}, "geometry": {"type": "Polygon", "coordinates": [[[39.980328, 21.466426], [39.9802, 21.466485], [39.979661, 21.466663], [39.979099, 21.466741], [39.978529, 21.466716], [39.977822, 21.466555], [39.9690166, 21.4629728], [39.966553, 21.468295], [39.965879, 21.469737], [39.961682, 21.468007], [39.960364, 21.47109], [39.960164, 21.471176], [39.95989, 21.471645], [39.959621, 21.472117], [39.959357, 21.472592], [39.959099, 21.47307], [39.958846, 21.47355], [39.956144, 21.478371], [39.953755, 21.482854], [39.952555, 21.485036], [39.952487, 21.485385], [39.952425, 21.485734], [39.952368, 21.486085], [39.952318, 21.486436], [39.952272, 21.486788], [39.956167, 21.48723], [39.956222, 21.487237], [39.962746, 21.487965], [39.963783, 21.487952], [39.9668968, 21.4876605], [39.966765, 21.486792], [39.966654, 21.486577], [39.966436, 21.486338], [39.966689, 21.483536], [39.966924, 21.482594], [39.967269, 21.481686], [39.967845, 21.480619], [39.968118, 21.480217], [39.968324, 21.480003], [39.968911, 21.479548], [39.96944, 21.479278], [39.976914, 21.476274], [39.979508, 21.475405], [39.982737, 21.474331], [39.982988, 21.474343], [39.983237, 21.474362], [39.9833945, 21.4743723], [39.980328, 21.466426]]]}}, {"type": "Feature", "properties": {"name": "Al Mughamas", "name_ar": "المغمس", "admin_level": "10"}, "geometry": {"type": "Polygon", "coordinates": [[[39.999967, 21.473873], [39.999514, 21.473787], [39.992538, 21.472329], [39.992004, 21.472233], [39.991358, 21.472214], [39.990876, 21.472267], [39.990403, 21.472375], [39.983983, 21.474452], [39.983785, 21.474423], [39.983587, 21.474398], [39.9833945, 21.4743723], [39.980328, 21.466426], [39.978576, 21.461872], [39.972532, 21.44631], [39.970444, 21.441593], [39.97166, 21.440893], [39.973247, 21.439979], [39.973354, 21.440142], [39.974939, 21.440295], [39.976848, 21.440795], [39.977815, 21.439408], [39.978326, 21.438591], [39.979174, 21.437597], [39.979611, 21.437015], [39.982408, 21.438271], [39.982763, 21.437518], [39.985718, 21.438023], [39.985795, 21.438275], [39.9964492, 21.4357555], [39.9967132, 21.4368645], [39.9969572, 21.4378065], [39.9972682, 21.4386705], [39.9976352, 21.4394275], [39.9980582, 21.4401215], [40.0032332, 21.4467725], [40.0038882, 21.4478455], [40.004022, 21.448185], [40.0045574, 21.4494913], [40.0048732, 21.4511315], [40.0049112, 21.4520395], [40.0048532, 21.4530335], [40.0047352, 21.4537715], [40.00363, 21.457879], [40.002606, 21.462102], [40.000207, 21.47274], [39.999967, 21.473873]]]}}, {"type": "Feature", "properties": {"name": "Jaranah", "name_ar": "جعرانة", "admin_level": "10"}, "geometry": {"type": "Polygon", "coordinates": [[[39.975719, 21.522276], [39.976074, 21.526157], [39.977529, 21.529127], [39.978012, 21.530113], [39.978061, 21.530209], [39.978104, 21.530308], [39.97814, 21.530408], [39.979213, 21.532875], [39.978904, 21.534139], [39.978523, 21.534329], [39.977743, 21.534652], [39.97898, 21.536537], [39.979951, 21.538041], [39.983128, 21.541881], [39.978471, 21.547243], [39.976584, 21.549414], [39.973696, 21.552738], [39.97327, 21.553211], [39.972645, 21.553905], [39.972254, 21.554338], [39.970162, 21.556661], [39.968521, 21.558482], [39.968367, 21.558654], [39.969203, 21.562581], [39.969412, 21.562838], [39.969631, 21.562962], [39.969821, 21.563038], [39.969745, 21.566065], [39.96966, 21.566779], [39.969688, 21.570548], [39.969753, 21.572057], [39.969374, 21.572117], [39.969446, 21.572496], [39.967685, 21.572975], [39.966419, 21.572889], [39.966178, 21.572875], [39.965826, 21.572905], [39.963691, 21.573723], [39.963452, 21.57311], [39.963395, 21.573063], [39.962842, 21.572974], [39.96166, 21.57256], [39.960347, 21.571982], [39.95938, 21.571493], [39.959208, 21.571439], [39.958384, 21.571275], [39.957475, 21.570904], [39.954071, 21.57527], [39.953792, 21.574737], [39.953602, 21.574394], [39.953117, 21.573671], [39.952193, 21.57249], [39.951965, 21.572033], [39.951764, 21.571106], [39.951562, 21.569496], [39.95227, 21.568141], [39.951741, 21.567937], [39.947111, 21.566389], [39.94693, 21.566276], [39.946753, 21.566157], [39.946579, 21.566032], [39.946409, 21.565902], [39.946243, 21.565767], [39.946082, 21.565628], [39.945924, 21.565483], [39.945771, 21.565334], [39.945623, 21.56518], [39.94548, 21.565021], [39.945341, 21.564859], [39.945208, 21.564692], [39.945079, 21.564521], [39.944956, 21.564346], [39.944838, 21.564168], [39.944726, 21.563986], [39.94441, 21.563206], [39.944146, 21.563357], [39.943665, 21.563641], [39.942833, 21.564533], [39.942619, 21.564605], [39.942321, 21.564664], [39.941971, 21.564736], [39.941422, 21.564957], [39.94115, 21.56515], [39.939994, 21.566149], [39.939923, 21.566256], [39.93983, 21.566427], [39.939744, 21.566613], [39.93953, 21.567206], [39.939466, 21.567341], [39.939337, 21.56752], [39.939166, 21.567741], [39.937017, 21.566713], [39.936696, 21.566763], [39.936439, 21.56677], [39.936196, 21.566713], [39.935975, 21.566485], [39.93641, 21.565438], [39.937174, 21.563175], [39.937384, 21.56302], [39.938299, 21.562928], [39.939084, 21.56285], [39.9408, 21.563151], [39.941386, 21.563279], [39.941871, 21.56298], [39.942061, 21.562683], [39.942761, 21.561608], [39.94303, 21.559619], [39.943205, 21.558628], [39.943449, 21.557247], [39.942828, 21.556125], [39.942108, 21.555627], [39.942464, 21.55517], [39.94235, 21.554901], [39.942282, 21.55474], [39.94181, 21.554562], [39.941717, 21.554527], [39.940967, 21.554606], [39.940745, 21.554629], [39.939976, 21.554418], [39.940021, 21.553364], [39.940244, 21.552238], [39.94075, 21.551373], [39.94044, 21.550968], [39.940279, 21.550857], [39.939746, 21.550493], [39.93964, 21.549799], [39.939559, 21.549225], [39.940401, 21.548765], [39.940926, 21.548311], [39.940986, 21.548259], [39.941676, 21.548136], [39.941768, 21.548082], [39.942415, 21.547701], [39.942537, 21.54745], [39.943309, 21.545863], [39.94335, 21.54578], [39.943983, 21.544771], [39.944428, 21.544542], [39.944945, 21.544275], [39.945156, 21.544166], [39.946013, 21.543682], [39.947892, 21.544503], [39.94844, 21.544646], [39.948559, 21.544159], [39.95002, 21.538528], [39.950224, 21.53774], [39.950297, 21.537454], [39.951822, 21.531531], [39.9520397, 21.5307552], [39.952453, 21.529623], [39.952523, 21.529461], [39.953153, 21.527926], [39.957208, 21.51862], [39.957282, 21.518454], [39.962389, 21.506729], [39.963885, 21.509353], [39.966009, 21.511815], [39.968405, 21.515993], [39.969327, 21.518137], [39.970019, 21.520772], [39.970434, 21.523507], [39.975719, 21.522276]]]}}, {"type": "Feature", "properties": {"name": "Al Usaylah", "name_ar": "العسيلة", "admin_level": "10"}, "geometry": {"type": "Polygon", "coordinates": [[[39.83139, 21.519949], [39.8312393, 21.5246312], [39.8328165, 21.5245538], [39.8387039, 21.523265], [39.8396873, 21.5238288], [39.8410821, 21.5241681], [39.8417687, 21.5238687], [39.842155, 21.5233298], [39.8424768, 21.5222918], [39.8457169, 21.5217129], [39.8467898, 21.5228507], [39.8477554, 21.5232898], [39.8487639, 21.5234096], [39.8531198, 21.5227509], [39.855802, 21.5223317], [39.8564029, 21.5217129], [39.8566603, 21.5207148], [39.8567891, 21.5196568], [39.8570895, 21.5193773], [39.8579049, 21.5191178], [39.866209, 21.519577], [39.8700714, 21.5198365], [39.8817658, 21.5217728], [39.8919833, 21.5234632], [39.892335, 21.522468], [39.8970664, 21.5123424], [39.89331, 21.5072799], [39.8911857, 21.506681], [39.8856926, 21.501151], [39.8841691, 21.4981363], [39.8818731, 21.4934844], [39.8791442, 21.4884076], [39.8787001, 21.4888748], [39.8775762, 21.4900403], [39.8764738, 21.4911958], [39.8753527, 21.4923439], [39.8742905, 21.4934395], [39.8732686, 21.49459], [39.8723057, 21.4957355], [39.8716941, 21.4964917], [39.8710424, 21.4976347], [39.8705596, 21.4984507], [39.8698676, 21.499409], [39.8691568, 21.500557], [39.8684353, 21.5017074], [39.8678371, 21.5025984], [39.8673221, 21.5032746], [39.8667937, 21.5038436], [39.8662332, 21.5044151], [39.8656806, 21.5050514], [39.8652756, 21.5055056], [39.8648009, 21.5059748], [39.8643503, 21.5064988], [39.8639291, 21.506968], [39.8634598, 21.5074371], [39.8629528, 21.5079911], [39.8623976, 21.508595], [39.8619014, 21.5090791], [39.8613167, 21.5095932], [39.8605978, 21.5101921], [39.8597503, 21.5108384], [39.858892, 21.5114373], [39.8578674, 21.512106], [39.8566255, 21.5128471], [39.8552147, 21.5135858], [39.8539299, 21.5141123], [39.8526102, 21.5146687], [39.8513201, 21.5151403], [39.8501024, 21.5154997], [39.8488659, 21.5158939], [39.8475301, 21.5162907], [39.8461327, 21.5167099], [39.8440728, 21.5173637], [39.842881, 21.517679], [39.842299, 21.517828], [39.841869, 21.51794], [39.841086, 21.518141], [39.840308, 21.518335], [39.84022, 21.518358], [39.839719, 21.518487], [39.839173, 21.518622], [39.838626, 21.518752], [39.838077, 21.518876], [39.837536, 21.518993], [39.836994, 21.519105], [39.83645, 21.519212], [39.835906, 21.519313], [39.83536, 21.51941], [39.834814, 21.519501], [39.834246, 21.51959], [39.833676, 21.519673], [39.833105, 21.519751], [39.832534, 21.519823], [39.831962, 21.519889], [39.83139, 21.519949]]]}}, {"type": "Feature", "properties": {"name": "Wadi Jalil", "name_ar": "وادي جليل", "admin_level": "10"}, "geometry": {"type": "Polygon", "coordinates": [[[39.845209, 21.456546], [39.845392, 21.456285], [39.845569, 21.456021], [39.845741, 21.455753], [39.845908, 21.455482], [39.846069, 21.455208], [39.846226, 21.454931], [39.846377, 21.454652], [39.846523, 21.454369], [39.846684, 21.45402], [39.846838, 21.453668], [39.846987, 21.453313], [39.847129, 21.452955], [39.847265, 21.452596], [39.847394, 21.452234], [39.847509, 21.45223], [39.848349, 21.452205], [39.848632, 21.452249], [39.848602, 21.452405], [39.848768, 21.452436], [39.848791, 21.452592], [39.849187, 21.452364], [39.849613, 21.452347], [39.849713, 21.452253], [39.850135, 21.451195], [39.850287, 21.451124], [39.850674, 21.451112], [39.850777, 21.451167], [39.850842, 21.451409], [39.850914, 21.452449], [39.851048, 21.453145], [39.851358, 21.453813], [39.852345, 21.455414], [39.852537, 21.455532], [39.852864, 21.455553], [39.852952, 21.45565], [39.852576, 21.457351], [39.85295, 21.458482], [39.853156, 21.459487], [39.853059, 21.459558], [39.85349, 21.460052], [39.853745, 21.460424], [39.853922, 21.460762], [39.854008, 21.461071], [39.854697, 21.458981], [39.854848, 21.458898], [39.855246, 21.458989], [39.855373, 21.458973], [39.85562, 21.459049], [39.855177, 21.460416], [39.857045, 21.460928], [39.857136, 21.460769], [39.857783, 21.461154], [39.858737, 21.461642], [39.858886, 21.46148], [39.859412, 21.461755], [39.859787, 21.462019], [39.860274, 21.461293], [39.860494, 21.460805], [39.86072, 21.460677], [39.861195, 21.46071], [39.861195, 21.4617], [39.860962, 21.462256], [39.861506, 21.462503], [39.861552, 21.462387], [39.861878, 21.462517], [39.862098, 21.462515], [39.862097, 21.462655], [39.862224, 21.462687], [39.862219, 21.462898], [39.862448, 21.462912], [39.862468, 21.462856], [39.863444, 21.463225], [39.864314, 21.46218], [39.865796, 21.462801], [39.86592, 21.463436], [39.865705, 21.463729], [39.865701, 21.463846], [39.865776, 21.463918], [39.866055, 21.463998], [39.866104, 21.464171], [39.866239, 21.46426], [39.866278, 21.464347], [39.866212, 21.464479], [39.866008, 21.46448], [39.865961, 21.464763], [39.868448, 21.464773], [39.87108, 21.465343], [39.873278, 21.465631], [39.874961, 21.466201], [39.876652, 21.467478], [39.878219, 21.468432], [39.879243, 21.468433], [39.879244, 21.468587], [39.878935, 21.468868], [39.879442, 21.469361], [39.879966, 21.468967], [39.880412, 21.468705], [39.880808, 21.468872], [39.87989, 21.470253], [39.881675, 21.471293], [39.881961, 21.4715], [39.882469, 21.471955], [39.88299, 21.472594], [39.883706, 21.471107], [39.885074, 21.471692], [39.884727, 21.472396], [39.885105, 21.472556], [39.885143, 21.472475], [39.886442, 21.473012], [39.886501, 21.472889], [39.887178, 21.473176], [39.886816, 21.473924], [39.888372, 21.474616], [39.889638, 21.475387], [39.890376, 21.475627], [39.890287, 21.475857], [39.890191, 21.476085], [39.89009, 21.47631], [39.889983, 21.476532], [39.88987, 21.476751], [39.889751, 21.476968], [39.889627, 21.477181], [39.889497, 21.477391], [39.889362, 21.477597], [39.889221, 21.4778], [39.889075, 21.477999], [39.888924, 21.478195], [39.888768, 21.478386], [39.888607, 21.478573], [39.888442, 21.478756], [39.888271, 21.478935], [39.888096, 21.479109], [39.887956, 21.479243], [39.887278, 21.479966], [39.8861808, 21.4810978], [39.8849764, 21.4822334], [39.8841959, 21.4830595], [39.8835066, 21.4838981], [39.8828521, 21.484582], [39.882026, 21.4854231], [39.8809263, 21.4865762], [39.8797891, 21.4877292], [39.8791442, 21.4884076], [39.8787001, 21.4888748], [39.8775762, 21.4900403], [39.8764738, 21.4911958], [39.8753527, 21.4923439], [39.8742905, 21.4934395], [39.8732686, 21.49459], [39.8723057, 21.4957355], [39.8716941, 21.4964917], [39.8710424, 21.4976347], [39.8705596, 21.4984507], [39.8698676, 21.499409], [39.8691568, 21.500557], [39.8684353, 21.5017074], [39.8678371, 21.5025984], [39.8673221, 21.5032746], [39.8667937, 21.5038436], [39.8662332, 21.5044151], [39.8656806, 21.5050514], [39.8652756, 21.5055056], [39.8648009, 21.5059748], [39.8643503, 21.5064988], [39.8639291, 21.506968], [39.8634598, 21.5074371], [39.8629528, 21.5079911], [39.8623976, 21.508595], [39.8619014, 21.5090791], [39.8613167, 21.5095932], [39.8605978, 21.5101921], [39.8597503, 21.5108384], [39.858892, 21.5114373], [39.8578674, 21.512106], [39.8566255, 21.5128471], [39.8552147, 21.5135858], [39.8539299, 21.5141123], [39.8526102, 21.5146687], [39.8513201, 21.5151403], [39.8501024, 21.5154997], [39.8488659, 21.5158939], [39.8475301, 21.5162907], [39.8461327, 21.5167099], [39.8440728, 21.5173637], [39.842881, 21.517679], [39.842299, 21.517828], [39.841869, 21.51794], [39.841086, 21.518141], [39.840308, 21.518335], [39.84022, 21.518358], [39.839719, 21.518487], [39.839173, 21.518622], [39.838626, 21.518752], [39.838077, 21.518876], [39.837536, 21.518993], [39.836994, 21.519105], [39.83645, 21.519212], [39.835906, 21.519313], [39.83536, 21.51941], [39.834814, 21.519501], [39.834246, 21.51959], [39.833676, 21.519673], [39.833105, 21.519751], [39.832534, 21.519823], [39.831962, 21.519889], [39.83139, 21.519949], [39.831416, 21.519605], [39.834464, 21.478833], [39.834709, 21.478005], [39.834588, 21.477186], [39.834424, 21.476857], [39.834491, 21.476832], [39.835315, 21.476653], [39.836158, 21.476633], [39.840302, 21.477401], [39.840929, 21.477436], [39.841542, 21.477313], [39.841982, 21.477104], [39.842363, 21.476801], [39.842689, 21.476367], [39.842854, 21.475965], [39.842924, 21.475536], [39.843116, 21.471469], [39.843108, 21.47094], [39.842954, 21.470073], [39.842669, 21.469426], [39.842111, 21.468384], [39.842024, 21.468033], [39.842005, 21.467552], [39.842727, 21.463628], [39.84305, 21.460785], [39.843308, 21.459895], [39.843655, 21.459168], [39.84386, 21.458783], [39.844071, 21.458402], [39.844288, 21.458024], [39.84451, 21.45765], [39.844738, 21.457278], [39.844971, 21.45691], [39.845209, 21.456546]]]}}, {"type": "Feature", "properties": {"name": "Ashuhada", "name_ar": "الشهداء", "admin_level": "10"}, "geometry": {"type": "Polygon", "coordinates": [[[39.8189195, 21.4626616], [39.818778, 21.462497], [39.81845, 21.462087], [39.817843, 21.461178], [39.817363, 21.460686], [39.815031, 21.458996], [39.814348, 21.458231], [39.813953, 21.457537], [39.811641, 21.452261], [39.810804, 21.450794], [39.810229, 21.449882], [39.808892, 21.448194], [39.808676, 21.448013], [39.808478, 21.451251], [39.807373, 21.451004], [39.807049, 21.449876], [39.80633, 21.450138], [39.806227, 21.450133], [39.806121, 21.450048], [39.805824, 21.44955], [39.805241, 21.449968], [39.804975, 21.450278], [39.804846, 21.450533], [39.804645, 21.450676], [39.804357, 21.450702], [39.803972, 21.450618], [39.803255, 21.450229], [39.803167, 21.450233], [39.802934, 21.450504], [39.801426, 21.451405], [39.799309, 21.454171], [39.797426, 21.455618], [39.7949642, 21.4578666], [39.7961712, 21.4590349], [39.7976732, 21.4603479], [39.799363, 21.461581], [39.8021954, 21.4633234], [39.8047166, 21.4644706], [39.806318, 21.4651007], [39.8069537, 21.4652679], [39.8076564, 21.4653253], [39.8084235, 21.4652879], [39.8091289, 21.4650982], [39.8097941, 21.4647912], [39.8110521, 21.4643044], [39.8115805, 21.4640947], [39.812074, 21.46394], [39.8126346, 21.4637902], [39.8134446, 21.4636404], [39.8140803, 21.463563], [39.8146275, 21.4635456], [39.8152417, 21.4635231], [39.8159337, 21.4634382], [39.8166579, 21.4633309], [39.8173365, 21.4631961], [39.8179534, 21.4630264], [39.8185274, 21.4628316], [39.8189195, 21.4626616]]]}}, {"type": "Feature", "properties": {"name": "An Nawwariyah", "name_ar": "النوارية", "admin_level": "10"}, "geometry": {"type": "Polygon", "coordinates": [[[39.75719, 21.584537], [39.755424, 21.584115], [39.734804, 21.580502], [39.7260785, 21.5707276], [39.7370124, 21.5658213], [39.7601132, 21.5187709], [39.7506598, 21.5087496], [39.7621393, 21.5108134], [39.7658086, 21.5114522], [39.7706795, 21.5120112], [39.7742843, 21.5125901], [39.7795629, 21.5139825], [39.7911714, 21.5169498], [39.791048, 21.517741], [39.790881, 21.519169], [39.790655, 21.520472], [39.790217, 21.521766], [39.789978, 21.5222597], [39.789748, 21.522735], [39.789287, 21.52346], [39.781889, 21.534074], [39.780928, 21.535569], [39.780315, 21.536747], [39.780007, 21.537472], [39.779338, 21.53948], [39.779014, 21.540696], [39.778299, 21.543867], [39.777909, 21.545296], [39.775426, 21.553783], [39.772011, 21.568232], [39.771774, 21.569021], [39.771524, 21.569718], [39.771259, 21.570289], [39.770886, 21.570923], [39.77031, 21.571695], [39.769878, 21.572185], [39.769002, 21.572958], [39.76725, 21.574216], [39.766044, 21.575089], [39.764605, 21.576116], [39.763406, 21.577074], [39.762242, 21.578214], [39.761139, 21.579564], [39.759406, 21.582033], [39.758905, 21.582667], [39.758073, 21.583635], [39.75719, 21.584537]]]}}, {"type": "Feature", "properties": {"name": "Al Buhayrat", "name_ar": "البحيرات", "admin_level": "10"}, "geometry": {"type": "Polygon", "coordinates": [[[39.79581, 21.478281], [39.795668, 21.479005], [39.795594, 21.479366], [39.795535, 21.479657], [39.795392, 21.480381], [39.795317, 21.480762], [39.7951, 21.481839], [39.794768, 21.483487], [39.794678, 21.483939], [39.79456, 21.484528], [39.7945, 21.484861], [39.794296, 21.486003], [39.794163, 21.486736], [39.794116, 21.487009], [39.793881, 21.488372], [39.793852, 21.488537], [39.793712, 21.489641], [39.793627, 21.490454], [39.79349, 21.491751], [39.793369, 21.492907], [39.79335, 21.493051], [39.79335, 21.493106], [39.793263, 21.493998], [39.793091, 21.495749], [39.792953, 21.497149], [39.792838, 21.498424], [39.792919, 21.498432], [39.79293, 21.498433], [39.792845, 21.499156], [39.792787, 21.499723], [39.792563, 21.502032], [39.792561, 21.50206], [39.792541, 21.502259], [39.792264, 21.504936], [39.792192, 21.505808], [39.792074, 21.507256], [39.792026, 21.507848], [39.792009, 21.508012], [39.791681, 21.511227], [39.791675, 21.511284], [39.791646, 21.511619], [39.791596, 21.512185], [39.791556, 21.51265], [39.7911714, 21.5169498], [39.7795629, 21.5139825], [39.7742843, 21.5125901], [39.7706795, 21.5120112], [39.7658086, 21.5114522], [39.7621393, 21.5108134], [39.763534, 21.5038661], [39.7641778, 21.5012508], [39.7643065, 21.4996337], [39.7641349, 21.4970582], [39.7635984, 21.493704], [39.7631693, 21.4895711], [39.7629976, 21.4851985], [39.7629976, 21.4825828], [39.7626328, 21.4784297], [39.7622037, 21.4736374], [39.7618603, 21.4691045], [39.7614956, 21.464891], [39.7611093, 21.4623749], [39.7604227, 21.4600384], [39.7596288, 21.458301], [39.7593283, 21.4573424], [39.7595644, 21.4563039], [39.7641349, 21.4577218], [39.7656369, 21.4585606], [39.7671389, 21.4599186], [39.7682977, 21.4615361], [39.7696709, 21.4635131], [39.7712803, 21.4650707], [39.7729754, 21.4660293], [39.7746491, 21.4665485], [39.7767091, 21.4666084], [39.7807216, 21.4666483], [39.7831249, 21.4667482], [39.7847557, 21.4670677], [39.7860646, 21.4677067], [39.7874808, 21.4686852], [39.7892403, 21.4700231], [39.7903991, 21.471341], [39.7912359, 21.4727588], [39.7920084, 21.4779504], [39.79581, 21.478281]]]}}, {"type": "Feature", "properties": {"name": "As Salamah", "name_ar": "السلامة", "admin_level": "10"}, "geometry": {"type": "Polygon", "coordinates": [[[39.7633517, 21.4397418], [39.763485, 21.439742], [39.76897, 21.439046], [39.769113, 21.439034], [39.769769, 21.43903], [39.770448, 21.439117], [39.774826, 21.440214], [39.775325, 21.440276], [39.7773602, 21.4403816], [39.7778732, 21.4416348], [39.7782218, 21.4424337], [39.7786349, 21.4431377], [39.779166, 21.4438517], [39.7797722, 21.4444808], [39.7804803, 21.44512], [39.781183, 21.4455993], [39.7819179, 21.4460287], [39.7827226, 21.446498], [39.7840208, 21.4473119], [39.7850239, 21.447961], [39.7860056, 21.4486999], [39.7873843, 21.4498233], [39.7885054, 21.4507819], [39.7894442, 21.4517306], [39.7904688, 21.4527791], [39.7917134, 21.454212], [39.7937143, 21.4565286], [39.7949642, 21.4578666], [39.7961712, 21.4590349], [39.7976732, 21.4603479], [39.799363, 21.461581], [39.8021954, 21.4633234], [39.8047166, 21.4644706], [39.804393, 21.464842], [39.804243, 21.464998], [39.804088, 21.46515], [39.803958, 21.46527], [39.803824, 21.465387], [39.803688, 21.465501], [39.803548, 21.465611], [39.80339, 21.465729], [39.803229, 21.465842], [39.803064, 21.465952], [39.802897, 21.466056], [39.802748, 21.466148], [39.802596, 21.466234], [39.802442, 21.466316], [39.802285, 21.466392], [39.802125, 21.466464], [39.80193, 21.466554], [39.80173, 21.466643], [39.801529, 21.466729], [39.801326, 21.466811], [39.801317, 21.466815], [39.801114, 21.466901], [39.800914, 21.466993], [39.800716, 21.467089], [39.800521, 21.467191], [39.800328, 21.467298], [39.800138, 21.46741], [39.800104, 21.467428], [39.80003, 21.467475], [39.799907, 21.467556], [39.799786, 21.46764], [39.799669, 21.467729], [39.799551, 21.467823], [39.799434, 21.467919], [39.799321, 21.468018], [39.7992, 21.468129], [39.799083, 21.468244], [39.798955, 21.468377], [39.798831, 21.468515], [39.798707, 21.468633], [39.798587, 21.468756], [39.798472, 21.468884], [39.798362, 21.469015], [39.798256, 21.46915], [39.798155, 21.46929], [39.79806, 21.469432], [39.79797, 21.469578], [39.797885, 21.469728], [39.797805, 21.46988], [39.797732, 21.470035], [39.797664, 21.470193], [39.797663, 21.470193], [39.797578, 21.470369], [39.797499, 21.470547], [39.797426, 21.470728], [39.79736, 21.470911], [39.79731, 21.471067], [39.797265, 21.471224], [39.797225, 21.471383], [39.79719, 21.471543], [39.79716, 21.471704], [39.797003, 21.472323], [39.796662, 21.473998], [39.796438, 21.475112], [39.796323, 21.47568], [39.796169, 21.476443], [39.79581, 21.478281], [39.7920084, 21.4779504], [39.7912359, 21.4727588], [39.7903991, 21.471341], [39.7892403, 21.4700231], [39.7874808, 21.4686852], [39.7860646, 21.4677067], [39.7847557, 21.4670677], [39.7831249, 21.4667482], [39.7807216, 21.4666483], [39.7767091, 21.4666084], [39.7746491, 21.4665485], [39.7729754, 21.4660293], [39.7712803, 21.4650707], [39.7696709, 21.4635131], [39.7682977, 21.4615361], [39.7671389, 21.4599186], [39.7656369, 21.4585606], [39.7641349, 21.4577218], [39.7595644, 21.4563039], [39.7604442, 21.454207], [39.7611684, 21.4524445], [39.7618657, 21.4506571], [39.7625792, 21.4488846], [39.763062, 21.4473868], [39.7633356, 21.4462933], [39.7635287, 21.4451998], [39.7636092, 21.4443011], [39.763636, 21.4432476], [39.7636312, 21.4430323], [39.7636092, 21.4420342], [39.7633517, 21.4397418]]]}}, {"type": "Feature", "properties": {"name": "Al Utaybiyah", "name_ar": "العتيبية", "admin_level": "10"}, "geometry": {"type": "Polygon", "coordinates": [[[39.809617, 21.441559], [39.809704, 21.441572], [39.810824, 21.441693], [39.811264, 21.441612], [39.811774, 21.441385], [39.813139, 21.440291], [39.813513, 21.440084], [39.818106, 21.439085], [39.818218, 21.439468], [39.818624, 21.440799], [39.819224, 21.442375], [39.819424, 21.443219], [39.819501, 21.444121], [39.819581, 21.444307], [39.819696, 21.444437], [39.820206, 21.444745], [39.820482, 21.444988], [39.820598, 21.445178], [39.820853, 21.445883], [39.821639, 21.44844], [39.822793, 21.451776], [39.823117, 21.453184], [39.823175, 21.453793], [39.823827, 21.455786], [39.8241669, 21.4569732], [39.8246793, 21.458763], [39.8226821, 21.4601981], [39.8213088, 21.4612366], [39.8202467, 21.4619655], [39.8193133, 21.4625146], [39.8189195, 21.4626616], [39.818778, 21.462497], [39.81845, 21.462087], [39.817843, 21.461178], [39.817363, 21.460686], [39.815031, 21.458996], [39.814348, 21.458231], [39.813953, 21.457537], [39.811641, 21.452261], [39.810804, 21.450794], [39.810229, 21.449882], [39.808892, 21.448194], [39.808676, 21.448013], [39.808688, 21.447798], [39.808789, 21.44584], [39.809617, 21.441559]]]}}, {"type": "Feature", "properties": {"name": "An Nuzhah", "name_ar": "النزهة", "admin_level": "10"}, "geometry": {"type": "Polygon", "coordinates": [[[39.779831, 21.420736], [39.7792733, 21.4230041], [39.7785437, 21.4252963], [39.7780663, 21.4268543], [39.7773635, 21.4291464], [39.7766983, 21.4312886], [39.7765374, 21.4318928], [39.7763818, 21.4327068], [39.7762424, 21.4336455], [39.7761887, 21.4345693], [39.7762155, 21.4357927], [39.7763282, 21.4369212], [39.7766072, 21.4381395], [39.7769344, 21.4391831], [39.7773602, 21.4403816], [39.7778732, 21.4416348], [39.784726, 21.440179], [39.789921, 21.439183], [39.79025, 21.439126], [39.790419, 21.439099], [39.790586, 21.439067], [39.790753, 21.439029], [39.790918, 21.438985], [39.791082, 21.438936], [39.791243, 21.438881], [39.791403, 21.43882], [39.791561, 21.438755], [39.791789, 21.43864], [39.792014, 21.43852], [39.792235, 21.438393], [39.792454, 21.438261], [39.792668, 21.438122], [39.792879, 21.437979], [39.793434, 21.437624], [39.793985, 21.437265], [39.794534, 21.436902], [39.795081, 21.436535], [39.795446, 21.436306], [39.795809, 21.436072], [39.796169, 21.435834], [39.796525, 21.435591], [39.796879, 21.435344], [39.797061, 21.435203], [39.797239, 21.435057], [39.797413, 21.434906], [39.797582, 21.434751], [39.797748, 21.434591], [39.798463, 21.433959], [39.799176, 21.433325], [39.795998, 21.430083], [39.795584, 21.430413], [39.795418, 21.430488], [39.79525, 21.431516], [39.795162, 21.431571], [39.794656, 21.431648], [39.793909, 21.430687], [39.793418, 21.429677], [39.792928, 21.429166], [39.792837, 21.429139], [39.792635, 21.429168], [39.791443, 21.428437], [39.790325, 21.428574], [39.790271, 21.428502], [39.790076, 21.427174], [39.789311, 21.427279], [39.789153, 21.427294], [39.789233, 21.426805], [39.789394, 21.426359], [39.790277, 21.424982], [39.790409, 21.424765], [39.788438, 21.424829], [39.787696, 21.424792], [39.786669, 21.424614], [39.785505, 21.424251], [39.784655, 21.423882], [39.783822, 21.42342], [39.780142, 21.420948], [39.779831, 21.420736]]]}}, {"type": "Feature", "properties": {"name": "Ajyad", "name_ar": "أجياد", "admin_level": "10"}, "geometry": {"type": "Polygon", "coordinates": [[[39.835333, 21.425902], [39.835503, 21.42561], [39.835667, 21.425314], [39.835825, 21.425016], [39.835978, 21.424714], [39.836124, 21.42441], [39.836265, 21.424103], [39.8364, 21.423793], [39.836645, 21.423079], [39.836745, 21.422982], [39.837048, 21.422857], [39.83711, 21.422756], [39.83711, 21.42265], [39.837106, 21.422637], [39.837089, 21.422451], [39.836938, 21.42243], [39.836933, 21.42097], [39.836884, 21.420778], [39.837, 21.420088], [39.836816, 21.419271], [39.836712, 21.418997], [39.836725, 21.418706], [39.835984, 21.418504], [39.835776, 21.418374], [39.834802, 21.417025], [39.833648, 21.415648], [39.833427, 21.41551], [39.833168, 21.415511], [39.833082, 21.41525], [39.833104, 21.415152], [39.833047, 21.415156], [39.833006, 21.415033], [39.832885, 21.415138], [39.832708, 21.414816], [39.832426, 21.414635], [39.832294, 21.414762], [39.83212, 21.41468], [39.831786, 21.414658], [39.831789, 21.414424], [39.831875, 21.414262], [39.831386, 21.413805], [39.830782, 21.413324], [39.829786, 21.412739], [39.82879, 21.411989], [39.828188, 21.412575], [39.828084, 21.412758], [39.828034, 21.412963], [39.827743, 21.412874], [39.827155, 21.412795], [39.827038, 21.41274], [39.826367, 21.41207], [39.826144, 21.411743], [39.825955, 21.411357], [39.821009, 21.411314], [39.822445, 21.414537], [39.822684, 21.415314], [39.822835, 21.416319], [39.82268, 21.419082], [39.822504, 21.420242], [39.822199, 21.421104], [39.821843, 21.421804], [39.821755, 21.421944], [39.8221058, 21.42194], [39.8224867, 21.4216166], [39.822818, 21.4213532], [39.8234375, 21.4204287], [39.8248403, 21.4199568], [39.825122, 21.4197626], [39.8257241, 21.4196528], [39.8265499, 21.419898], [39.8267806, 21.4203275], [39.8265704, 21.4208145], [39.8277569, 21.4216683], [39.8279151, 21.42228], [39.8284355, 21.4232014], [39.8290014, 21.4236508], [39.8299022, 21.4240021], [39.8297524, 21.4233887], [39.8297417, 21.4229392], [39.8300528, 21.4224898], [39.8306, 21.4222201], [39.8314583, 21.4221202], [39.8321986, 21.4222501], [39.8318016, 21.4241677], [39.835333, 21.425902]]]}}, {"type": "Feature", "properties": {"name": "Az Zahir", "name_ar": "الزاهر", "admin_level": "10"}, "geometry": {"type": "Polygon", "coordinates": [[[39.809617, 21.441559], [39.806589, 21.441137], [39.804246, 21.441037], [39.804081, 21.441019], [39.803809, 21.440975], [39.803538, 21.440926], [39.803268, 21.440871], [39.803023, 21.440822], [39.802778, 21.440768], [39.802534, 21.440711], [39.802291, 21.440649], [39.802001, 21.440578], [39.80171, 21.440515], [39.801417, 21.440459], [39.8012605, 21.4404279], [39.80112, 21.4404], [39.800822, 21.440348], [39.800522, 21.440302], [39.800348, 21.440279], [39.800101, 21.440243], [39.799852, 21.440213], [39.799603, 21.44019], [39.799353, 21.440172], [39.799206, 21.440164], [39.798732, 21.440141], [39.798365, 21.440123], [39.798234, 21.440117], [39.797813, 21.440096], [39.79391, 21.439942], [39.792157, 21.439871], [39.791468, 21.439831], [39.790896, 21.439807], [39.790616, 21.439781], [39.7902898, 21.4396691], [39.7900908, 21.4395502], [39.789921, 21.439183], [39.784726, 21.440179], [39.7778732, 21.4416348], [39.7782218, 21.4424337], [39.7786349, 21.4431377], [39.779166, 21.4438517], [39.7797722, 21.4444808], [39.7804803, 21.44512], [39.781183, 21.4455993], [39.7819179, 21.4460287], [39.7827226, 21.446498], [39.7840208, 21.4473119], [39.7850239, 21.447961], [39.7860056, 21.4486999], [39.7873843, 21.4498233], [39.7885054, 21.4507819], [39.7894442, 21.4517306], [39.7904688, 21.4527791], [39.7917134, 21.454212], [39.7937143, 21.4565286], [39.7949642, 21.4578666], [39.797426, 21.455618], [39.799309, 21.454171], [39.801426, 21.451405], [39.802934, 21.450504], [39.803167, 21.450233], [39.803255, 21.450229], [39.803972, 21.450618], [39.804357, 21.450702], [39.804645, 21.450676], [39.804846, 21.450533], [39.804975, 21.450278], [39.805241, 21.449968], [39.805824, 21.44955], [39.806121, 21.450048], [39.806227, 21.450133], [39.80633, 21.450138], [39.807049, 21.449876], [39.807373, 21.451004], [39.808478, 21.451251], [39.808676, 21.448013], [39.808688, 21.447798], [39.808789, 21.44584], [39.809617, 21.441559]]]}}, {"type": "Feature", "properties": {"name": "At Tanim", "name_ar": "التنعيم", "admin_level": "10"}, "geometry": {"type": "Polygon", "coordinates": [[[39.834424, 21.476857], [39.834588, 21.477186], [39.834709, 21.478005], [39.834464, 21.478833], [39.831416, 21.519605], [39.83139, 21.519949], [39.829773, 21.52009], [39.8259632, 21.5203521], [39.8250864, 21.5202999], [39.8241323, 21.5200281], [39.8230732, 21.5196341], [39.8190665, 21.5176606], [39.816277, 21.5163431], [39.814614, 21.515884], [39.8136699, 21.5157442], [39.8121464, 21.5157143], [39.8107302, 21.5159339], [39.8099899, 21.5161235], [39.8090887, 21.516383], [39.8082948, 21.5167623], [39.805327, 21.51829], [39.803471, 21.519192], [39.802665, 21.519453], [39.802041, 21.519547], [39.801395, 21.519544], [39.7987041, 21.5191915], [39.7962402, 21.5184609], [39.7911714, 21.5169498], [39.791556, 21.51265], [39.791596, 21.512185], [39.791646, 21.511619], [39.791675, 21.511284], [39.791681, 21.511227], [39.792009, 21.508012], [39.792026, 21.507848], [39.792074, 21.507256], [39.792192, 21.505808], [39.792264, 21.504936], [39.792541, 21.502259], [39.792561, 21.50206], [39.792563, 21.502032], [39.792787, 21.499723], [39.792845, 21.499156], [39.79293, 21.498433], [39.792919, 21.498432], [39.792838, 21.498424], [39.792953, 21.497149], [39.793091, 21.495749], [39.793263, 21.493998], [39.79335, 21.493106], [39.79335, 21.493051], [39.793369, 21.492907], [39.79349, 21.491751], [39.793627, 21.490454], [39.793712, 21.489641], [39.793852, 21.488537], [39.793881, 21.488372], [39.794116, 21.487009], [39.794163, 21.486736], [39.794296, 21.486003], [39.7945, 21.484861], [39.79456, 21.484528], [39.794678, 21.483939], [39.794768, 21.483487], [39.7951, 21.481839], [39.795317, 21.480762], [39.795392, 21.480381], [39.795535, 21.479657], [39.795594, 21.479366], [39.795668, 21.479005], [39.79581, 21.478281], [39.796169, 21.476443], [39.796323, 21.47568], [39.796438, 21.475112], [39.796662, 21.473998], [39.797003, 21.472323], [39.79716, 21.471704], [39.79719, 21.471543], [39.797225, 21.471383], [39.797265, 21.471224], [39.79731, 21.471067], [39.79736, 21.470911], [39.797426, 21.470728], [39.797499, 21.470547], [39.797578, 21.470369], [39.797663, 21.470193], [39.797664, 21.470193], [39.797732, 21.470035], [39.797805, 21.46988], [39.797885, 21.469728], [39.79797, 21.469578], [39.79806, 21.469432], [39.798155, 21.46929], [39.798256, 21.46915], [39.798362, 21.469015], [39.798472, 21.468884], [39.798587, 21.468756], [39.798707, 21.468633], [39.798831, 21.468515], [39.798955, 21.468377], [39.799083, 21.468244], [39.7992, 21.468129], [39.799321, 21.468018], [39.799434, 21.467919], [39.799551, 21.467823], [39.799669, 21.467729], [39.799786, 21.46764], [39.799907, 21.467556], [39.80003, 21.467475], [39.800104, 21.467428], [39.800138, 21.46741], [39.800328, 21.467298], [39.800521, 21.467191], [39.800716, 21.467089], [39.800914, 21.466993], [39.801114, 21.466901], [39.801317, 21.466815], [39.801326, 21.466811], [39.801529, 21.466729], [39.80173, 21.466643], [39.80193, 21.466554], [39.802125, 21.466464], [39.802285, 21.466392], [39.802442, 21.466316], [39.802596, 21.466234], [39.802748, 21.466148], [39.802897, 21.466056], [39.803064, 21.465952], [39.803229, 21.465842], [39.80339, 21.465729], [39.803548, 21.465611], [39.803688, 21.465501], [39.803824, 21.465387], [39.803958, 21.46527], [39.804088, 21.46515], [39.804243, 21.464998], [39.804393, 21.464842], [39.8047166, 21.4644706], [39.806318, 21.4651007], [39.8069537, 21.4652679], [39.8076564, 21.4653253], [39.8084235, 21.4652879], [39.8091289, 21.4650982], [39.8097941, 21.4647912], [39.8110521, 21.4643044], [39.8115805, 21.4640947], [39.812074, 21.46394], [39.8126346, 21.4637902], [39.8134446, 21.4636404], [39.8140803, 21.463563], [39.8146275, 21.4635456], [39.8152417, 21.4635231], [39.8159337, 21.4634382], [39.8166579, 21.4633309], [39.8173365, 21.4631961], [39.8179534, 21.4630264], [39.8185274, 21.4628316], [39.8189195, 21.4626616], [39.819456, 21.463117], [39.820124, 21.46354], [39.825227, 21.466027], [39.825762, 21.466357], [39.825887, 21.466453], [39.825991, 21.466539], [39.826285, 21.46682], [39.830126, 21.472141], [39.830466, 21.472718], [39.830659, 21.473182], [39.830795, 21.473665], [39.831038, 21.476306], [39.831112, 21.476593], [39.831291, 21.476945], [39.831411, 21.477103], [39.831664, 21.477308], [39.831952, 21.47746], [39.832264, 21.477554], [39.832588, 21.477586], [39.832912, 21.477554], [39.833225, 21.477461], [39.833523, 21.477307], [39.833524, 21.477307], [39.833525, 21.477306], [39.833567, 21.477282], [39.833776, 21.477169], [39.833988, 21.47706], [39.834202, 21.476957], [39.834419, 21.476859], [39.834424, 21.476857]]]}}, {"type": "Feature", "properties": {"name": "Rie Adhakhir", "name_ar": "ريع اذاخر", "admin_level": "10"}, "geometry": {"type": "Polygon", "coordinates": [[[39.838596, 21.441194], [39.8419043, 21.4448897], [39.841764, 21.451127], [39.841592, 21.451218], [39.841524, 21.451403], [39.84141, 21.451528], [39.841532, 21.451782], [39.841066, 21.451967], [39.841467, 21.452687], [39.841602, 21.453138], [39.841574, 21.45331], [39.841475, 21.453448], [39.841524, 21.453671], [39.8421, 21.455022], [39.8412859, 21.4565535], [39.841361, 21.4567083], [39.8410982, 21.4585356], [39.8411411, 21.4595391], [39.8412745, 21.4610307], [39.8406717, 21.4612191], [39.8400387, 21.4613239], [39.8393923, 21.4613439], [39.8387727, 21.461289], [39.8381692, 21.4611492], [39.8375818, 21.4609295], [39.8370293, 21.4606574], [39.8354468, 21.4597263], [39.8327726, 21.4581212], [39.8320182, 21.4577156], [39.8295915, 21.4414151], [39.828701, 21.4413851], [39.8286332, 21.4401356], [39.8293823, 21.440017], [39.829482, 21.440455], [39.829609, 21.440516], [39.829969, 21.440578], [39.830591, 21.440481], [39.831533, 21.440892], [39.831781, 21.440728], [39.832036, 21.44095], [39.83257, 21.44114], [39.832772, 21.441254], [39.834207, 21.442915], [39.834329, 21.443082], [39.834243, 21.443184], [39.834437, 21.443332], [39.834694, 21.443862], [39.835765, 21.443358], [39.835581, 21.442925], [39.835571, 21.442736], [39.83562, 21.442234], [39.835783, 21.441736], [39.835789, 21.441738], [39.836224, 21.441789], [39.838041, 21.441537], [39.83839, 21.441376], [39.838596, 21.441194]]]}}, {"type": "Feature", "properties": {"name": "Al Andalus", "name_ar": "الأندلس", "admin_level": "10"}, "geometry": {"type": "Polygon", "coordinates": [[[39.827571, 21.435865], [39.827578, 21.435929], [39.827717, 21.437091], [39.827826, 21.437185], [39.828179, 21.438169], [39.828914, 21.439123], [39.8286313, 21.4395801], [39.8286332, 21.4401356], [39.828701, 21.4413851], [39.8295915, 21.4414151], [39.8320182, 21.4577156], [39.8317265, 21.4575346], [39.8314449, 21.4573424], [39.8311955, 21.4572176], [39.8305973, 21.4569904], [39.8300046, 21.4568157], [39.8294225, 21.4567108], [39.8287895, 21.4567033], [39.8281673, 21.4567782], [39.8277274, 21.456888], [39.8270541, 21.4571402], [39.8264801, 21.4574672], [39.8259678, 21.4578167], [39.825469, 21.4581761], [39.8249862, 21.4585406], [39.8246793, 21.458763], [39.8241669, 21.4569732], [39.823827, 21.455786], [39.823175, 21.453793], [39.823117, 21.453184], [39.822793, 21.451776], [39.821639, 21.44844], [39.820853, 21.445883], [39.820598, 21.445178], [39.820482, 21.444988], [39.820206, 21.444745], [39.819696, 21.444437], [39.819581, 21.444307], [39.819501, 21.444121], [39.819424, 21.443219], [39.819224, 21.442375], [39.818624, 21.440799], [39.818218, 21.439468], [39.818106, 21.439085], [39.81815, 21.439075], [39.820996, 21.438477], [39.8216537, 21.4382987], [39.822114, 21.438174], [39.823425, 21.437523], [39.824158, 21.437208], [39.825062, 21.436881], [39.826257, 21.436548], [39.826953, 21.436154], [39.827571, 21.435865]]]}}, {"type": "Feature", "properties": {"name": "King Fahd", "name_ar": "الملك فهد", "admin_level": "10"}, "geometry": {"type": "Polygon", "coordinates": [[[39.779831, 21.420736], [39.774362, 21.417034], [39.77267, 21.416011], [39.771632, 21.415506], [39.770531, 21.415088], [39.769502, 21.414768], [39.768584, 21.414549], [39.767503, 21.41436], [39.766549, 21.414262], [39.758671, 21.414011], [39.7563, 21.413808], [39.754174, 21.413451], [39.751187, 21.41281], [39.7506595, 21.4126991], [39.7543073, 21.4092656], [39.7563565, 21.4070481], [39.7574937, 21.4056098], [39.7587061, 21.4039616], [39.7595322, 21.4025731], [39.7603476, 21.4010648], [39.7609806, 21.3996364], [39.7612595, 21.3983877], [39.7617209, 21.3948415], [39.762311, 21.3913251], [39.7623753, 21.3909605], [39.7624826, 21.3904061], [39.7629815, 21.3881034], [39.7635555, 21.3858157], [39.7637486, 21.3849615], [39.7638774, 21.3842572], [39.7641832, 21.3819495], [39.7646177, 21.3796467], [39.7648913, 21.3789074], [39.7654009, 21.3775386], [39.7663289, 21.3752208], [39.7672623, 21.3729379], [39.7677827, 21.3715641], [39.7683191, 21.3697957], [39.7689354, 21.367517], [39.7728252, 21.3700005], [39.774167, 21.370949], [39.775905, 21.372172], [39.776971, 21.372941], [39.777217, 21.373106], [39.777467, 21.373265], [39.77772, 21.373419], [39.777976, 21.373569], [39.778235, 21.373713], [39.778497, 21.373852], [39.779303, 21.374276], [39.780107, 21.374705], [39.780908, 21.375139], [39.781018, 21.37521], [39.781132, 21.375275], [39.781248, 21.375334], [39.781367, 21.375388], [39.781489, 21.375436], [39.781613, 21.375477], [39.781739, 21.375513], [39.781867, 21.375542], [39.781996, 21.375565], [39.782125, 21.375582], [39.782256, 21.375592], [39.7848056, 21.3758619], [39.7881153, 21.3761382], [39.786943, 21.386528], [39.786164, 21.391214], [39.785317, 21.396452], [39.785299, 21.396566], [39.785276, 21.396678], [39.785246, 21.396789], [39.785211, 21.396898], [39.78517, 21.397005], [39.785123, 21.39711], [39.785072, 21.397213], [39.785014, 21.397312], [39.784952, 21.397408], [39.784885, 21.397501], [39.783892, 21.39881], [39.783829, 21.398894], [39.783808, 21.398921], [39.783779, 21.39896], [39.78377, 21.398972], [39.783591, 21.399211], [39.783835, 21.399366], [39.78431, 21.399671], [39.785499, 21.400457], [39.785592, 21.400518], [39.785432, 21.400727], [39.784839, 21.401595], [39.784457, 21.402275], [39.783952, 21.40344], [39.783707, 21.40422], [39.783332, 21.405852], [39.782997, 21.407673], [39.782539, 21.40979], [39.779831, 21.420736]]]}}, {"type": "Feature", "properties": {"name": "Al Khadraa", "name_ar": "الخضراء", "admin_level": "10"}, "geometry": {"type": "Polygon", "coordinates": [[[39.8970693, 21.4555125], [39.904781, 21.455964], [39.909895, 21.456484], [39.909979, 21.456495], [39.910061, 21.456513], [39.910142, 21.456537], [39.910222, 21.456567], [39.910298, 21.456603], [39.912489, 21.457726], [39.912582, 21.457771], [39.912678, 21.45781], [39.912777, 21.457844], [39.912876, 21.457873], [39.912978, 21.457895], [39.91308, 21.457912], [39.913184, 21.457923], [39.915752, 21.458129], [39.916142, 21.45693], [39.916345, 21.456988], [39.917097, 21.457205], [39.917849, 21.457425], [39.918871, 21.457707], [39.918928, 21.457723], [39.91894, 21.457683], [39.918954, 21.457639], [39.918963, 21.45761], [39.921876, 21.458335], [39.922166, 21.457646], [39.9231673, 21.455421], [39.9299168, 21.456244], [39.9350774, 21.4587203], [39.928844, 21.4699032], [39.939552, 21.4751204], [39.939362, 21.475468], [39.938677, 21.476723], [39.938556, 21.476945], [39.937463, 21.478952], [39.93673, 21.480298], [39.935321, 21.482885], [39.935128, 21.482841], [39.934365, 21.4827], [39.933718, 21.482604], [39.933602, 21.482586], [39.933422, 21.482562], [39.933293, 21.482544], [39.932467, 21.482423], [39.931642, 21.482306], [39.930815, 21.482193], [39.930515, 21.482144], [39.930191, 21.482092], [39.929252, 21.481947], [39.928313, 21.481809], [39.927372, 21.481678], [39.926027, 21.481465], [39.92468, 21.481259], [39.924285, 21.481197], [39.92389, 21.481129], [39.923497, 21.481057], [39.923104, 21.480981], [39.922761, 21.480901], [39.922419, 21.480816], [39.922079, 21.480725], [39.92174, 21.480628], [39.921123, 21.480437], [39.920819, 21.480335], [39.920516, 21.480228], [39.920215, 21.480117], [39.920064, 21.480058], [39.919992, 21.480029], [39.919734, 21.479926], [39.919478, 21.47982], [39.919224, 21.47971], [39.918205, 21.479259], [39.917188, 21.478801], [39.916194, 21.478347], [39.915199, 21.477897], [39.914202, 21.47745], [39.913686, 21.477226], [39.913172, 21.476997], [39.912661, 21.476762], [39.912153, 21.476521], [39.911873, 21.476386], [39.911595, 21.47625], [39.911075, 21.475982], [39.910986, 21.475936], [39.910683, 21.475771], [39.910384, 21.475601], [39.910088, 21.475425], [39.909795, 21.475243], [39.909533, 21.47508], [39.909274, 21.474912], [39.909019, 21.47474], [39.908766, 21.474562], [39.908517, 21.47438], [39.908272, 21.474193], [39.90803, 21.474002], [39.907792, 21.473806], [39.907529, 21.473588], [39.907271, 21.473364], [39.907017, 21.473136], [39.906767, 21.472903], [39.906522, 21.472665], [39.906281, 21.472423], [39.906045, 21.472176], [39.905774, 21.471869], [39.905507, 21.471559], [39.905111, 21.471082], [39.904875, 21.470788], [39.904642, 21.47049], [39.904414, 21.47019], [39.903058, 21.468425], [39.90218, 21.467331], [39.902017, 21.467128], [39.901672, 21.46675], [39.901395, 21.466444], [39.901114, 21.466141], [39.90083, 21.465841], [39.900618, 21.465621], [39.900403, 21.465403], [39.899935, 21.464915], [39.899841, 21.464818], [39.899088, 21.46404], [39.898994, 21.463943], [39.898681, 21.463621], [39.898438, 21.463373], [39.898304, 21.46324], [39.898166, 21.46311], [39.898026, 21.462984], [39.897882, 21.462861], [39.897725, 21.462718], [39.897565, 21.462579], [39.897399, 21.462446], [39.89723, 21.462318], [39.897056, 21.462196], [39.896878, 21.46208], [39.896697, 21.46197], [39.896515, 21.461855], [39.89633, 21.461745], [39.896143, 21.46164], [39.895952, 21.46154], [39.895759, 21.461445], [39.895563, 21.461355], [39.895413, 21.461296], [39.8950529, 21.4611423], [39.8970693, 21.4555125]]]}}, {"type": "Feature", "properties": {"name": "Ar Rashidiyyah", "name_ar": "الراشدية", "admin_level": "10"}, "geometry": {"type": "Polygon", "coordinates": [[[39.999967, 21.473873], [39.999957, 21.473916], [39.999873, 21.474276], [39.999233, 21.477161], [39.998798, 21.479265], [39.998769, 21.479477], [39.998566, 21.481423], [39.998542, 21.481768], [39.998522, 21.482112], [39.998502, 21.48266], [39.998502, 21.482695], [39.998559, 21.484701], [39.998641, 21.48574], [39.998667, 21.485941], [39.998771, 21.48677], [39.99882, 21.487077], [39.99889, 21.487465], [39.998969, 21.487898], [39.999057, 21.488377], [39.999072, 21.48846], [39.999186, 21.48906], [39.999227, 21.489278], [39.999289, 21.489599], [39.999788, 21.492168], [39.999807, 21.49226], [39.999821, 21.492353], [39.999936, 21.4928856], [39.99968, 21.4928966], [39.999603, 21.4928966], [39.998226, 21.4929456], [39.997779, 21.4929616], [39.995579, 21.4930466], [39.994552, 21.4930886], [39.992595, 21.4931726], [39.991841, 21.493231], [39.990197, 21.493254], [39.988784, 21.493053], [39.971167, 21.488014], [39.970117, 21.487787], [39.968792, 21.48764], [39.9676877, 21.4876244], [39.9668968, 21.4876605], [39.966765, 21.486792], [39.966654, 21.486577], [39.966436, 21.486338], [39.966689, 21.483536], [39.966924, 21.482594], [39.967269, 21.481686], [39.967845, 21.480619], [39.968118, 21.480217], [39.968324, 21.480003], [39.968911, 21.479548], [39.96944, 21.479278], [39.976914, 21.476274], [39.979508, 21.475405], [39.982737, 21.474331], [39.982988, 21.474343], [39.983237, 21.474362], [39.9833945, 21.4743723], [39.983587, 21.474398], [39.983785, 21.474423], [39.983983, 21.474452], [39.990403, 21.472375], [39.990876, 21.472267], [39.991358, 21.472214], [39.992004, 21.472233], [39.992538, 21.472329], [39.999514, 21.473787], [39.999967, 21.473873]]]}}, {"type": "Feature", "properties": {"name": "Al Awaly", "name_ar": "العوالي", "admin_level": "10"}, "geometry": {"type": "Polygon", "coordinates": [[[39.895606, 21.362625], [39.881524, 21.360632], [39.874256, 21.359687], [39.873973, 21.359641], [39.873971, 21.35965], [39.87368, 21.359606], [39.86281, 21.357959], [39.862486, 21.357897], [39.860585, 21.357451], [39.858967, 21.356951], [39.857776, 21.356508], [39.856608, 21.356008], [39.850622, 21.353746], [39.85419, 21.348818], [39.855119, 21.347508], [39.855798, 21.346555], [39.856345, 21.345895], [39.858797, 21.343182], [39.860803, 21.341129], [39.8619308, 21.3405934], [39.8743977, 21.3341776], [39.876616, 21.3328735], [39.8783541, 21.3315543], [39.8803496, 21.3294756], [39.8820487, 21.3272], [39.8951919, 21.30831], [39.8979234, 21.3097262], [39.9010563, 21.3105058], [39.9105191, 21.3124449], [39.9127722, 21.3135444], [39.9137807, 21.314304], [39.917922, 21.3196212], [39.9241447, 21.3279765], [39.9254107, 21.3291758], [39.942255, 21.338916], [39.941088, 21.339818], [39.939233, 21.341447], [39.938126, 21.342547], [39.927639, 21.353438], [39.926844, 21.354147], [39.9253, 21.355316], [39.924016, 21.356045], [39.922876, 21.356556], [39.92174, 21.356969], [39.920767, 21.357254], [39.919851, 21.357467], [39.895606, 21.362625]]]}}, {"type": "Feature", "properties": {"name": "Batha Quraysh", "name_ar": "بطحاء قريش", "admin_level": "10"}, "geometry": {"type": "Polygon", "coordinates": [[[39.826168, 21.385636], [39.826095, 21.385051], [39.826064, 21.385064], [39.826029, 21.384394], [39.825753, 21.383964], [39.825748, 21.382697], [39.825641, 21.381981], [39.825513, 21.38157], [39.825254, 21.381018], [39.824783, 21.380608], [39.824213, 21.380277], [39.823784, 21.379952], [39.823438, 21.379779], [39.823195, 21.379547], [39.82299, 21.379479], [39.822548, 21.379453], [39.822013, 21.379097], [39.822447, 21.378831], [39.822562, 21.378481], [39.823024, 21.377902], [39.820399, 21.376533], [39.820433, 21.376273], [39.817019, 21.367109], [39.815733, 21.363903], [39.814433, 21.358258], [39.81439, 21.358057], [39.814353, 21.357856], [39.814322, 21.357653], [39.814297, 21.35745], [39.814278, 21.357245], [39.814265, 21.357041], [39.814259, 21.356836], [39.814258, 21.356631], [39.814264, 21.356426], [39.814275, 21.356221], [39.814293, 21.356017], [39.8146423, 21.352613], [39.8205686, 21.3542885], [39.8215771, 21.3543984], [39.8224568, 21.3543784], [39.8235512, 21.3542585], [39.8247957, 21.3539987], [39.8277247, 21.3531594], [39.8361254, 21.350951], [39.8381317, 21.3507312], [39.839462, 21.3507212], [39.8407709, 21.3507912], [39.8422301, 21.351001], [39.843539, 21.3513008], [39.8449016, 21.3516605], [39.8460388, 21.3520702], [39.850622, 21.353746], [39.841441, 21.366271], [39.837964, 21.371091], [39.829188, 21.383025], [39.827704, 21.384494], [39.8268506, 21.3854342], [39.826168, 21.385636]]]}}, {"type": "Feature", "properties": {"name": "Al Hijrah", "name_ar": "الهجرة", "admin_level": "10"}, "geometry": {"type": "Polygon", "coordinates": [[[39.852552, 21.394486], [39.852079, 21.394391], [39.851662, 21.394205], [39.851296, 21.393931], [39.848697, 21.39089], [39.848128, 21.390386], [39.847579, 21.390025], [39.846751, 21.389659], [39.845757, 21.389412], [39.840985, 21.389041], [39.840414, 21.38892], [39.839765, 21.388691], [39.839037, 21.388299], [39.83844, 21.387834], [39.83629, 21.38551], [39.835788, 21.385035], [39.835161, 21.384614], [39.834384, 21.384258], [39.833788, 21.38409], [39.833064, 21.383981], [39.832527, 21.383969], [39.831826, 21.384033], [39.831151, 21.384173], [39.8268506, 21.3854342], [39.827704, 21.384494], [39.829188, 21.383025], [39.837964, 21.371091], [39.841441, 21.366271], [39.850622, 21.353746], [39.856608, 21.356008], [39.857776, 21.356508], [39.858967, 21.356951], [39.860585, 21.357451], [39.862486, 21.357897], [39.86281, 21.357959], [39.862795, 21.358036], [39.862228, 21.361002], [39.863735, 21.361255], [39.863782, 21.361299], [39.865186, 21.362995], [39.865486, 21.363432], [39.865808, 21.364059], [39.866445, 21.365722], [39.866874, 21.367235], [39.866964, 21.368658], [39.866881, 21.369499], [39.866482, 21.370995], [39.8656, 21.373131], [39.864182, 21.376098], [39.86393, 21.376455], [39.863629, 21.376771], [39.862738, 21.377458], [39.862378, 21.377787], [39.861875, 21.378423], [39.861638, 21.378849], [39.861099, 21.380107], [39.85695, 21.386463], [39.855079, 21.389515], [39.852552, 21.394486]]]}}, {"type": "Feature", "properties": {"name": "Ash Shawqiyah", "name_ar": "الشوقية", "admin_level": "10"}, "geometry": {"type": "Polygon", "coordinates": [[[39.7881153, 21.3761382], [39.78854, 21.376158], [39.788778, 21.376181], [39.789507, 21.376243], [39.789821, 21.376273], [39.790127, 21.376302], [39.791194, 21.376402], [39.791909, 21.376462], [39.792165, 21.376481], [39.792261, 21.376488], [39.792534, 21.376506], [39.792808, 21.376518], [39.793082, 21.376526], [39.793356, 21.376529], [39.793407, 21.376527], [39.793822, 21.376516], [39.793859, 21.376513], [39.794209, 21.376478], [39.794585, 21.376431], [39.794846, 21.376403], [39.795242, 21.376329], [39.795937, 21.376181], [39.796571, 21.376006], [39.796602, 21.375997], [39.797065, 21.375841], [39.797557, 21.375649], [39.797961, 21.375474], [39.79812, 21.375397], [39.798277, 21.375316], [39.798497, 21.375209], [39.798714, 21.375096], [39.798848, 21.37502], [39.799243, 21.374774], [39.799524, 21.374579], [39.799753, 21.374419], [39.800007, 21.374231], [39.800177, 21.374106], [39.800244, 21.374051], [39.800326, 21.373983], [39.80059, 21.373765], [39.80072, 21.373629], [39.801446, 21.372885], [39.80208, 21.372222], [39.802177, 21.37213], [39.802197, 21.372109], [39.802656, 21.371596], [39.802771, 21.37146], [39.803002, 21.371215], [39.803357, 21.370898], [39.803363, 21.370891], [39.803653, 21.370588], [39.803688, 21.370642], [39.803776, 21.370821], [39.803859, 21.371002], [39.803936, 21.371186], [39.804007, 21.371373], [39.804073, 21.371561], [39.804132, 21.371751], [39.804186, 21.371943], [39.804208, 21.372031], [39.804382, 21.372721], [39.804627, 21.373701], [39.804973, 21.375108], [39.805308, 21.376492], [39.805679, 21.377975], [39.806052, 21.379458], [39.806249, 21.38024], [39.806476, 21.381129], [39.806757, 21.382269], [39.807042, 21.383408], [39.807332, 21.384545], [39.807535, 21.385331], [39.807764, 21.386206], [39.807995, 21.38708], [39.808242, 21.388148], [39.808415, 21.388874], [39.80859, 21.3896], [39.808769, 21.390325], [39.808863, 21.390703], [39.809118, 21.391953], [39.809368, 21.393204], [39.809612, 21.394456], [39.80963, 21.394551], [39.809492, 21.39462], [39.809457, 21.394636], [39.809289, 21.394713], [39.808548, 21.395004], [39.807593, 21.395295], [39.806909, 21.395452], [39.805747, 21.395623], [39.804508, 21.395688], [39.798371, 21.395756], [39.797344, 21.395811], [39.796322, 21.395921], [39.792119, 21.396765], [39.790304, 21.397237], [39.789083, 21.397754], [39.788355, 21.39816], [39.787663, 21.39864], [39.787453, 21.398785], [39.786465, 21.399597], [39.785592, 21.400518], [39.785499, 21.400457], [39.78431, 21.399671], [39.783835, 21.399366], [39.783591, 21.399211], [39.78377, 21.398972], [39.783779, 21.39896], [39.783808, 21.398921], [39.783829, 21.398894], [39.783892, 21.39881], [39.784885, 21.397501], [39.784952, 21.397408], [39.785014, 21.397312], [39.785072, 21.397213], [39.785123, 21.39711], [39.78517, 21.397005], [39.785211, 21.396898], [39.785246, 21.396789], [39.785276, 21.396678], [39.785299, 21.396566], [39.785317, 21.396452], [39.786164, 21.391214], [39.786943, 21.386528], [39.7881153, 21.3761382]]]}}, {"type": "Feature", "properties": {"name": "Al Kakiyah", "name_ar": "الكعكية", "admin_level": "10"}, "geometry": {"type": "Polygon", "coordinates": [[[39.826168, 21.385636], [39.825917, 21.38571], [39.825029, 21.385904], [39.823826, 21.386054], [39.821629, 21.386082], [39.820094, 21.386261], [39.818359, 21.386793], [39.817463, 21.387249], [39.816731, 21.387704], [39.815636, 21.388622], [39.814983, 21.389392], [39.813411, 21.391576], [39.812084, 21.39293], [39.810972, 21.393782], [39.80963, 21.394551], [39.809612, 21.394456], [39.809368, 21.393204], [39.809118, 21.391953], [39.808863, 21.390703], [39.808769, 21.390325], [39.80859, 21.3896], [39.808415, 21.388874], [39.808242, 21.388148], [39.807995, 21.38708], [39.807764, 21.386206], [39.807535, 21.385331], [39.807332, 21.384545], [39.807042, 21.383408], [39.806757, 21.382269], [39.806476, 21.381129], [39.806249, 21.38024], [39.806052, 21.379458], [39.805679, 21.377975], [39.805308, 21.376492], [39.804973, 21.375108], [39.804627, 21.373701], [39.804382, 21.372721], [39.804208, 21.372031], [39.804186, 21.371943], [39.804132, 21.371751], [39.804073, 21.371561], [39.804007, 21.371373], [39.803936, 21.371186], [39.803859, 21.371002], [39.803776, 21.370821], [39.803688, 21.370642], [39.803653, 21.370588], [39.804004, 21.370144], [39.804088, 21.36992], [39.80411, 21.36967], [39.803387, 21.36586], [39.803362, 21.365791], [39.80361, 21.365738], [39.803717, 21.365722], [39.804381, 21.365615], [39.80456, 21.365599], [39.804741, 21.365588], [39.804921, 21.365584], [39.805102, 21.365585], [39.805353, 21.365597], [39.805604, 21.365614], [39.805855, 21.365637], [39.806089, 21.365662], [39.806293, 21.365689], [39.806475, 21.365715], [39.806497, 21.365716], [39.806851, 21.365732], [39.807247, 21.365749], [39.807606, 21.365765], [39.807731, 21.36577], [39.807794, 21.365771], [39.807898, 21.365771], [39.807954, 21.365771], [39.808307, 21.365773], [39.808338, 21.365773], [39.808428, 21.365773], [39.8088, 21.365775], [39.808874, 21.365775], [39.808893, 21.365775], [39.809209, 21.365752], [39.809617, 21.365812], [39.809645, 21.365815], [39.809839, 21.36582], [39.810624, 21.365842], [39.811792, 21.365814], [39.811831, 21.365478], [39.81213, 21.365138], [39.812249, 21.364847], [39.81229, 21.36438], [39.812294, 21.36438], [39.812425, 21.364403], [39.812553, 21.364433], [39.812681, 21.364469], [39.812765, 21.364498], [39.812848, 21.364529], [39.81293, 21.364564], [39.812974, 21.364587], [39.813046, 21.364392], [39.813117, 21.36424], [39.813326, 21.364325], [39.813988, 21.364209], [39.815733, 21.363903], [39.817019, 21.367109], [39.820433, 21.376273], [39.820399, 21.376533], [39.823024, 21.377902], [39.822562, 21.378481], [39.822447, 21.378831], [39.822013, 21.379097], [39.822548, 21.379453], [39.82299, 21.379479], [39.823195, 21.379547], [39.823438, 21.379779], [39.823784, 21.379952], [39.824213, 21.380277], [39.824783, 21.380608], [39.825254, 21.381018], [39.825513, 21.38157], [39.825641, 21.381981], [39.825748, 21.382697], [39.825753, 21.383964], [39.826029, 21.384394], [39.826064, 21.385064], [39.826095, 21.385051], [39.826168, 21.385636]]]}}, {"type": "Feature", "properties": {"name": "Al Hujun", "name_ar": "الحجون", "admin_level": "10"}, "geometry": {"type": "Polygon", "coordinates": [[[39.818106, 21.439085], [39.81815, 21.439075], [39.820996, 21.438477], [39.8216537, 21.4382987], [39.8204183, 21.437061], [39.819212, 21.435278], [39.818576, 21.435411], [39.818051, 21.435426], [39.817405, 21.435306], [39.815225, 21.434386], [39.814907, 21.434234], [39.81241, 21.433078], [39.811429, 21.432616], [39.811163, 21.43365], [39.809742, 21.441004], [39.809617, 21.441559], [39.809704, 21.441572], [39.810824, 21.441693], [39.811264, 21.441612], [39.811774, 21.441385], [39.813139, 21.440291], [39.813513, 21.440084], [39.818106, 21.439085]]]}}, {"type": "Feature", "properties": {"name": "Al Bayban", "name_ar": "البيبان", "admin_level": "10"}, "geometry": {"type": "Polygon", "coordinates": [[[39.806559, 21.4319882], [39.806943, 21.43196], [39.808496, 21.4319479], [39.8092706, 21.4320531], [39.8100002, 21.4321994], [39.810377, 21.432275], [39.811429, 21.432616], [39.811163, 21.43365], [39.809742, 21.441004], [39.809617, 21.441559], [39.806589, 21.441137], [39.804246, 21.441037], [39.804602, 21.437615], [39.804722, 21.437001], [39.805245, 21.435657], [39.8057, 21.434866], [39.80617, 21.433493], [39.806532, 21.43218], [39.806559, 21.4319882]]]}}, {"type": "Feature", "properties": {"name": "Ad Diyafah", "name_ar": "الضيافة", "admin_level": "10"}, "geometry": {"type": "Polygon", "coordinates": [[[39.799176, 21.433325], [39.799208, 21.433296], [39.799346, 21.433171], [39.799486, 21.43305], [39.799629, 21.432931], [39.799775, 21.432816], [39.799871, 21.432757], [39.79997, 21.432704], [39.800072, 21.432656], [39.800177, 21.432613], [39.800284, 21.432577], [39.800392, 21.432546], [39.800502, 21.432521], [39.800614, 21.432502], [39.800726, 21.432489], [39.800838, 21.432483], [39.800956, 21.432481], [39.801074, 21.432486], [39.801191, 21.432497], [39.801308, 21.432513], [39.801423, 21.432536], [39.801538, 21.432566], [39.80165, 21.432601], [39.801761, 21.432641], [39.801869, 21.432688], [39.802076, 21.432803], [39.80228, 21.432924], [39.802482, 21.433049], [39.80268, 21.433179], [39.802875, 21.433314], [39.802948, 21.433357], [39.803024, 21.433395], [39.803104, 21.433426], [39.803185, 21.433451], [39.803269, 21.433469], [39.803353, 21.43348], [39.803438, 21.433484], [39.803523, 21.433482], [39.803608, 21.433473], [39.803692, 21.433457], [39.803774, 21.433434], [39.803854, 21.433405], [39.804065, 21.433328], [39.804274, 21.433245], [39.80448, 21.433157], [39.804684, 21.433062], [39.804885, 21.432962], [39.805083, 21.432856], [39.805278, 21.432745], [39.805698, 21.432532], [39.80612, 21.432323], [39.806559, 21.4319882], [39.806532, 21.43218], [39.80617, 21.433493], [39.8057, 21.434866], [39.805245, 21.435657], [39.804722, 21.437001], [39.804602, 21.437615], [39.804246, 21.441037], [39.804081, 21.441019], [39.803809, 21.440975], [39.803538, 21.440926], [39.803268, 21.440871], [39.803023, 21.440822], [39.802778, 21.440768], [39.802534, 21.440711], [39.802291, 21.440649], [39.802001, 21.440578], [39.80171, 21.440515], [39.801417, 21.440459], [39.8012605, 21.4404279], [39.80112, 21.4404], [39.800822, 21.440348], [39.800522, 21.440302], [39.800348, 21.440279], [39.800101, 21.440243], [39.799852, 21.440213], [39.799603, 21.44019], [39.799353, 21.440172], [39.799206, 21.440164], [39.798732, 21.440141], [39.798365, 21.440123], [39.798234, 21.440117], [39.797813, 21.440096], [39.79391, 21.439942], [39.792157, 21.439871], [39.791468, 21.439831], [39.790896, 21.439807], [39.790616, 21.439781], [39.7902898, 21.4396691], [39.7900908, 21.4395502], [39.789921, 21.439183], [39.79025, 21.439126], [39.790419, 21.439099], [39.790586, 21.439067], [39.790753, 21.439029], [39.790918, 21.438985], [39.791082, 21.438936], [39.791243, 21.438881], [39.791403, 21.43882], [39.791561, 21.438755], [39.791789, 21.43864], [39.792014, 21.43852], [39.792235, 21.438393], [39.792454, 21.438261], [39.792668, 21.438122], [39.792879, 21.437979], [39.793434, 21.437624], [39.793985, 21.437265], [39.794534, 21.436902], [39.795081, 21.436535], [39.795446, 21.436306], [39.795809, 21.436072], [39.796169, 21.435834], [39.796525, 21.435591], [39.796879, 21.435344], [39.797061, 21.435203], [39.797239, 21.435057], [39.797413, 21.434906], [39.797582, 21.434751], [39.797748, 21.434591], [39.798463, 21.433959], [39.799176, 21.433325]]]}}, {"type": "Feature", "properties": {"name": "Az Zahra", "name_ar": "الزهراء", "admin_level": "10"}, "geometry": {"type": "Polygon", "coordinates": [[[39.789153, 21.427294], [39.789311, 21.427279], [39.790076, 21.427174], [39.790271, 21.428502], [39.790325, 21.428574], [39.791443, 21.428437], [39.792635, 21.429168], [39.792837, 21.429139], [39.792928, 21.429166], [39.793418, 21.429677], [39.793909, 21.430687], [39.794656, 21.431648], [39.795162, 21.431571], [39.79525, 21.431516], [39.795418, 21.430488], [39.795584, 21.430413], [39.795998, 21.430083], [39.799176, 21.433325], [39.799208, 21.433296], [39.799346, 21.433171], [39.799486, 21.43305], [39.799629, 21.432931], [39.799775, 21.432816], [39.799871, 21.432757], [39.79997, 21.432704], [39.800072, 21.432656], [39.800177, 21.432613], [39.800284, 21.432577], [39.800392, 21.432546], [39.800502, 21.432521], [39.800614, 21.432502], [39.800726, 21.432489], [39.800838, 21.432483], [39.800956, 21.432481], [39.801074, 21.432486], [39.801191, 21.432497], [39.801308, 21.432513], [39.801423, 21.432536], [39.801538, 21.432566], [39.80165, 21.432601], [39.801761, 21.432641], [39.801869, 21.432688], [39.802076, 21.432803], [39.80228, 21.432924], [39.802482, 21.433049], [39.80268, 21.433179], [39.802875, 21.433314], [39.802948, 21.433357], [39.803024, 21.433395], [39.803104, 21.433426], [39.803185, 21.433451], [39.803269, 21.433469], [39.803353, 21.43348], [39.803438, 21.433484], [39.803523, 21.433482], [39.803608, 21.433473], [39.803692, 21.433457], [39.803774, 21.433434], [39.803854, 21.433405], [39.804065, 21.433328], [39.804274, 21.433245], [39.80448, 21.433157], [39.804684, 21.433062], [39.804885, 21.432962], [39.805083, 21.432856], [39.805278, 21.432745], [39.805698, 21.432532], [39.80612, 21.432323], [39.806559, 21.4319882], [39.806637, 21.431384], [39.806672, 21.430993], [39.806704, 21.430601], [39.806732, 21.430209], [39.806739, 21.430095], [39.806763, 21.429694], [39.806783, 21.429292], [39.806803, 21.428969], [39.806817, 21.428645], [39.806826, 21.428322], [39.806829, 21.427998], [39.806827, 21.427674], [39.806826, 21.427632], [39.806822, 21.427169], [39.806816, 21.42638], [39.806811, 21.425777], [39.806807, 21.424584], [39.806807, 21.424484], [39.806804, 21.423616], [39.806793, 21.423092], [39.8068161, 21.4214135], [39.7934326, 21.4207098], [39.7912606, 21.4205858], [39.79114, 21.421306], [39.79083, 21.423458], [39.790605, 21.424287], [39.790409, 21.424765], [39.790277, 21.424982], [39.789394, 21.426359], [39.789233, 21.426805], [39.789153, 21.427294]]]}}, {"type": "Feature", "properties": {"name": "Al Naseem", "name_ar": "النسيم", "admin_level": "10"}, "geometry": {"type": "Polygon", "coordinates": [[[39.874918, 21.384012], [39.876334, 21.379582], [39.87644, 21.379291], [39.876553, 21.379002], [39.876672, 21.378716], [39.876797, 21.378432], [39.876928, 21.378152], [39.877065, 21.377874], [39.877207, 21.377598], [39.877356, 21.377326], [39.877511, 21.377058], [39.877813, 21.376606], [39.878119, 21.376157], [39.878429, 21.375711], [39.878742, 21.375268], [39.879011, 21.374977], [39.879284, 21.374691], [39.87956, 21.374408], [39.87984, 21.374128], [39.880124, 21.373852], [39.880411, 21.37358], [39.881081, 21.372955], [39.881754, 21.372335], [39.882431, 21.371717], [39.883111, 21.371104], [39.883794, 21.370482], [39.884472, 21.369855], [39.885146, 21.369223], [39.885816, 21.368587], [39.886482, 21.367946], [39.887292, 21.367196], [39.888106, 21.366449], [39.888923, 21.365705], [39.889742, 21.364964], [39.889938, 21.364817], [39.890138, 21.364674], [39.89034, 21.364536], [39.890545, 21.364403], [39.890754, 21.364274], [39.890965, 21.36415], [39.891179, 21.36403], [39.891395, 21.363916], [39.891688, 21.363783], [39.891983, 21.363656], [39.892281, 21.363536], [39.892581, 21.363421], [39.892884, 21.363313], [39.893189, 21.363212], [39.893496, 21.363117], [39.893805, 21.363028], [39.894115, 21.362946], [39.894428, 21.362871], [39.894742, 21.362802], [39.895057, 21.362739], [39.895606, 21.362625], [39.881524, 21.360632], [39.874256, 21.359687], [39.873973, 21.359641], [39.873971, 21.35965], [39.87368, 21.359606], [39.86281, 21.357959], [39.862795, 21.358036], [39.862228, 21.361002], [39.863735, 21.361255], [39.863782, 21.361299], [39.865186, 21.362995], [39.865486, 21.363432], [39.865808, 21.364059], [39.866445, 21.365722], [39.866874, 21.367235], [39.866964, 21.368658], [39.866881, 21.369499], [39.866482, 21.370995], [39.8656, 21.373131], [39.864182, 21.376098], [39.86393, 21.376455], [39.863629, 21.376771], [39.862738, 21.377458], [39.862378, 21.377787], [39.861875, 21.378423], [39.861638, 21.378849], [39.861099, 21.380107], [39.85695, 21.386463], [39.855079, 21.389515], [39.852552, 21.394486], [39.8531896, 21.3941497], [39.8537421, 21.3938625], [39.854477, 21.393373], [39.8552495, 21.3927137], [39.8565209, 21.3913801], [39.8583609, 21.389472], [39.8599273, 21.3878187], [39.8617029, 21.3859505], [39.8624486, 21.3852213], [39.8631781, 21.3846169], [39.8640633, 21.3840324], [39.8649055, 21.3836128], [39.8657477, 21.3832832], [39.8667508, 21.3829785], [39.8677486, 21.3827837], [39.8688322, 21.3827137], [39.8700339, 21.3827437], [39.8711604, 21.3829085], [39.8724103, 21.3832532], [39.874918, 21.384012]]]}}, {"type": "Feature", "properties": {"name": "Al Jamiah", "name_ar": "الجامعة", "admin_level": "10"}, "geometry": {"type": "Polygon", "coordinates": [[[39.86657, 21.410801], [39.866405, 21.410659], [39.864248, 21.408805], [39.860887, 21.406044], [39.861062, 21.405839], [39.86029, 21.405253], [39.858858, 21.403494], [39.858798, 21.403473], [39.860487, 21.399489], [39.861189, 21.397279], [39.861758, 21.393971], [39.86249, 21.392374], [39.862588, 21.392246], [39.86278, 21.392153], [39.865134, 21.391693], [39.866585, 21.391832], [39.866648, 21.391885], [39.866662, 21.392034], [39.866736, 21.392079], [39.86786, 21.39219], [39.868064, 21.392019], [39.868205, 21.39199], [39.871231, 21.392338], [39.871409, 21.392328], [39.871621, 21.392222], [39.871795, 21.392034], [39.872474, 21.391076], [39.872769, 21.390466], [39.873157, 21.389386], [39.874918, 21.384012], [39.875024, 21.384042], [39.892435, 21.389478], [39.893274, 21.389794], [39.896951, 21.391403], [39.896205, 21.392062], [39.894475, 21.393565], [39.893333, 21.394439], [39.892822, 21.394755], [39.878713, 21.401223], [39.87828, 21.401432], [39.877348, 21.402002], [39.874419, 21.404078], [39.870093, 21.407237], [39.86938, 21.407892], [39.86657, 21.410801]]]}}, {"type": "Feature", "properties": {"name": "Al Aziziyah", "name_ar": "العزيزية", "admin_level": "10"}, "geometry": {"type": "Polygon", "coordinates": [[[39.8427609, 21.4156554], [39.843525, 21.41495], [39.846195, 21.412598], [39.850044, 21.409009], [39.850398, 21.408576], [39.850717, 21.407974], [39.852159, 21.407296], [39.857945, 21.404569], [39.85835, 21.404253], [39.858541, 21.40401], [39.858681, 21.403741], [39.858798, 21.403473], [39.858858, 21.403494], [39.86029, 21.405253], [39.861062, 21.405839], [39.860887, 21.406044], [39.864248, 21.408805], [39.866405, 21.410659], [39.86657, 21.410801], [39.865715, 21.411665], [39.866994, 21.412602], [39.866829, 21.412803], [39.868574, 21.414067], [39.868522, 21.414128], [39.867498, 21.414302], [39.867797, 21.415681], [39.867964, 21.416112], [39.867321, 21.416272], [39.867761, 21.417948], [39.867676, 21.418029], [39.867168, 21.418184], [39.866932, 21.418399], [39.8659, 21.420532], [39.865159, 21.421937], [39.864573, 21.422295], [39.864536, 21.422319], [39.864961, 21.422941], [39.864354, 21.423194], [39.863864, 21.423329], [39.863159, 21.42344], [39.862446, 21.423456], [39.861771, 21.423374], [39.860794, 21.423149], [39.860643, 21.423292], [39.860635, 21.423444], [39.861977, 21.424963], [39.859848, 21.426031], [39.858085, 21.426878], [39.857145, 21.427406], [39.856836, 21.427321], [39.856482, 21.427319], [39.856454, 21.427204], [39.856723, 21.426734], [39.85689, 21.426255], [39.856916, 21.425849], [39.856832, 21.42525], [39.856249, 21.425449], [39.856164, 21.425358], [39.855937, 21.425544], [39.855364, 21.424993], [39.855041, 21.424823], [39.854422, 21.424585], [39.853655, 21.424052], [39.853411, 21.423956], [39.850986, 21.423826], [39.848667, 21.424286], [39.845513, 21.424222], [39.844047, 21.423932], [39.843749, 21.423764], [39.842962, 21.423014], [39.842224, 21.4217773], [39.8410902, 21.4193642], [39.8417822, 21.4169646], [39.8427609, 21.4156554]]]}}, {"type": "Feature", "properties": {"name": "Al Mursalat", "name_ar": "المرسلات", "admin_level": "10"}, "geometry": {"type": "Polygon", "coordinates": [[[39.896951, 21.391403], [39.898434, 21.392083], [39.897664, 21.392691], [39.896488, 21.393946], [39.896913, 21.394342], [39.897503, 21.395882], [39.897526, 21.396094], [39.897406, 21.396343], [39.897458, 21.396341], [39.897009, 21.397336], [39.896692, 21.397536], [39.895859, 21.398615], [39.896005, 21.398747], [39.89627, 21.399153], [39.895822, 21.399523], [39.895614, 21.399767], [39.895485, 21.400233], [39.895291, 21.400573], [39.895274, 21.400861], [39.895189, 21.401153], [39.895046, 21.401421], [39.89485, 21.401653], [39.894833, 21.40224], [39.894791, 21.402367], [39.894343, 21.402587], [39.8931, 21.40292], [39.892496, 21.403277], [39.891169, 21.403721], [39.890653, 21.403852], [39.889458, 21.404007], [39.889174, 21.40409], [39.889018, 21.404083], [39.888877, 21.404016], [39.887666, 21.404934], [39.886878, 21.406127], [39.886274, 21.406854], [39.885407, 21.40772], [39.884467, 21.408504], [39.884076, 21.408672], [39.883329, 21.408814], [39.882324, 21.409272], [39.882199, 21.409368], [39.882007, 21.409639], [39.881795, 21.40977], [39.876728, 21.411381], [39.876552, 21.411467], [39.876376, 21.411659], [39.874562, 21.414826], [39.874388, 21.415036], [39.873097, 21.416155], [39.865159, 21.421937], [39.8659, 21.420532], [39.866932, 21.418399], [39.867168, 21.418184], [39.867676, 21.418029], [39.867761, 21.417948], [39.867321, 21.416272], [39.867964, 21.416112], [39.867797, 21.415681], [39.867498, 21.414302], [39.868522, 21.414128], [39.868574, 21.414067], [39.866829, 21.412803], [39.866994, 21.412602], [39.865715, 21.411665], [39.86657, 21.410801], [39.86938, 21.407892], [39.870093, 21.407237], [39.874419, 21.404078], [39.877348, 21.402002], [39.87828, 21.401432], [39.878713, 21.401223], [39.892822, 21.394755], [39.893333, 21.394439], [39.894475, 21.393565], [39.896205, 21.392062], [39.896951, 21.391403]]]}}, {"type": "Feature", "properties": {"name": "Al Mashaeir Al Muqadasa", "name_ar": "المشاعر المقدسة", "admin_level": "10"}, "geometry": {"type": "Polygon", "coordinates": [[[39.8970693, 21.4555125], [39.8953807, 21.4550857], [39.895513, 21.451804], [39.866816, 21.43196], [39.86662, 21.431822], [39.866428, 21.431678], [39.866241, 21.431528], [39.866058, 21.431373], [39.86588, 21.431212], [39.865707, 21.431046], [39.865538, 21.430875], [39.865375, 21.430699], [39.865218, 21.430518], [39.865065, 21.430333], [39.864919, 21.430143], [39.864511, 21.429597], [39.863995, 21.429921], [39.863475, 21.430239], [39.862951, 21.430552], [39.862424, 21.430859], [39.861894, 21.43116], [39.861361, 21.431456], [39.861082, 21.431576], [39.860781, 21.431698], [39.8611879, 21.4310639], [39.8615152, 21.4303348], [39.861956, 21.428918], [39.86002, 21.426393], [39.859848, 21.426031], [39.861977, 21.424963], [39.860635, 21.423444], [39.860643, 21.423292], [39.860794, 21.423149], [39.861771, 21.423374], [39.862446, 21.423456], [39.863159, 21.42344], [39.863864, 21.423329], [39.864354, 21.423194], [39.864961, 21.422941], [39.864536, 21.422319], [39.864573, 21.422295], [39.865159, 21.421937], [39.873097, 21.416155], [39.874388, 21.415036], [39.874562, 21.414826], [39.876376, 21.411659], [39.876552, 21.411467], [39.876728, 21.411381], [39.881795, 21.40977], [39.882007, 21.409639], [39.882199, 21.409368], [39.882324, 21.409272], [39.883329, 21.408814], [39.884076, 21.408672], [39.884467, 21.408504], [39.885407, 21.40772], [39.886274, 21.406854], [39.886878, 21.406127], [39.887666, 21.404934], [39.888877, 21.404016], [39.889018, 21.404083], [39.889174, 21.40409], [39.889458, 21.404007], [39.890653, 21.403852], [39.891169, 21.403721], [39.892496, 21.403277], [39.8931, 21.40292], [39.894343, 21.402587], [39.894791, 21.402367], [39.894833, 21.40224], [39.89485, 21.401653], [39.895046, 21.401421], [39.895189, 21.401153], [39.895274, 21.400861], [39.895291, 21.400573], [39.895485, 21.400233], [39.895614, 21.399767], [39.895822, 21.399523], [39.89627, 21.399153], [39.896005, 21.398747], [39.895859, 21.398615], [39.896692, 21.397536], [39.897009, 21.397336], [39.897458, 21.396341], [39.897406, 21.396343], [39.897526, 21.396094], [39.897503, 21.395882], [39.896913, 21.394342], [39.896488, 21.393946], [39.897664, 21.392691], [39.898434, 21.392083], [39.896951, 21.391403], [39.893274, 21.389794], [39.892435, 21.389478], [39.875024, 21.384042], [39.874918, 21.384012], [39.876334, 21.379582], [39.87644, 21.379291], [39.876553, 21.379002], [39.876672, 21.378716], [39.876797, 21.378432], [39.876928, 21.378152], [39.877065, 21.377874], [39.877207, 21.377598], [39.877356, 21.377326], [39.877511, 21.377058], [39.877813, 21.376606], [39.878119, 21.376157], [39.878429, 21.375711], [39.878742, 21.375268], [39.879011, 21.374977], [39.879284, 21.374691], [39.87956, 21.374408], [39.87984, 21.374128], [39.880124, 21.373852], [39.880411, 21.37358], [39.881081, 21.372955], [39.881754, 21.372335], [39.882431, 21.371717], [39.883111, 21.371104], [39.883794, 21.370482], [39.884472, 21.369855], [39.885146, 21.369223], [39.885816, 21.368587], [39.886482, 21.367946], [39.887292, 21.367196], [39.888106, 21.366449], [39.888923, 21.365705], [39.889742, 21.364964], [39.889938, 21.364817], [39.890138, 21.364674], [39.89034, 21.364536], [39.890545, 21.364403], [39.890754, 21.364274], [39.890965, 21.36415], [39.891179, 21.36403], [39.891395, 21.363916], [39.891688, 21.363783], [39.891983, 21.363656], [39.892281, 21.363536], [39.892581, 21.363421], [39.892884, 21.363313], [39.893189, 21.363212], [39.893496, 21.363117], [39.893805, 21.363028], [39.894115, 21.362946], [39.894428, 21.362871], [39.894742, 21.362802], [39.895057, 21.362739], [39.895606, 21.362625], [39.919851, 21.357467], [39.920767, 21.357254], [39.92174, 21.356969], [39.922876, 21.356556], [39.924016, 21.356045], [39.9253, 21.355316], [39.926844, 21.354147], [39.927639, 21.353438], [39.938126, 21.342547], [39.939233, 21.341447], [39.941088, 21.339818], [39.942255, 21.338916], [39.944112, 21.337685], [39.945625, 21.336845], [39.95798, 21.330601], [39.962193, 21.328541], [39.963661, 21.327884], [39.964852, 21.327436], [39.96614, 21.327024], [39.967091, 21.326776], [39.967328, 21.326726], [39.967866, 21.326608], [39.968024, 21.326573], [39.968469, 21.326486], [39.968642, 21.326459], [39.96912, 21.326397], [39.969582, 21.326349], [39.970266, 21.326274], [39.971074, 21.326225], [39.97197, 21.326185], [39.971994, 21.326185], [39.972327, 21.326183], [39.97265, 21.326189], [39.973035, 21.326203], [39.973588, 21.326223], [39.974032, 21.326266], [39.974658, 21.326326], [39.976027, 21.326464], [39.976972, 21.326605], [39.977498, 21.326712], [39.97866, 21.326949], [39.980136, 21.32724], [39.980555, 21.327323], [39.982365, 21.327682], [39.983918, 21.32799], [39.985076, 21.32822], [39.986251, 21.328452], [39.988519, 21.328899], [39.989219, 21.329023], [39.989774, 21.329122], [39.990258, 21.329187], [39.990743, 21.329245], [39.991229, 21.329296], [39.991716, 21.32934], [39.992203, 21.329376], [39.992691, 21.329406], [39.993179, 21.329428], [39.993667, 21.329443], [39.994127, 21.329447], [39.994587, 21.329443], [39.995082, 21.329431], [39.995758, 21.329403], [39.995791, 21.329401], [39.995811, 21.3294], [39.996531, 21.329361], [39.997376, 21.329312], [39.998028, 21.329201], [39.998377, 21.329151], [39.998647, 21.329116], [39.999116, 21.329054], [39.999584, 21.328988], [40.000052, 21.328919], [40.001316, 21.328747], [40.002195, 21.328627], [40.003103, 21.328503], [40.004028, 21.328367], [40.004485, 21.328299], [40.005126, 21.328228], [40.00533, 21.328206], [40.005435, 21.328196], [40.005637, 21.328183], [40.005821, 21.32817], [40.006492, 21.328122], [40.006816, 21.328105], [40.00714, 21.328093], [40.007613, 21.328083], [40.007923, 21.328081], [40.008125, 21.328086], [40.008876, 21.328102], [40.009518, 21.328116], [40.011961, 21.32817], [40.011969, 21.328249], [40.012189, 21.329804], [40.0119, 21.330685], [40.008825, 21.337585], [40.008686, 21.337904], [40.008553, 21.338226], [40.008426, 21.338549], [40.008306, 21.338876], [40.008191, 21.339204], [40.008083, 21.339535], [40.007981, 21.339867], [40.007885, 21.340201], [40.007795, 21.340537], [40.007712, 21.340875], [40.007635, 21.341214], [40.007564, 21.341555], [40.0075, 21.341897], [40.007442, 21.342239], [40.00739, 21.342583], [40.007346, 21.342928], [40.007307, 21.343274], [40.005989, 21.356369], [40.005956, 21.356669], [40.005916, 21.356968], [40.005869, 21.357266], [40.005817, 21.357563], [40.005757, 21.357859], [40.005692, 21.358153], [40.00562, 21.358446], [40.005542, 21.358737], [40.005458, 21.359027], [40.005367, 21.359315], [40.00527, 21.3596], [40.005168, 21.359884], [40.000452, 21.372492], [40.000322, 21.372829], [40.000185, 21.373164], [40.000043, 21.373496], [39.999894, 21.373825], [39.999739, 21.374152], [39.999578, 21.374475], [39.999411, 21.374796], [39.999238, 21.375113], [39.999059, 21.375427], [39.998875, 21.375738], [39.998684, 21.376045], [39.998488, 21.376348], [39.998286, 21.376648], [39.998079, 21.376944], [39.997866, 21.377236], [39.991505, 21.385802], [39.991432, 21.385901], [39.98805, 21.389613], [39.986723, 21.389917], [39.985418, 21.390173], [39.985406, 21.39035], [39.985386, 21.390527], [39.98536, 21.390702], [39.985327, 21.390877], [39.985287, 21.39105], [39.985241, 21.391221], [39.985188, 21.39139], [39.985128, 21.391557], [39.985062, 21.391722], [39.98499, 21.391884], [39.984911, 21.392043], [39.984826, 21.392199], [39.984735, 21.392352], [39.984639, 21.3925], [39.984536, 21.392645], [39.984372, 21.392809], [39.984203, 21.392969], [39.98403, 21.393124], [39.983853, 21.393275], [39.983672, 21.393421], [39.983487, 21.393562], [39.983299, 21.393698], [39.983107, 21.393829], [39.982912, 21.393955], [39.982586, 21.394176], [39.982264, 21.394402], [39.981946, 21.394633], [39.981631, 21.394869], [39.981321, 21.39511], [39.981014, 21.395356], [39.980711, 21.395607], [39.980413, 21.395863], [39.980363, 21.395954], [39.980317, 21.396047], [39.980276, 21.396142], [39.98024, 21.39624], [39.98022, 21.396293], [39.980195, 21.396344], [39.980165, 21.396392], [39.980131, 21.396438], [39.980093, 21.39648], [39.980051, 21.396518], [39.980006, 21.396552], [39.978347, 21.39755], [39.97669, 21.398551], [39.976296, 21.398769], [39.976028, 21.398902], [39.975757, 21.399031], [39.975484, 21.399155], [39.975209, 21.399274], [39.974932, 21.399389], [39.967109, 21.402555], [39.966983, 21.402608], [39.96686, 21.402668], [39.966741, 21.402733], [39.966624, 21.402804], [39.966511, 21.402881], [39.966402, 21.402963], [39.966297, 21.40305], [39.966196, 21.403142], [39.9661, 21.403239], [39.966009, 21.403341], [39.965923, 21.403447], [39.965842, 21.403557], [39.965767, 21.403671], [39.965697, 21.403788], [39.965557, 21.404041], [39.965297, 21.404857], [39.963424, 21.410634], [39.963055, 21.411547], [39.962704, 21.412365], [39.96239, 21.413054], [39.96222, 21.413474], [39.962021, 21.413884], [39.961315, 21.414955], [39.948257, 21.433609], [39.948131, 21.433782], [39.948, 21.433951], [39.947863, 21.434116], [39.947721, 21.434277], [39.947575, 21.434433], [39.947424, 21.434585], [39.947268, 21.434733], [39.947108, 21.434875], [39.946944, 21.435013], [39.946776, 21.435145], [39.946604, 21.435273], [39.946428, 21.435395], [39.946248, 21.435512], [39.946065, 21.435623], [39.945879, 21.435728], [39.945689, 21.435828], [39.945497, 21.435923], [39.945301, 21.436011], [39.938471, 21.439012], [39.938217, 21.439127], [39.937965, 21.439248], [39.937716, 21.439375], [39.937471, 21.439508], [39.937228, 21.439647], [39.936989, 21.439791], [39.936753, 21.439941], [39.936521, 21.440096], [39.936293, 21.440257], [39.931437, 21.443766], [39.931228, 21.44392], [39.931023, 21.44408], [39.930823, 21.444245], [39.930628, 21.444416], [39.930437, 21.444592], [39.930251, 21.444773], [39.930069, 21.444959], [39.929893, 21.44515], [39.929722, 21.445345], [39.929557, 21.445545], [39.929396, 21.44575], [39.929242, 21.445958], [39.929093, 21.446171], [39.92895, 21.446387], [39.926777, 21.449364], [39.924537, 21.452583], [39.923269, 21.455195], [39.9231673, 21.455421], [39.922166, 21.457646], [39.921876, 21.458335], [39.918963, 21.45761], [39.918954, 21.457639], [39.91894, 21.457683], [39.918928, 21.457723], [39.918871, 21.457707], [39.917849, 21.457425], [39.917097, 21.457205], [39.916345, 21.456988], [39.916142, 21.45693], [39.915752, 21.458129], [39.913184, 21.457923], [39.91308, 21.457912], [39.912978, 21.457895], [39.912876, 21.457873], [39.912777, 21.457844], [39.912678, 21.45781], [39.912582, 21.457771], [39.912489, 21.457726], [39.910298, 21.456603], [39.910222, 21.456567], [39.910142, 21.456537], [39.910061, 21.456513], [39.909979, 21.456495], [39.909895, 21.456484], [39.904781, 21.455964], [39.8970693, 21.4555125]]]}}, {"type": "Feature", "properties": {"name": "Jarwal", "name_ar": "جرول", "admin_level": "10"}, "geometry": {"type": "Polygon", "coordinates": [[[39.819741, 21.423724], [39.819675, 21.42376], [39.819461, 21.423836], [39.818926, 21.423926], [39.817406, 21.424052], [39.817063, 21.423338], [39.816945, 21.422966], [39.816867, 21.422453], [39.816871, 21.422003], [39.8107597, 21.4216209], [39.8107195, 21.4241078], [39.8106336, 21.4261152], [39.810462, 21.4273037], [39.8101938, 21.4285422], [39.8100221, 21.4293212], [39.8098934, 21.4299404], [39.8098504, 21.4308991], [39.8100002, 21.4321994], [39.810377, 21.432275], [39.811429, 21.432616], [39.81241, 21.433078], [39.814907, 21.434234], [39.815225, 21.434386], [39.817405, 21.435306], [39.818051, 21.435426], [39.818576, 21.435411], [39.819212, 21.435278], [39.819802, 21.435011], [39.820477, 21.434491], [39.82161, 21.433507], [39.8161428, 21.4317909], [39.8165426, 21.4309166], [39.8169047, 21.4302949], [39.8173043, 21.4296982], [39.8177844, 21.4290665], [39.8182189, 21.4285921], [39.8184335, 21.4282226], [39.8185837, 21.4277582], [39.818911, 21.4271539], [39.819246, 21.426697], [39.819646, 21.426019], [39.819921, 21.425373], [39.820153, 21.424655], [39.820107, 21.424322], [39.819741, 21.423724]]]}}, {"type": "Feature", "properties": {"name": "At Taysir", "name_ar": "التيسير", "admin_level": "10"}, "geometry": {"type": "Polygon", "coordinates": [[[39.8107597, 21.4216209], [39.8068161, 21.4214135], [39.806793, 21.423092], [39.806804, 21.423616], [39.806807, 21.424484], [39.806807, 21.424584], [39.806811, 21.425777], [39.806816, 21.42638], [39.806822, 21.427169], [39.806826, 21.427632], [39.806827, 21.427674], [39.806829, 21.427998], [39.806826, 21.428322], [39.806817, 21.428645], [39.806803, 21.428969], [39.806783, 21.429292], [39.806763, 21.429694], [39.806739, 21.430095], [39.806732, 21.430209], [39.806704, 21.430601], [39.806672, 21.430993], [39.806637, 21.431384], [39.806559, 21.4319882], [39.806943, 21.43196], [39.808496, 21.4319479], [39.8092706, 21.4320531], [39.8100002, 21.4321994], [39.8098504, 21.4308991], [39.8098934, 21.4299404], [39.8100221, 21.4293212], [39.8101938, 21.4285422], [39.810462, 21.4273037], [39.8106336, 21.4261152], [39.8107195, 21.4241078], [39.8107597, 21.4216209]]]}}, {"type": "Feature", "properties": {"name": "Kudy", "name_ar": "كدي", "admin_level": "10"}, "geometry": {"type": "Polygon", "coordinates": [[[39.828051, 21.399747], [39.827916, 21.39968], [39.827202, 21.399278], [39.826646, 21.398785], [39.826169, 21.398089], [39.825895, 21.397356], [39.825888, 21.397331], [39.825815, 21.396876], [39.825658, 21.390876], [39.825456, 21.38811], [39.825572, 21.387559], [39.825879, 21.386877], [39.82656, 21.385762], [39.8268506, 21.3854342], [39.831151, 21.384173], [39.831826, 21.384033], [39.832527, 21.383969], [39.833064, 21.383981], [39.833788, 21.38409], [39.834384, 21.384258], [39.835161, 21.384614], [39.835788, 21.385035], [39.83629, 21.38551], [39.83844, 21.387834], [39.839037, 21.388299], [39.839765, 21.388691], [39.840414, 21.38892], [39.840985, 21.389041], [39.845757, 21.389412], [39.846751, 21.389659], [39.847579, 21.390025], [39.848128, 21.390386], [39.848697, 21.39089], [39.851296, 21.393931], [39.851662, 21.394205], [39.852079, 21.394391], [39.852552, 21.394486], [39.850492, 21.395457], [39.850045, 21.395717], [39.849496, 21.396133], [39.851112, 21.396739], [39.850999, 21.397653], [39.850626, 21.399519], [39.850604, 21.400516], [39.85071, 21.401173], [39.851876, 21.406099], [39.852159, 21.407296], [39.850717, 21.407974], [39.850398, 21.408576], [39.850044, 21.409009], [39.846195, 21.412598], [39.843525, 21.41495], [39.8427609, 21.4156554], [39.840767, 21.3984613], [39.8325273, 21.3984838], [39.828051, 21.399747]]]}}, {"type": "Feature", "properties": {"name": "At Taqwa", "name_ar": "التقوى", "admin_level": "10"}, "geometry": {"type": "Polygon", "coordinates": [[[39.80963, 21.394551], [39.810972, 21.393782], [39.812084, 21.39293], [39.813411, 21.391576], [39.814983, 21.389392], [39.815636, 21.388622], [39.816731, 21.387704], [39.817463, 21.387249], [39.818359, 21.386793], [39.820094, 21.386261], [39.821629, 21.386082], [39.823826, 21.386054], [39.825029, 21.385904], [39.825917, 21.38571], [39.826168, 21.385636], [39.8268506, 21.3854342], [39.82656, 21.385762], [39.825879, 21.386877], [39.825572, 21.387559], [39.825456, 21.38811], [39.825658, 21.390876], [39.825815, 21.396876], [39.825888, 21.397331], [39.825895, 21.397356], [39.825562, 21.397385], [39.825107, 21.397562], [39.82032, 21.401157], [39.819876, 21.401393], [39.819232, 21.401657], [39.816973, 21.402487], [39.816198, 21.402919], [39.81578, 21.402431], [39.815167, 21.401627], [39.81482, 21.401254], [39.811961, 21.398575], [39.811732, 21.398432], [39.811442, 21.398332], [39.811153, 21.398327], [39.8108155, 21.3984005], [39.8107731, 21.3981629], [39.8105317, 21.3972789], [39.8101777, 21.39623], [39.8097539, 21.3949164], [39.80963, 21.394551]]]}}, {"type": "Feature", "properties": {"name": "Al Misfalah", "name_ar": "المسفلة", "admin_level": "10"}, "geometry": {"type": "Polygon", "coordinates": [[[39.821009, 21.411314], [39.820951, 21.411197], [39.819098, 21.408813], [39.818781, 21.408165], [39.818033, 21.406045], [39.817665, 21.405189], [39.81738, 21.404694], [39.816333, 21.403183], [39.816198, 21.402919], [39.816973, 21.402487], [39.819232, 21.401657], [39.819876, 21.401393], [39.82032, 21.401157], [39.825107, 21.397562], [39.825562, 21.397385], [39.825895, 21.397356], [39.826169, 21.398089], [39.826646, 21.398785], [39.827202, 21.399278], [39.827916, 21.39968], [39.828051, 21.399747], [39.827409, 21.401132], [39.826264, 21.404295], [39.82604, 21.405119], [39.826204, 21.405628], [39.826575, 21.406217], [39.82663, 21.406505], [39.826514, 21.407659], [39.826395, 21.410111], [39.825954, 21.411312], [39.825955, 21.411357], [39.821009, 21.411314]]]}}, {"type": "Feature", "properties": {"name": "Jarham", "name_ar": "جرهم", "admin_level": "10"}, "geometry": {"type": "Polygon", "coordinates": [[[39.809759, 21.4112989], [39.8098263, 21.4118826], [39.8099309, 21.4124594], [39.8100784, 21.4131061], [39.8102689, 21.4139751], [39.8103842, 21.4146843], [39.8104218, 21.4157755], [39.810462, 21.4169366], [39.8104969, 21.4180827], [39.8105237, 21.4192463], [39.8105505, 21.4203724], [39.8107597, 21.4216209], [39.816871, 21.422003], [39.816867, 21.422453], [39.816945, 21.422966], [39.817063, 21.423338], [39.817406, 21.424052], [39.818926, 21.423926], [39.819461, 21.423836], [39.819675, 21.42376], [39.819741, 21.423724], [39.820164, 21.423395], [39.821065, 21.422347], [39.821228, 21.422211], [39.821689, 21.421974], [39.821755, 21.421944], [39.821843, 21.421804], [39.822199, 21.421104], [39.822504, 21.420242], [39.82268, 21.419082], [39.822835, 21.416319], [39.822684, 21.415314], [39.822445, 21.414537], [39.821009, 21.411314], [39.820951, 21.411197], [39.819098, 21.408813], [39.818781, 21.408165], [39.818033, 21.406045], [39.817665, 21.405189], [39.81738, 21.404694], [39.816333, 21.403183], [39.816198, 21.402919], [39.81578, 21.402431], [39.815167, 21.401627], [39.81482, 21.401254], [39.811961, 21.398575], [39.811732, 21.398432], [39.811442, 21.398332], [39.811153, 21.398327], [39.8108155, 21.3984005], [39.8109019, 21.3988822], [39.810977, 21.3998661], [39.8109609, 21.4007601], [39.8107839, 21.4019838], [39.8104727, 21.4037768], [39.8102152, 21.4055498], [39.8100382, 21.4073128], [39.8098558, 21.4090708], [39.8097432, 21.4101845], [39.809759, 21.4112989]]]}}, {"type": "Feature", "properties": {"name": "Ar Rusayfah", "name_ar": "الرصيفة", "admin_level": "10"}, "geometry": {"type": "Polygon", "coordinates": [[[39.7912606, 21.4205858], [39.79114, 21.421306], [39.79083, 21.423458], [39.790605, 21.424287], [39.790409, 21.424765], [39.788438, 21.424829], [39.787696, 21.424792], [39.786669, 21.424614], [39.785505, 21.424251], [39.784655, 21.423882], [39.783822, 21.42342], [39.780142, 21.420948], [39.779831, 21.420736], [39.782539, 21.40979], [39.782997, 21.407673], [39.783332, 21.405852], [39.783707, 21.40422], [39.783952, 21.40344], [39.784457, 21.402275], [39.784839, 21.401595], [39.785432, 21.400727], [39.785592, 21.400518], [39.7887844, 21.4030776], [39.7892618, 21.402733], [39.7897875, 21.4024183], [39.7902113, 21.4022934], [39.7905976, 21.4022135], [39.7911286, 21.4021936], [39.7917134, 21.4022485], [39.792333, 21.40243], [39.792756, 21.402644], [39.793118, 21.402923], [39.793651, 21.403473], [39.798181, 21.408307], [39.798802, 21.409173], [39.798552, 21.40911], [39.797329, 21.408844], [39.796799, 21.40877], [39.796004, 21.408682], [39.795369, 21.408691], [39.795388, 21.409031], [39.795261, 21.409372], [39.795109, 21.409381], [39.794791, 21.410173], [39.7927, 21.411578], [39.794006, 21.41194], [39.79419, 21.41211], [39.794808, 21.413029], [39.794119, 21.413395], [39.794411, 21.413846], [39.794982, 21.415035], [39.794128, 21.416207], [39.793938, 21.416383], [39.793603, 21.416548], [39.792782, 21.416754], [39.792941, 21.417515], [39.793062, 21.419199], [39.793361, 21.419499], [39.793391, 21.419811], [39.793528, 21.420094], [39.793418, 21.420308], [39.7934326, 21.4207098], [39.7912606, 21.4205858]]]}}, {"type": "Feature", "properties": {"name": "Al Hindawiyah", "name_ar": "الهنداوية", "admin_level": "10"}, "geometry": {"type": "Polygon", "coordinates": [[[39.7934326, 21.4207098], [39.8068161, 21.4214135], [39.8107597, 21.4216209], [39.8105505, 21.4203724], [39.8105237, 21.4192463], [39.8104969, 21.4180827], [39.810462, 21.4169366], [39.8104218, 21.4157755], [39.8103842, 21.4146843], [39.8102689, 21.4139751], [39.8100784, 21.4131061], [39.8099309, 21.4124594], [39.8098263, 21.4118826], [39.809759, 21.4112989], [39.8078476, 21.4112739], [39.806672, 21.4111334], [39.801593, 21.409853], [39.798857, 21.409187], [39.798802, 21.409173], [39.798552, 21.40911], [39.797329, 21.408844], [39.796799, 21.40877], [39.796004, 21.408682], [39.795369, 21.408691], [39.795388, 21.409031], [39.795261, 21.409372], [39.795109, 21.409381], [39.794791, 21.410173], [39.7927, 21.411578], [39.794006, 21.41194], [39.79419, 21.41211], [39.794808, 21.413029], [39.794119, 21.413395], [39.794411, 21.413846], [39.794982, 21.415035], [39.794128, 21.416207], [39.793938, 21.416383], [39.793603, 21.416548], [39.792782, 21.416754], [39.792941, 21.417515], [39.793062, 21.419199], [39.793361, 21.419499], [39.793391, 21.419811], [39.793528, 21.420094], [39.793418, 21.420308], [39.7934326, 21.4207098]]]}}, {"type": "Feature", "properties": {"name": "Jabal An Noor", "name_ar": "جبل النور", "admin_level": "10"}, "geometry": {"type": "Polygon", "coordinates": [[[39.854783, 21.438554], [39.854936, 21.438607], [39.855382, 21.438794], [39.855919, 21.439093], [39.856309, 21.439391], [39.856772, 21.439853], [39.857304, 21.440604], [39.859239, 21.443768], [39.859993, 21.444827], [39.860859, 21.445925], [39.864956, 21.450672], [39.865956, 21.451576], [39.867164, 21.452389], [39.868595, 21.453091], [39.870285, 21.453696], [39.875572, 21.454813], [39.876843, 21.455202], [39.877507, 21.455504], [39.878225, 21.455916], [39.880147, 21.457326], [39.881059, 21.45789], [39.882152, 21.458397], [39.885046, 21.459472], [39.886941, 21.459979], [39.888614, 21.46027], [39.889913, 21.460397], [39.891861, 21.460443], [39.892845, 21.46053], [39.894061, 21.460788], [39.8950529, 21.4611423], [39.893976, 21.463646], [39.892916, 21.466731], [39.890424, 21.475497], [39.890376, 21.475627], [39.889638, 21.475387], [39.888372, 21.474616], [39.886816, 21.473924], [39.887178, 21.473176], [39.886501, 21.472889], [39.886442, 21.473012], [39.885143, 21.472475], [39.885105, 21.472556], [39.884727, 21.472396], [39.885074, 21.471692], [39.883706, 21.471107], [39.88299, 21.472594], [39.882469, 21.471955], [39.881961, 21.4715], [39.881675, 21.471293], [39.87989, 21.470253], [39.880808, 21.468872], [39.880412, 21.468705], [39.879966, 21.468967], [39.879442, 21.469361], [39.878935, 21.468868], [39.879244, 21.468587], [39.879243, 21.468433], [39.878219, 21.468432], [39.876652, 21.467478], [39.874961, 21.466201], [39.873278, 21.465631], [39.87108, 21.465343], [39.868448, 21.464773], [39.865961, 21.464763], [39.866008, 21.46448], [39.866212, 21.464479], [39.866278, 21.464347], [39.866239, 21.46426], [39.866104, 21.464171], [39.866055, 21.463998], [39.865776, 21.463918], [39.865701, 21.463846], [39.865705, 21.463729], [39.86592, 21.463436], [39.865796, 21.462801], [39.864314, 21.46218], [39.863444, 21.463225], [39.862468, 21.462856], [39.862448, 21.462912], [39.862219, 21.462898], [39.862224, 21.462687], [39.862097, 21.462655], [39.862098, 21.462515], [39.861878, 21.462517], [39.861552, 21.462387], [39.861506, 21.462503], [39.860962, 21.462256], [39.861195, 21.4617], [39.861195, 21.46071], [39.86072, 21.460677], [39.860494, 21.460805], [39.860274, 21.461293], [39.859787, 21.462019], [39.859412, 21.461755], [39.858886, 21.46148], [39.858737, 21.461642], [39.857783, 21.461154], [39.857136, 21.460769], [39.857045, 21.460928], [39.855177, 21.460416], [39.85562, 21.459049], [39.855373, 21.458973], [39.855246, 21.458989], [39.854848, 21.458898], [39.854697, 21.458981], [39.854008, 21.461071], [39.853922, 21.460762], [39.853745, 21.460424], [39.85349, 21.460052], [39.853059, 21.459558], [39.853156, 21.459487], [39.85295, 21.458482], [39.852576, 21.457351], [39.852952, 21.45565], [39.852864, 21.455553], [39.852537, 21.455532], [39.852345, 21.455414], [39.851358, 21.453813], [39.851048, 21.453145], [39.850914, 21.452449], [39.850842, 21.451409], [39.850777, 21.451167], [39.850674, 21.451112], [39.850287, 21.451124], [39.850135, 21.451195], [39.849713, 21.452253], [39.849613, 21.452347], [39.849187, 21.452364], [39.848791, 21.452592], [39.848768, 21.452436], [39.848602, 21.452405], [39.848632, 21.452249], [39.848349, 21.452205], [39.847509, 21.45223], [39.847394, 21.452234], [39.847645, 21.451611], [39.848706, 21.449146], [39.850314, 21.446301], [39.852344, 21.442352], [39.853305, 21.440706], [39.854783, 21.438554]]]}}, {"type": "Feature", "properties": {"name": "Al Jummayzah", "name_ar": "الجميزة", "admin_level": "10"}, "geometry": {"type": "Polygon", "coordinates": [[[39.827571, 21.435865], [39.827578, 21.435929], [39.827717, 21.437091], [39.827826, 21.437185], [39.828179, 21.438169], [39.828914, 21.439123], [39.8286313, 21.4395801], [39.8286332, 21.4401356], [39.8293823, 21.440017], [39.829482, 21.440455], [39.829609, 21.440516], [39.829969, 21.440578], [39.830591, 21.440481], [39.831533, 21.440892], [39.831781, 21.440728], [39.832036, 21.44095], [39.83257, 21.44114], [39.832772, 21.441254], [39.834207, 21.442915], [39.834329, 21.443082], [39.834243, 21.443184], [39.834437, 21.443332], [39.834694, 21.443862], [39.835765, 21.443358], [39.835581, 21.442925], [39.835571, 21.442736], [39.83562, 21.442234], [39.835783, 21.441736], [39.83535, 21.441539], [39.83502, 21.441225], [39.834786, 21.440818], [39.834566, 21.440172], [39.834971, 21.439796], [39.835397, 21.439951], [39.835788, 21.439981], [39.83564, 21.439759], [39.835425, 21.439562], [39.835265, 21.439273], [39.835553, 21.439145], [39.83549, 21.438986], [39.835585, 21.438887], [39.835747, 21.438832], [39.836037, 21.438897], [39.836294, 21.439055], [39.836403, 21.439074], [39.83685, 21.43875], [39.837342, 21.438746], [39.83755, 21.438536], [39.837655, 21.438273], [39.837802, 21.438283], [39.837855, 21.437898], [39.838201, 21.437841], [39.83846, 21.437663], [39.838539, 21.437392], [39.838553, 21.436702], [39.838604, 21.436421], [39.839036, 21.435658], [39.839233, 21.435136], [39.839272, 21.434811], [39.838984, 21.434611], [39.838697, 21.434243], [39.838231, 21.433941], [39.837919, 21.433368], [39.837783, 21.43321], [39.837758, 21.433189], [39.836691, 21.432684], [39.836109, 21.432632], [39.835979, 21.432554], [39.835868, 21.432385], [39.835805, 21.432708], [39.835329, 21.433165], [39.835355, 21.433317], [39.835268, 21.433471], [39.835033, 21.43352], [39.834835, 21.433394], [39.834829, 21.433727], [39.834659, 21.43397], [39.834053, 21.434325], [39.833631, 21.434399], [39.833516, 21.43455], [39.833265, 21.434568], [39.833243, 21.434506], [39.832715, 21.434439], [39.832633, 21.434493], [39.832614, 21.434612], [39.83247, 21.434698], [39.831451, 21.435157], [39.831275, 21.435055], [39.830929, 21.43524], [39.830664, 21.435068], [39.830327, 21.434961], [39.830053, 21.434934], [39.829708, 21.434972], [39.828232, 21.435544], [39.828013, 21.435644], [39.827761, 21.435765], [39.827571, 21.435865]]]}}, {"type": "Feature", "properties": {"name": "Al Khansa", "name_ar": "الخنساء", "admin_level": "10"}, "geometry": {"type": "Polygon", "coordinates": [[[39.838596, 21.441194], [39.8419043, 21.4448897], [39.841764, 21.451127], [39.841592, 21.451218], [39.841524, 21.451403], [39.84141, 21.451528], [39.841532, 21.451782], [39.841066, 21.451967], [39.841467, 21.452687], [39.841602, 21.453138], [39.841574, 21.45331], [39.841475, 21.453448], [39.841524, 21.453671], [39.8421, 21.455022], [39.8412859, 21.4565535], [39.841361, 21.4567083], [39.8410982, 21.4585356], [39.8411411, 21.4595391], [39.8412745, 21.4610307], [39.8419994, 21.4606774], [39.8424661, 21.4603529], [39.8430026, 21.4598836], [39.843655, 21.459168], [39.84386, 21.458783], [39.844071, 21.458402], [39.844288, 21.458024], [39.84451, 21.45765], [39.844738, 21.457278], [39.844971, 21.45691], [39.845209, 21.456546], [39.845392, 21.456285], [39.845569, 21.456021], [39.845741, 21.455753], [39.845908, 21.455482], [39.846069, 21.455208], [39.846226, 21.454931], [39.846377, 21.454652], [39.846523, 21.454369], [39.846684, 21.45402], [39.846838, 21.453668], [39.846987, 21.453313], [39.847129, 21.452955], [39.847265, 21.452596], [39.847394, 21.452234], [39.847645, 21.451611], [39.848706, 21.449146], [39.850314, 21.446301], [39.852344, 21.442352], [39.853305, 21.440706], [39.854783, 21.438554], [39.854757, 21.438545], [39.854605, 21.438502], [39.854452, 21.438463], [39.854297, 21.438429], [39.854142, 21.438401], [39.853986, 21.438377], [39.853829, 21.438359], [39.853683, 21.438349], [39.853536, 21.438343], [39.853389, 21.438341], [39.853379, 21.438341], [39.853229, 21.438345], [39.853047, 21.438354], [39.852865, 21.438371], [39.852684, 21.438394], [39.852505, 21.438423], [39.852326, 21.43846], [39.852156, 21.438495], [39.851321, 21.43867], [39.850522, 21.438848], [39.849722, 21.439023], [39.848677, 21.439255], [39.847631, 21.439485], [39.847211, 21.439572], [39.84679, 21.439654], [39.846369, 21.439732], [39.845946, 21.439805], [39.845278, 21.439927], [39.845131, 21.439944], [39.845027, 21.439955], [39.844439, 21.440067], [39.844412, 21.440072], [39.844182, 21.440116], [39.844145, 21.440123], [39.843354, 21.440262], [39.842903, 21.44032], [39.842451, 21.440372], [39.842187, 21.440393], [39.841923, 21.440411], [39.841624, 21.440427], [39.841326, 21.440438], [39.841027, 21.440444], [39.840728, 21.440445], [39.840621, 21.440446], [39.840528, 21.440448], [39.84048, 21.440448], [39.839429, 21.440463], [39.83938, 21.440467], [39.839331, 21.440475], [39.839284, 21.440488], [39.839238, 21.440506], [39.839194, 21.440529], [39.838951, 21.4408], [39.838707, 21.441069], [39.838675, 21.441107], [39.838659, 21.441125], [39.838596, 21.441194]]]}}, {"type": "Feature", "properties": {"name": "Al Maeabiduh", "name_ar": "المعابدة", "admin_level": "10"}, "geometry": {"type": "Polygon", "coordinates": [[[39.860781, 21.431698], [39.860683, 21.43182], [39.860604, 21.431913], [39.860523, 21.432003], [39.860319, 21.432224], [39.859461, 21.433161], [39.858607, 21.434102], [39.858487, 21.434235], [39.858281, 21.434464], [39.858213, 21.434537], [39.858031, 21.434737], [39.857166, 21.435688], [39.856305, 21.436642], [39.856094, 21.43689], [39.85599, 21.437014], [39.855622, 21.437458], [39.855259, 21.437907], [39.854901, 21.43836], [39.854869, 21.438401], [39.854812, 21.438474], [39.854802, 21.438486], [39.854794, 21.438497], [39.854757, 21.438545], [39.854605, 21.438502], [39.854452, 21.438463], [39.854297, 21.438429], [39.854142, 21.438401], [39.853986, 21.438377], [39.853829, 21.438359], [39.853683, 21.438349], [39.853536, 21.438343], [39.853389, 21.438341], [39.853379, 21.438341], [39.853229, 21.438345], [39.853047, 21.438354], [39.852865, 21.438371], [39.852684, 21.438394], [39.852505, 21.438423], [39.852326, 21.43846], [39.852156, 21.438495], [39.851321, 21.43867], [39.850522, 21.438848], [39.849722, 21.439023], [39.848677, 21.439255], [39.847631, 21.439485], [39.847211, 21.439572], [39.84679, 21.439654], [39.846369, 21.439732], [39.845946, 21.439805], [39.845278, 21.439927], [39.845131, 21.439944], [39.845027, 21.439955], [39.844439, 21.440067], [39.844412, 21.440072], [39.844182, 21.440116], [39.844145, 21.440123], [39.843354, 21.440262], [39.842903, 21.44032], [39.842451, 21.440372], [39.842187, 21.440393], [39.841923, 21.440411], [39.841624, 21.440427], [39.841326, 21.440438], [39.841027, 21.440444], [39.840728, 21.440445], [39.840621, 21.440446], [39.840528, 21.440448], [39.84048, 21.440448], [39.839429, 21.440463], [39.83938, 21.440467], [39.839331, 21.440475], [39.839284, 21.440488], [39.839238, 21.440506], [39.839194, 21.440529], [39.838951, 21.4408], [39.838707, 21.441069], [39.838675, 21.441107], [39.838659, 21.441125], [39.838596, 21.441194], [39.83839, 21.441376], [39.838041, 21.441537], [39.836224, 21.441789], [39.835789, 21.441738], [39.835783, 21.441736], [39.83535, 21.441539], [39.83502, 21.441225], [39.834786, 21.440818], [39.834566, 21.440172], [39.834971, 21.439796], [39.835397, 21.439951], [39.835788, 21.439981], [39.83564, 21.439759], [39.835425, 21.439562], [39.835265, 21.439273], [39.835553, 21.439145], [39.83549, 21.438986], [39.835585, 21.438887], [39.835747, 21.438832], [39.836037, 21.438897], [39.836294, 21.439055], [39.836403, 21.439074], [39.83685, 21.43875], [39.837342, 21.438746], [39.83755, 21.438536], [39.837655, 21.438273], [39.837802, 21.438283], [39.837855, 21.437898], [39.838201, 21.437841], [39.83846, 21.437663], [39.838539, 21.437392], [39.838553, 21.436702], [39.838604, 21.436421], [39.839036, 21.435658], [39.839233, 21.435136], [39.839272, 21.434811], [39.838984, 21.434611], [39.838697, 21.434243], [39.838231, 21.433941], [39.837919, 21.433368], [39.837783, 21.43321], [39.837758, 21.433189], [39.837762, 21.433141], [39.837944, 21.432599], [39.838034, 21.432502], [39.838243, 21.432411], [39.837931, 21.431567], [39.838103, 21.431457], [39.838051, 21.431417], [39.838021, 21.430828], [39.838053, 21.430406], [39.838281, 21.430252], [39.838309, 21.429576], [39.838602, 21.429555], [39.838742, 21.429725], [39.839805, 21.429827], [39.839941, 21.42938], [39.840299, 21.429382], [39.840992, 21.429742], [39.841117, 21.429765], [39.841395, 21.429698], [39.841706, 21.429735], [39.841912, 21.429913], [39.844547, 21.430254], [39.846079, 21.430611], [39.847226, 21.431036], [39.848916, 21.431812], [39.849644, 21.432033], [39.854102, 21.432643], [39.8558, 21.43272], [39.85728, 21.432628], [39.859058, 21.432268], [39.859878, 21.432026], [39.860781, 21.431698]]]}}, {"type": "Feature", "properties": {"name": "Ar Rawdah", "name_ar": "الروضة", "admin_level": "10"}, "geometry": {"type": "Polygon", "coordinates": [[[39.861956, 21.428918], [39.86002, 21.426393], [39.859848, 21.426031], [39.858085, 21.426878], [39.857145, 21.427406], [39.856836, 21.427321], [39.856482, 21.427319], [39.856454, 21.427204], [39.856723, 21.426734], [39.85689, 21.426255], [39.856916, 21.425849], [39.856832, 21.42525], [39.856249, 21.425449], [39.856164, 21.425358], [39.855937, 21.425544], [39.855364, 21.424993], [39.855041, 21.424823], [39.854422, 21.424585], [39.853655, 21.424052], [39.853411, 21.423956], [39.850986, 21.423826], [39.848667, 21.424286], [39.845513, 21.424222], [39.844047, 21.423932], [39.843749, 21.423764], [39.842962, 21.423014], [39.842224, 21.4217773], [39.837106, 21.422637], [39.83711, 21.42265], [39.83711, 21.422756], [39.837048, 21.422857], [39.836745, 21.422982], [39.836645, 21.423079], [39.8364, 21.423793], [39.836265, 21.424103], [39.836124, 21.42441], [39.835978, 21.424714], [39.835825, 21.425016], [39.835667, 21.425314], [39.835503, 21.42561], [39.835333, 21.425902], [39.835157, 21.426191], [39.833989, 21.428189], [39.833395, 21.428945], [39.836534, 21.429239], [39.836518, 21.429333], [39.836888, 21.429588], [39.837022, 21.429408], [39.837242, 21.429418], [39.837593, 21.429356], [39.83775, 21.429419], [39.838017, 21.429316], [39.838292, 21.429318], [39.838309, 21.429576], [39.838602, 21.429555], [39.838742, 21.429725], [39.839805, 21.429827], [39.839941, 21.42938], [39.840299, 21.429382], [39.840992, 21.429742], [39.841117, 21.429765], [39.841395, 21.429698], [39.841706, 21.429735], [39.841912, 21.429913], [39.844547, 21.430254], [39.846079, 21.430611], [39.847226, 21.431036], [39.848916, 21.431812], [39.849644, 21.432033], [39.854102, 21.432643], [39.8558, 21.43272], [39.85728, 21.432628], [39.859058, 21.432268], [39.859878, 21.432026], [39.860781, 21.431698], [39.8611879, 21.4310639], [39.8615152, 21.4303348], [39.861956, 21.428918]]]}}, {"type": "Feature", "properties": {"name": "Al Adel", "name_ar": "العدل", "admin_level": "10"}, "geometry": {"type": "Polygon", "coordinates": [[[39.864511, 21.429597], [39.863995, 21.429921], [39.863475, 21.430239], [39.862951, 21.430552], [39.862424, 21.430859], [39.861894, 21.43116], [39.861361, 21.431456], [39.861082, 21.431576], [39.860781, 21.431698], [39.860683, 21.43182], [39.860604, 21.431913], [39.860523, 21.432003], [39.860319, 21.432224], [39.859461, 21.433161], [39.858607, 21.434102], [39.858487, 21.434235], [39.858281, 21.434464], [39.858213, 21.434537], [39.858031, 21.434737], [39.857166, 21.435688], [39.856305, 21.436642], [39.856094, 21.43689], [39.85599, 21.437014], [39.855622, 21.437458], [39.855259, 21.437907], [39.854901, 21.43836], [39.854869, 21.438401], [39.854812, 21.438474], [39.854802, 21.438486], [39.854794, 21.438497], [39.854757, 21.438545], [39.854783, 21.438554], [39.854936, 21.438607], [39.855382, 21.438794], [39.855919, 21.439093], [39.856309, 21.439391], [39.856772, 21.439853], [39.857304, 21.440604], [39.859239, 21.443768], [39.859993, 21.444827], [39.860859, 21.445925], [39.864956, 21.450672], [39.865956, 21.451576], [39.867164, 21.452389], [39.868595, 21.453091], [39.870285, 21.453696], [39.875572, 21.454813], [39.876843, 21.455202], [39.877507, 21.455504], [39.878225, 21.455916], [39.880147, 21.457326], [39.881059, 21.45789], [39.882152, 21.458397], [39.885046, 21.459472], [39.886941, 21.459979], [39.888614, 21.46027], [39.889913, 21.460397], [39.891861, 21.460443], [39.892845, 21.46053], [39.894061, 21.460788], [39.8950529, 21.4611423], [39.8970693, 21.4555125], [39.8953807, 21.4550857], [39.895513, 21.451804], [39.866816, 21.43196], [39.86662, 21.431822], [39.866428, 21.431678], [39.866241, 21.431528], [39.866058, 21.431373], [39.86588, 21.431212], [39.865707, 21.431046], [39.865538, 21.430875], [39.865375, 21.430699], [39.865218, 21.430518], [39.865065, 21.430333], [39.864919, 21.430143], [39.864511, 21.429597]]]}}]}